,SERVICE_NUMBER,ROUTE,DEPARTURE,ARRIVAL,CAPTURE,DAY_X,STATUS,CABIN,CAPACITY,LID,CURRENT_BUCKET,CURRENT_BUCKET_PRICE,BOOKINGS,REVENUE_INCL_TAX,REVENUE_EXCL_TAX,MAXLEG_LF,MAXLEG_BOOKINGS,OPTIM_STATUS
9457,AW4671,BUD - CDG,2024-11-24 10:35:00,2024-11-24 15:40:00,2024-11-25,0,OPEN,2,186,188,L,75.0,155,10393.64,8871.54,0.82,155,DEACTIVATED
15578,AW7643,OSL - CDG,2024-11-24 12:55:00,2024-11-24 16:30:00,2024-11-25,0,OPEN,2,189,193,S,304.0,190,20031.0,15760.09,0.98,190,ACTIVATED
13971,AW7647,OSL - CDG,2024-11-24 13:55:00,2024-11-24 17:30:00,2024-11-25,0,OPEN,2,189,193,F,234.0,188,20181.22,15938.34,0.97,188,ACTIVATED
2778,AW7645,OSL - CDG,2024-11-24 15:40:00,2024-11-24 19:15:00,2024-11-25,0,CANCELLED,2,189,189,,,0,0.0,0.0,0.0,0,UNAVAILABLE
15579,AW7649,OSL - CDG,2024-11-24 18:40:00,2024-11-24 22:15:00,2024-11-25,0,OPEN,2,186,193,F,234.0,190,22897.7,18603.75,0.98,190,ACTIVATED
2781,AW4630,CDG - VIE,2024-11-25 06:15:00,2024-11-25 08:25:00,2024-11-25,0,CANCELLED,2,186,186,,,0,0.0,0.0,0.0,0,UNAVAILABLE
8768,AW3280,CDG - TLL,2024-11-25 06:20:00,2024-11-25 12:00:00,2024-11-25,0,OPEN,2,189,190,X,123.0,140,13734.51,5506.71,0.74,140,DEACTIVATED
2779,AW7640,CDG - OSL,2024-11-25 07:25:00,2024-11-25 09:05:00,2024-11-25,0,CANCELLED,2,186,186,,,0,0.0,0.0,0.0,0,UNAVAILABLE
2782,AW4631,VIE - CDG,2024-11-25 09:10:00,2024-11-25 11:20:00,2024-11-25,0,CANCELLED,2,186,186,,,0,0.0,0.0,0.0,0,UNAVAILABLE
0,AW7641,OSL - CDG,2024-11-25 09:45:00,2024-11-25 13:20:00,2024-11-25,-1,CANCELLED,2,186,186,,,0,0.0,0.0,0.0,0,UNAVAILABLE
16655,AW4634,CDG - VIE,2024-11-25 10:25:00,2024-11-25 12:35:00,2024-11-25,0,OPEN,2,189,192,F,206.0,192,15138.0,8919.12,1.0,192,ACTIVATED
15580,AW7644,CDG - OSL,2024-11-25 11:35:00,2024-11-25 13:15:00,2024-11-25,0,OPEN,2,189,193,H,138.0,190,13719.0,7564.9,0.98,190,ACTIVATED
2780,AW7646,CDG - OSL,2024-11-25 12:40:00,2024-11-25 14:20:00,2024-11-25,0,CANCELLED,2,189,189,,,0,0.0,0.0,0.0,0,UNAVAILABLE
11952,AW3281,TLL - CDG,2024-11-25 12:55:00,2024-11-25 14:55:00,2024-11-25,0,OPEN,2,189,184,M,240.0,181,17819.0,13656.0,0.98,181,DEACTIVATED
10148,AW3288,CDG - TLL,2024-11-25 13:10:00,2024-11-25 18:50:00,2024-11-25,0,OPEN,2,186,190,X,123.0,166,16624.79,6868.97,0.87,166,DEACTIVATED
16104,AW4635,VIE - CDG,2024-11-25 13:20:00,2024-11-25 15:30:00,2024-11-25,0,OPEN,2,189,191,Q,128.0,191,13847.6,10256.8,1.0,191,ACTIVATED
16103,AW7645,OSL - CDG,2024-11-25 13:55:00,2024-11-25 17:30:00,2024-11-25,-1,OPEN,2,189,192,Y,393.0,191,20251.0,15932.49,0.99,191,ACTIVATED
16656,AW4636,CDG - VIE,2024-11-25 14:45:00,2024-11-25 16:55:00,2024-11-25,0,OPEN,2,189,192,I,185.0,192,14857.65,8638.77,1.0,192,ACTIVATED
1,AW7647,OSL - CDG,2024-11-25 15:00:00,2024-11-25 18:35:00,2024-11-25,-1,CANCELLED,2,189,189,,,0,0.0,0.0,0.0,0,UNAVAILABLE
10668,AW7650,CDG - OSL,2024-11-25 15:35:00,2024-11-25 17:15:00,2024-11-25,0,OPEN,2,186,193,I,171.0,172,10464.0,4892.92,0.89,172,ACTIVATED
16654,AW7648,CDG - OSL,2024-11-25 16:20:00,2024-11-25 18:00:00,2024-11-25,0,OPEN,2,189,192,K,96.0,192,13222.0,7003.12,1.0,192,ACTIVATED
12369,AW4638,CDG - VIE,2024-11-25 17:25:00,2024-11-25 19:35:00,2024-11-25,0,OPEN,2,189,188,D,248.0,183,16584.78,10657.41,0.97,183,ACTIVATED
16105,AW4637,VIE - CDG,2024-11-25 17:40:00,2024-11-25 19:50:00,2024-11-25,0,OPEN,2,189,191,Q,128.0,191,13603.4,10012.6,1.0,191,ACTIVATED
16653,AW7651,OSL - CDG,2024-11-25 17:55:00,2024-11-25 21:30:00,2024-11-25,-1,OPEN,2,186,192,M,188.0,192,16213.0,11871.88,1.0,192,ACTIVATED
12900,AW7649,OSL - CDG,2024-11-25 18:40:00,2024-11-25 22:15:00,2024-11-25,-1,OPEN,2,189,193,F,234.0,185,14002.61,9819.76,0.96,185,ACTIVATED
12142,AW3289,TLL - CDG,2024-11-25 19:45:00,2024-11-25 21:45:00,2024-11-25,0,OPEN,2,186,191,Q,197.0,182,19330.0,15144.0,0.95,182,DEACTIVATED
12370,AW4639,VIE - CDG,2024-11-25 20:20:00,2024-11-25 22:30:00,2024-11-25,0,OPEN,2,189,188,M,159.0,183,11725.8,8285.4,0.97,183,ACTIVATED
2,AW3280,CDG - TLL,2024-11-26 07:15:00,2024-11-26 12:55:00,2024-11-25,-1,CANCELLED,2,186,186,,,0,0.0,0.0,0.0,0,UNAVAILABLE
15576,AW7640,CDG - OSL,2024-11-26 07:25:00,2024-11-26 09:05:00,2024-11-25,-1,OPEN,2,186,189,Q,123.0,190,9935.78,3781.68,1.01,190,ACTIVATED
11951,AW7641,OSL - CDG,2024-11-26 09:45:00,2024-11-26 13:20:00,2024-11-25,-2,OPEN,2,186,187,B,256.0,181,11505.22,7412.81,0.97,181,ACTIVATED
12902,AW7644,CDG - OSL,2024-11-26 11:35:00,2024-11-26 13:15:00,2024-11-25,-1,OPEN,2,189,190,L,84.0,185,9687.17,3695.02,0.97,185,ACTIVATED
5,AW4634,CDG - VIE,2024-11-26 11:55:00,2024-11-26 14:05:00,2024-11-25,-1,CANCELLED,2,189,189,,,0,0.0,0.0,0.0,0,UNAVAILABLE
4,AW7646,CDG - OSL,2024-11-26 13:00:00,2024-11-26 14:40:00,2024-11-25,-1,CANCELLED,2,189,189,,,0,0.0,0.0,0.0,0,UNAVAILABLE
11433,AW7645,OSL - CDG,2024-11-26 13:55:00,2024-11-26 17:30:00,2024-11-25,-2,OPEN,2,189,187,M,188.0,178,12431.0,8406.42,0.95,178,ACTIVATED
3,AW3281,TLL - CDG,2024-11-26 13:55:00,2024-11-26 15:55:00,2024-11-25,-1,CANCELLED,2,186,186,,,0,0.0,0.0,0.0,0,UNAVAILABLE
8724,AW3288,CDG - TLL,2024-11-26 14:05:00,2024-11-26 19:45:00,2024-11-25,-1,OPEN,2,189,192,R,108.0,139,13375.32,5206.29,0.72,139,SCHEDULED
6,AW4635,VIE - CDG,2024-11-26 14:50:00,2024-11-26 17:00:00,2024-11-25,-1,CANCELLED,2,189,189,,,0,0.0,0.0,0.0,0,UNAVAILABLE
992,AW7647,OSL - CDG,2024-11-26 15:20:00,2024-11-26 18:55:00,2024-11-25,-2,CANCELLED,2,189,189,,,0,0.0,0.0,0.0,0,UNAVAILABLE
12140,AW7648,CDG - OSL,2024-11-26 16:20:00,2024-11-26 18:00:00,2024-11-25,-1,OPEN,2,186,190,V,109.0,182,10428.17,4533.19,0.96,182,ACTIVATED
15577,AW4636,CDG - VIE,2024-11-26 17:25:00,2024-11-26 19:35:00,2024-11-25,-1,OPEN,2,189,192,M,166.0,190,13024.39,6870.29,0.99,190,ACTIVATED
10772,AW7649,OSL - CDG,2024-11-26 18:40:00,2024-11-26 22:15:00,2024-11-25,-2,OPEN,2,186,187,B,256.0,173,10175.0,6263.47,0.93,173,ACTIVATED
14508,AW4637,VIE - CDG,2024-11-26 20:20:00,2024-11-26 22:30:00,2024-11-25,-1,OPEN,2,189,193,K,99.0,189,10357.8,6804.6,0.98,189,ACTIVATED
12901,AW3289,TLL - CDG,2024-11-26 20:40:00,2024-11-26 22:40:00,2024-11-25,-1,OPEN,2,189,190,H,217.0,185,21356.0,17101.0,0.97,185,SCHEDULED
7816,AW4634,CDG - VIE,2024-11-27 07:00:00,2024-11-27 09:05:00,2024-11-25,-2,OPEN,2,186,191,G,52.0,110,6141.39,2578.49,0.58,110,ACTIVATED
9283,AW3280,CDG - TLL,2024-11-27 07:20:00,2024-11-27 13:00:00,2024-11-25,-2,OPEN,2,186,192,T,95.0,152,14364.67,5431.63,0.79,152,SCHEDULED
993,AW7640,CDG - OSL,2024-11-27 07:25:00,2024-11-27 09:05:00,2024-11-25,-2,CANCELLED,2,186,186,,,0,0.0,0.0,0.0,0,UNAVAILABLE
995,AW4630,CDG - VIE,2024-11-27 08:15:00,2024-11-27 10:25:00,2024-11-25,-2,CANCELLED,2,189,189,,,0,0.0,0.0,0.0,0,UNAVAILABLE
2557,AW7641,OSL - CDG,2024-11-27 09:45:00,2024-11-27 13:20:00,2024-11-25,-3,CANCELLED,2,186,186,,,0,0.0,0.0,0.0,0,UNAVAILABLE
12903,AW4635,VIE - CDG,2024-11-27 09:50:00,2024-11-27 12:00:00,2024-11-25,-2,OPEN,2,186,192,V,113.0,185,10593.0,7115.0,0.96,185,ACTIVATED
996,AW4631,VIE - CDG,2024-11-27 11:10:00,2024-11-27 13:20:00,2024-11-25,-2,CANCELLED,2,189,189,,,0,0.0,0.0,0.0,0,UNAVAILABLE
11575,AW7644,CDG - OSL,2024-11-27 11:30:00,2024-11-27 13:10:00,2024-11-25,-2,OPEN,2,186,189,V,109.0,179,10309.78,4511.97,0.95,179,ACTIVATED
8274,AW3288,CDG - TLL,2024-11-27 12:30:00,2024-11-27 18:10:00,2024-11-25,-2,OPEN,2,186,192,T,95.0,126,11563.57,4158.55,0.66,126,SCHEDULED
994,AW7646,CDG - OSL,2024-11-27 12:50:00,2024-11-27 14:30:00,2024-11-25,-2,CANCELLED,2,186,186,,,0,0.0,0.0,0.0,0,UNAVAILABLE
11434,AW7645,OSL - CDG,2024-11-27 13:50:00,2024-11-27 17:25:00,2024-11-25,-3,OPEN,2,186,189,B,256.0,178,11334.0,7309.42,0.94,178,ACTIVATED
11949,AW3281,TLL - CDG,2024-11-27 13:55:00,2024-11-27 15:55:00,2024-11-25,-2,OPEN,2,186,190,V,176.0,181,16336.0,12173.0,0.95,181,SCHEDULED
11950,AW4638,CDG - VIE,2024-11-27 13:55:00,2024-11-27 16:05:00,2024-11-25,-2,OPEN,2,189,192,H,149.0,181,12490.39,6627.8,0.94,181,ACTIVATED
2558,AW7647,OSL - CDG,2024-11-27 15:10:00,2024-11-27 18:45:00,2024-11-25,-3,CANCELLED,2,186,186,,,0,0.0,0.0,0.0,0,UNAVAILABLE
12610,AW7648,CDG - OSL,2024-11-27 16:20:00,2024-11-27 18:00:00,2024-11-25,-2,OPEN,2,189,189,V,109.0,184,10120.0,4160.24,0.97,184,ACTIVATED
12611,AW4639,VIE - CDG,2024-11-27 16:50:00,2024-11-27 19:00:00,2024-11-25,-2,OPEN,2,189,192,M,159.0,184,11660.8,8201.6,0.96,184,ACTIVATED
10558,AW7649,OSL - CDG,2024-11-27 18:40:00,2024-11-27 22:15:00,2024-11-25,-3,OPEN,2,189,188,Q,150.0,171,10698.0,6831.69,0.91,171,ACTIVATED
9693,AW3289,TLL - CDG,2024-11-27 19:05:00,2024-11-27 21:05:00,2024-11-25,-2,OPEN,2,186,190,V,176.0,159,15964.0,12307.0,0.84,159,SCHEDULED
2562,AW4630,CDG - VIE,2024-11-28 06:05:00,2024-11-28 08:15:00,2024-11-25,-3,CANCELLED,2,186,189,,,0,0.0,0.0,0.0,0,UNAVAILABLE
2559,AW3280,CDG - TLL,2024-11-28 07:00:00,2024-11-28 12:40:00,2024-11-25,-3,CANCELLED,2,189,189,,,0,0.0,0.0,0.0,0,UNAVAILABLE
10001,AW7640,CDG - OSL,2024-11-28 07:25:00,2024-11-28 09:05:00,2024-11-25,-3,OPEN,2,186,188,L,84.0,164,9046.78,3734.82,0.87,164,ACTIVATED
2563,AW4631,VIE - CDG,2024-11-28 09:00:00,2024-11-28 11:10:00,2024-11-25,-3,CANCELLED,2,186,189,,,0,0.0,0.0,0.0,0,UNAVAILABLE
10773,AW7641,OSL - CDG,2024-11-28 09:45:00,2024-11-28 13:20:00,2024-11-25,-4,OPEN,2,186,190,H,169.0,173,12619.0,8707.47,0.91,173,ACTIVATED
12904,AW4634,CDG - VIE,2024-11-28 11:55:00,2024-11-28 14:05:00,2024-11-25,-3,OPEN,2,189,194,Q,133.0,185,14385.82,8393.67,0.95,185,ACTIVATED
10988,AW7646,CDG - OSL,2024-11-28 12:20:00,2024-11-28 14:00:00,2024-11-25,-3,OPEN,2,189,191,H,138.0,175,10080.39,4412.14,0.92,175,ACTIVATED
2560,AW3281,TLL - CDG,2024-11-28 13:35:00,2024-11-28 15:35:00,2024-11-25,-3,CANCELLED,2,189,189,,,0,0.0,0.0,0.0,0,UNAVAILABLE
8731,AW3288,CDG - TLL,2024-11-28 14:10:00,2024-11-28 19:50:00,2024-11-25,-3,OPEN,2,186,190,R,108.0,139,13022.08,4853.05,0.73,139,SCHEDULED
10664,AW7647,OSL - CDG,2024-11-28 14:35:00,2024-11-28 18:10:00,2024-11-25,-4,OPEN,2,189,192,H,169.0,172,11866.0,7977.08,0.9,172,ACTIVATED
12612,AW4635,VIE - CDG,2024-11-28 14:50:00,2024-11-28 17:00:00,2024-11-25,-3,OPEN,2,189,192,H,143.0,184,12767.6,9308.4,0.96,184,ACTIVATED
2561,AW7656,CDG - OSL,2024-11-28 15:30:00,2024-11-28 17:10:00,2024-11-25,-3,CANCELLED,2,186,186,,,0,0.0,0.0,0.0,0,UNAVAILABLE
10071,AW7648,CDG - OSL,2024-11-28 16:25:00,2024-11-28 18:05:00,2024-11-25,-3,OPEN,2,189,188,L,84.0,165,9804.56,4460.21,0.88,165,ACTIVATED
11435,AW4638,CDG - VIE,2024-11-28 17:05:00,2024-11-28 19:15:00,2024-11-25,-3,OPEN,2,189,191,V,118.0,178,12929.52,7164.1,0.93,178,ACTIVATED
2568,AW7657,OSL - CDG,2024-11-28 17:50:00,2024-11-28 21:25:00,2024-11-25,-4,CANCELLED,2,186,186,,,0,0.0,0.0,0.0,0,UNAVAILABLE
10989,AW7649,OSL - CDG,2024-11-28 18:40:00,2024-11-28 22:15:00,2024-11-25,-4,OPEN,2,189,189,V,132.0,175,10481.0,6524.25,0.93,175,ACTIVATED
11576,AW4639,VIE - CDG,2024-11-28 20:00:00,2024-11-28 22:10:00,2024-11-25,-3,OPEN,2,189,189,S,258.0,179,12373.8,9008.6,0.95,179,ACTIVATED
12141,AW3289,TLL - CDG,2024-11-28 20:45:00,2024-11-28 22:45:00,2024-11-25,-3,OPEN,2,186,191,Q,197.0,182,18502.0,14316.0,0.95,182,SCHEDULED
11734,AW4630,CDG - VIE,2024-11-29 06:05:00,2024-11-29 08:15:00,2024-11-25,-4,OPEN,2,189,195,K,103.0,180,13131.17,7300.97,0.92,180,ACTIVATED
8500,AW3280,CDG - TLL,2024-11-29 07:05:00,2024-11-29 12:45:00,2024-11-25,-4,OPEN,2,186,191,R,108.0,133,13111.08,5294.67,0.7,133,SCHEDULED
2569,AW7640,CDG - OSL,2024-11-29 07:20:00,2024-11-29 09:00:00,2024-11-25,-4,CANCELLED,2,186,189,,,0,0.0,0.0,0.0,0,UNAVAILABLE
11735,AW4631,VIE - CDG,2024-11-29 09:00:00,2024-11-29 11:10:00,2024-11-25,-4,OPEN,2,189,191,J,284.0,180,14636.6,11252.6,0.94,180,ACTIVATED
2603,AW7641,OSL - CDG,2024-11-29 09:40:00,2024-11-29 13:15:00,2024-11-25,-5,CANCELLED,2,186,189,,,0,0.0,0.0,0.0,0,UNAVAILABLE
2571,AW4634,CDG - VIE,2024-11-29 11:20:00,2024-11-29 13:30:00,2024-11-25,-4,CANCELLED,2,189,189,,,0,0.0,0.0,0.0,0,UNAVAILABLE
10559,AW7644,CDG - OSL,2024-11-29 11:30:00,2024-11-29 13:10:00,2024-11-25,-4,OPEN,2,186,190,K,96.0,171,12021.39,6482.7,0.9,171,ACTIVATED
7993,AW3288,CDG - TLL,2024-11-29 12:20:00,2024-11-29 18:00:00,2024-11-25,-4,OPEN,2,189,194,T,95.0,117,11320.53,4444.44,0.6,117,SCHEDULED
10465,AW7650,CDG - OSL,2024-11-29 13:15:00,2024-11-29 14:55:00,2024-11-25,-4,OPEN,2,189,193,K,96.0,170,10996.78,5490.48,0.88,170,ACTIVATED
9288,AW3281,TLL - CDG,2024-11-29 13:40:00,2024-11-29 15:40:00,2024-11-25,-4,OPEN,2,186,189,K,157.0,152,15345.0,11849.0,0.8,152,SCHEDULED
10146,AW7645,OSL - CDG,2024-11-29 13:50:00,2024-11-29 17:25:00,2024-11-25,-5,OPEN,2,186,188,K,115.0,166,11492.0,7738.74,0.88,166,ACTIVATED
2572,AW4635,VIE - CDG,2024-11-29 14:15:00,2024-11-29 16:25:00,2024-11-25,-4,CANCELLED,2,189,189,,,0,0.0,0.0,0.0,0,UNAVAILABLE
2573,AW4636,CDG - VIE,2024-11-29 14:45:00,2024-11-29 16:55:00,2024-11-25,-4,CANCELLED,2,189,189,,,0,0.0,0.0,0.0,0,UNAVAILABLE
11125,AW7651,OSL - CDG,2024-11-29 15:35:00,2024-11-29 19:10:00,2024-11-25,-5,OPEN,2,189,191,M,188.0,176,10957.0,6977.64,0.92,176,ACTIVATED
10297,AW7646,CDG - OSL,2024-11-29 16:10:00,2024-11-29 17:50:00,2024-11-25,-4,OPEN,2,189,194,H,138.0,168,11886.39,6444.87,0.87,168,ACTIVATED
2570,AW7648,CDG - OSL,2024-11-29 16:20:00,2024-11-29 18:00:00,2024-11-25,-4,CANCELLED,2,189,189,,,0,0.0,0.0,0.0,0,UNAVAILABLE
2574,AW4637,VIE - CDG,2024-11-29 17:40:00,2024-11-29 19:50:00,2024-11-25,-4,CANCELLED,2,189,189,,,0,0.0,0.0,0.0,0,UNAVAILABLE
11577,AW4638,CDG - VIE,2024-11-29 17:45:00,2024-11-29 19:55:00,2024-11-25,-4,OPEN,2,186,192,M,166.0,179,15401.43,9603.62,0.93,179,ACTIVATED
10466,AW7647,OSL - CDG,2024-11-29 18:30:00,2024-11-29 22:05:00,2024-11-25,-5,OPEN,2,189,191,V,132.0,170,10314.61,6470.91,0.89,170,ACTIVATED
2604,AW7649,OSL - CDG,2024-11-29 18:40:00,2024-11-29 22:15:00,2024-11-25,-5,CANCELLED,2,189,189,,,0,0.0,0.0,0.0,0,UNAVAILABLE
10228,AW3289,TLL - CDG,2024-11-29 18:55:00,2024-11-29 20:55:00,2024-11-25,-4,OPEN,2,189,192,K,157.0,167,16546.0,12705.0,0.87,167,SCHEDULED
11271,AW4639,VIE - CDG,2024-11-29 20:40:00,2024-11-29 22:50:00,2024-11-25,-4,OPEN,2,186,188,H,143.0,177,12470.0,9142.4,0.94,177,ACTIVATED
2608,AW4630,CDG - VIE,2024-11-30 06:00:00,2024-11-30 08:10:00,2024-11-25,-5,CANCELLED,2,189,189,,,0,0.0,0.0,0.0,0,UNAVAILABLE
7649,AW4670,CDG - BUD,2024-11-30 06:20:00,2024-11-30 09:25:00,2024-11-25,-5,OPEN,2,186,169,G,46.0,102,4879.0,1575.22,0.6,102,SCHEDULED
2607,AW7640,CDG - OSL,2024-11-30 07:35:00,2024-11-30 09:15:00,2024-11-25,-5,CANCELLED,2,189,189,,,0,0.0,0.0,0.0,0,UNAVAILABLE
2605,AW3282,CDG - TLL,2024-11-30 08:10:00,2024-11-30 13:50:00,2024-11-25,-5,CANCELLED,2,189,189,,,0,0.0,0.0,0.0,0,UNAVAILABLE
2609,AW4631,VIE - CDG,2024-11-30 08:55:00,2024-11-30 11:05:00,2024-11-25,-5,CANCELLED,2,189,189,,,0,0.0,0.0,0.0,0,UNAVAILABLE
10665,AW4634,CDG - VIE,2024-11-30 09:35:00,2024-11-30 11:45:00,2024-11-25,-5,OPEN,2,189,192,K,103.0,172,12236.82,6665.74,0.9,172,ACTIVATED
2661,AW7641,OSL - CDG,2024-11-30 09:55:00,2024-11-30 13:30:00,2024-11-25,-6,CANCELLED,2,189,189,,,0,0.0,0.0,0.0,0,UNAVAILABLE
9737,AW4671,BUD - CDG,2024-11-30 10:10:00,2024-11-30 15:15:00,2024-11-25,-6,OPEN,2,186,166,K,87.0,160,11816.64,10245.44,0.96,160,DEACTIVATED
10002,AW7644,CDG - OSL,2024-11-30 11:35:00,2024-11-30 13:15:00,2024-11-25,-5,OPEN,2,189,187,Q,123.0,164,10343.0,5031.04,0.88,164,ACTIVATED
10298,AW4635,VIE - CDG,2024-11-30 12:30:00,2024-11-30 14:40:00,2024-11-25,-5,OPEN,2,189,191,R,66.0,168,10221.8,7063.4,0.88,168,ACTIVATED
10003,AW7646,CDG - OSL,2024-11-30 12:45:00,2024-11-30 14:25:00,2024-11-25,-5,OPEN,2,189,190,L,84.0,164,9768.0,4456.04,0.86,164,ACTIVATED
8402,AW3280,CDG - TLL,2024-11-30 13:40:00,2024-11-30 19:20:00,2024-11-25,-5,OPEN,2,189,190,R,108.0,130,12359.0,4718.9,0.68,130,SCHEDULED
10073,AW7645,OSL - CDG,2024-11-30 13:55:00,2024-11-30 17:30:00,2024-11-25,-6,OPEN,2,189,188,H,169.0,165,9596.61,5865.96,0.88,165,ACTIVATED
2606,AW3283,TLL - CDG,2024-11-30 14:45:00,2024-11-30 16:45:00,2024-11-25,-5,CANCELLED,2,189,189,,,0,0.0,0.0,0.0,0,UNAVAILABLE
10299,AW7647,OSL - CDG,2024-11-30 15:05:00,2024-11-30 18:40:00,2024-11-25,-6,OPEN,2,189,191,K,115.0,168,9838.0,6039.52,0.88,168,ACTIVATED
9347,AW7648,CDG - OSL,2024-11-30 16:20:00,2024-11-30 18:00:00,2024-11-25,-5,OPEN,2,186,187,R,64.0,153,7930.0,2974.33,0.82,153,ACTIVATED
10467,AW4638,CDG - VIE,2024-11-30 17:45:00,2024-11-30 19:55:00,2024-11-25,-5,OPEN,2,189,192,L,91.0,170,8857.17,3350.87,0.89,170,ACTIVATED
10004,AW7649,OSL - CDG,2024-11-30 18:40:00,2024-11-30 22:15:00,2024-11-25,-6,OPEN,2,186,188,V,132.0,164,9374.0,5665.96,0.87,164,ACTIVATED
10072,AW3281,TLL - CDG,2024-11-30 20:15:00,2024-11-30 22:15:00,2024-11-25,-5,OPEN,2,189,194,K,157.0,165,18772.0,14977.0,0.85,165,SCHEDULED
8280,AW4639,VIE - CDG,2024-11-30 20:40:00,2024-11-30 22:50:00,2024-11-25,-5,OPEN,2,189,191,A,39.0,126,5516.6,3147.8,0.66,126,ACTIVATED
9694,AW4630,CDG - VIE,2024-12-01 06:05:00,2024-12-01 08:15:00,2024-11-25,-6,OPEN,2,186,190,G,52.0,159,8613.0,3462.99,0.84,159,ACTIVATED
7560,AW4670,CDG - BUD,2024-12-01 06:45:00,2024-12-01 09:50:00,2024-11-25,-6,OPEN,2,186,187,G,46.0,98,5133.0,1958.78,0.52,98,SCHEDULED
8211,AW3280,CDG - TLL,2024-12-01 07:00:00,2024-12-01 12:40:00,2024-11-25,-6,OPEN,2,189,192,K,153.0,124,12014.6,4727.12,0.65,124,SCHEDULED
2664,AW4634,CDG - VIE,2024-12-01 07:45:00,2024-12-01 09:55:00,2024-11-25,-6,CANCELLED,2,189,189,,,0,0.0,0.0,0.0,0,UNAVAILABLE
9594,AW4631,VIE - CDG,2024-12-01 09:00:00,2024-12-01 11:10:00,2024-11-25,-6,OPEN,2,186,189,R,66.0,157,10223.0,7271.4,0.83,157,ACTIVATED
2662,AW7642,CDG - OSL,2024-12-01 10:35:00,2024-12-01 12:15:00,2024-11-25,-6,CANCELLED,2,189,189,,,0,0.0,0.0,0.0,0,UNAVAILABLE
8696,AW4671,BUD - CDG,2024-12-01 10:35:00,2024-12-01 15:40:00,2024-11-25,-7,OPEN,2,186,188,R,56.0,138,8639.74,7284.58,0.73,138,DEACTIVATED
2665,AW4635,VIE - CDG,2024-12-01 10:40:00,2024-12-01 12:50:00,2024-11-25,-6,CANCELLED,2,189,189,,,0,0.0,0.0,0.0,0,UNAVAILABLE
10666,AW4636,CDG - VIE,2024-12-01 11:15:00,2024-12-01 13:25:00,2024-11-25,-6,OPEN,2,189,193,L,91.0,172,13230.13,7659.05,0.89,172,ACTIVATED
10300,AW7646,CDG - OSL,2024-12-01 11:35:00,2024-12-01 13:15:00,2024-11-25,-6,OPEN,2,189,192,Q,123.0,168,11080.0,5638.48,0.88,168,ACTIVATED
2716,AW7643,OSL - CDG,2024-12-01 12:55:00,2024-12-01 16:30:00,2024-11-25,-7,CANCELLED,2,189,189,,,0,0.0,0.0,0.0,0,UNAVAILABLE
2663,AW7644,CDG - OSL,2024-12-01 13:20:00,2024-12-01 15:00:00,2024-11-25,-6,CANCELLED,2,189,189,,,0,0.0,0.0,0.0,0,UNAVAILABLE
11126,AW3281,TLL - CDG,2024-12-01 13:35:00,2024-12-01 15:35:00,2024-11-25,-6,OPEN,2,189,189,V,176.0,176,21026.22,16978.22,0.93,176,SCHEDULED
10875,AW7647,OSL - CDG,2024-12-01 13:55:00,2024-12-01 17:30:00,2024-11-25,-7,OPEN,2,189,193,M,188.0,174,18065.22,14131.08,0.9,174,ACTIVATED
10468,AW4637,VIE - CDG,2024-12-01 14:10:00,2024-12-01 16:20:00,2024-11-25,-6,OPEN,2,189,192,L,87.0,170,12472.4,9276.4,0.89,170,ACTIVATED
8925,AW3288,CDG - TLL,2024-12-01 14:10:00,2024-12-01 19:50:00,2024-11-25,-6,OPEN,2,189,195,L,137.0,144,15157.16,6694.28,0.74,144,SCHEDULED
2717,AW7645,OSL - CDG,2024-12-01 15:40:00,2024-12-01 19:15:00,2024-11-25,-7,CANCELLED,2,189,189,,,0,0.0,0.0,0.0,0,UNAVAILABLE
10372,AW7648,CDG - OSL,2024-12-01 16:20:00,2024-12-01 18:00:00,2024-11-25,-6,OPEN,2,189,192,H,138.0,169,13088.0,7614.09,0.88,169,ACTIVATED
11127,AW4638,CDG - VIE,2024-12-01 16:30:00,2024-12-01 18:40:00,2024-11-25,-6,OPEN,2,189,193,V,118.0,176,15936.52,10235.88,0.91,176,ACTIVATED
10667,AW7649,OSL - CDG,2024-12-01 18:40:00,2024-12-01 22:15:00,2024-11-25,-7,OPEN,2,189,193,M,188.0,172,16373.99,12485.07,0.89,172,ACTIVATED
10774,AW4639,VIE - CDG,2024-12-01 19:25:00,2024-12-01 21:35:00,2024-11-25,-6,OPEN,2,189,191,Q,128.0,173,16228.6,12976.2,0.91,173,ACTIVATED
9799,AW3289,TLL - CDG,2024-12-01 20:45:00,2024-12-01 22:45:00,2024-11-25,-6,OPEN,2,189,192,K,157.0,161,18925.0,15222.0,0.84,161,SCHEDULED
2720,AW4630,CDG - VIE,2024-12-02 06:15:00,2024-12-02 08:25:00,2024-11-25,-7,CANCELLED,2,186,186,,,0,0.0,0.0,0.0,0,UNAVAILABLE
8026,AW3280,CDG - TLL,2024-12-02 06:20:00,2024-12-02 12:00:00,2024-11-25,-7,OPEN,2,186,190,K,153.0,118,11304.0,4369.14,0.62,118,SCHEDULED
2718,AW7640,CDG - OSL,2024-12-02 07:25:00,2024-12-02 09:05:00,2024-11-25,-7,CANCELLED,2,186,186,,,0,0.0,0.0,0.0,0,UNAVAILABLE
2721,AW4631,VIE - CDG,2024-12-02 09:10:00,2024-12-02 11:20:00,2024-11-25,-7,CANCELLED,2,186,186,,,0,0.0,0.0,0.0,0,UNAVAILABLE
2743,AW7641,OSL - CDG,2024-12-02 09:45:00,2024-12-02 13:20:00,2024-11-25,-8,CANCELLED,2,186,186,,,0,0.0,0.0,0.0,0,UNAVAILABLE
10301,AW4634,CDG - VIE,2024-12-02 10:25:00,2024-12-02 12:35:00,2024-11-25,-7,OPEN,2,189,191,L,91.0,168,10729.0,5287.48,0.88,168,ACTIVATED
10074,AW7644,CDG - OSL,2024-12-02 11:35:00,2024-12-02 13:15:00,2024-11-25,-7,OPEN,2,189,193,V,109.0,165,9721.0,4376.65,0.85,165,ACTIVATED
2719,AW7646,CDG - OSL,2024-12-02 12:40:00,2024-12-02 14:20:00,2024-11-25,-7,CANCELLED,2,189,189,,,0,0.0,0.0,0.0,0,UNAVAILABLE
8697,AW3281,TLL - CDG,2024-12-02 12:55:00,2024-12-02 14:55:00,2024-11-25,-7,OPEN,2,186,191,K,157.0,138,12412.0,9238.0,0.72,138,SCHEDULED
8148,AW3288,CDG - TLL,2024-12-02 13:10:00,2024-12-02 18:50:00,2024-11-25,-7,OPEN,2,186,193,L,137.0,122,11972.59,4802.65,0.63,122,SCHEDULED
11272,AW4635,VIE - CDG,2024-12-02 13:20:00,2024-12-02 15:30:00,2024-11-25,-7,OPEN,2,189,191,K,99.0,177,13323.4,9995.8,0.93,177,ACTIVATED
10229,AW7645,OSL - CDG,2024-12-02 13:55:00,2024-12-02 17:30:00,2024-11-25,-8,OPEN,2,189,193,V,132.0,167,12231.22,8457.3,0.87,167,ACTIVATED
9738,AW4636,CDG - VIE,2024-12-02 14:45:00,2024-12-02 16:55:00,2024-11-25,-7,OPEN,2,189,189,X,80.0,160,9474.04,4291.64,0.85,160,ACTIVATED
2744,AW7647,OSL - CDG,2024-12-02 15:00:00,2024-12-02 18:35:00,2024-11-25,-8,CANCELLED,2,189,189,,,0,0.0,0.0,0.0,0,UNAVAILABLE
9527,AW7650,CDG - OSL,2024-12-02 15:35:00,2024-12-02 17:15:00,2024-11-25,-7,OPEN,2,189,192,V,109.0,156,9528.0,4475.16,0.81,156,ACTIVATED
9860,AW7648,CDG - OSL,2024-12-02 16:20:00,2024-12-02 18:00:00,2024-11-25,-7,OPEN,2,189,192,K,96.0,162,9114.0,3866.82,0.84,162,ACTIVATED
10075,AW4638,CDG - VIE,2024-12-02 17:25:00,2024-12-02 19:35:00,2024-11-25,-7,OPEN,2,189,189,X,80.0,165,11154.13,5809.78,0.87,165,ACTIVATED
10560,AW4637,VIE - CDG,2024-12-02 17:40:00,2024-12-02 19:50:00,2024-11-25,-7,OPEN,2,189,188,H,143.0,171,13521.0,10306.2,0.91,171,ACTIVATED
9925,AW7651,OSL - CDG,2024-12-02 17:55:00,2024-12-02 21:30:00,2024-11-25,-8,OPEN,2,189,192,V,132.0,163,10487.61,6802.18,0.85,163,ACTIVATED
10076,AW7649,OSL - CDG,2024-12-02 18:40:00,2024-12-02 22:15:00,2024-11-25,-8,OPEN,2,189,192,K,115.0,165,9409.0,5678.35,0.86,165,ACTIVATED
8085,AW3289,TLL - CDG,2024-12-02 19:45:00,2024-12-02 21:45:00,2024-11-25,-7,OPEN,2,186,194,K,157.0,120,12690.0,9930.0,0.62,120,SCHEDULED
9739,AW4639,VIE - CDG,2024-12-02 20:20:00,2024-12-02 22:30:00,2024-11-25,-7,OPEN,2,189,188,V,113.0,160,11118.0,8110.0,0.85,160,ACTIVATED
2745,AW3280,CDG - TLL,2024-12-03 07:15:00,2024-12-03 12:55:00,2024-11-25,-8,CANCELLED,2,186,186,,,0,0.0,0.0,0.0,0,UNAVAILABLE
7232,AW7640,CDG - OSL,2024-12-03 07:25:00,2024-12-03 09:05:00,2024-11-25,-8,OPEN,2,189,189,G,49.0,73,3609.0,1244.53,0.39,73,ACTIVATED
8882,AW7641,OSL - CDG,2024-12-03 09:45:00,2024-12-03 13:20:00,2024-11-25,-9,OPEN,2,189,187,X,85.0,143,7093.0,3863.67,0.76,143,ACTIVATED
9100,AW7644,CDG - OSL,2024-12-03 11:35:00,2024-12-03 13:15:00,2024-11-25,-8,OPEN,2,189,190,T,56.0,148,7327.0,2533.28,0.78,148,ACTIVATED
2748,AW4634,CDG - VIE,2024-12-03 11:55:00,2024-12-03 14:05:00,2024-11-25,-8,CANCELLED,2,189,189,,,0,0.0,0.0,0.0,0,UNAVAILABLE
2747,AW7646,CDG - OSL,2024-12-03 13:00:00,2024-12-03 14:40:00,2024-11-25,-8,CANCELLED,2,189,189,,,0,0.0,0.0,0.0,0,UNAVAILABLE
9011,AW7645,OSL - CDG,2024-12-03 13:55:00,2024-12-03 17:30:00,2024-11-25,-9,OPEN,2,189,187,T,59.0,146,7266.61,3965.55,0.78,146,ACTIVATED
2746,AW3281,TLL - CDG,2024-12-03 13:55:00,2024-12-03 15:55:00,2024-11-25,-8,CANCELLED,2,186,186,,,0,0.0,0.0,0.0,0,UNAVAILABLE
8698,AW3288,CDG - TLL,2024-12-03 14:05:00,2024-12-03 19:45:00,2024-11-25,-8,OPEN,2,186,192,R,108.0,138,12561.51,4451.25,0.72,138,SCHEDULED
2749,AW4635,VIE - CDG,2024-12-03 14:50:00,2024-12-03 17:00:00,2024-11-25,-8,CANCELLED,2,189,189,,,0,0.0,0.0,0.0,0,UNAVAILABLE
2760,AW7647,OSL - CDG,2024-12-03 15:20:00,2024-12-03 18:55:00,2024-11-25,-9,CANCELLED,2,189,189,,,0,0.0,0.0,0.0,0,UNAVAILABLE
7892,AW7648,CDG - OSL,2024-12-03 16:20:00,2024-12-03 18:00:00,2024-11-25,-8,OPEN,2,186,190,G,49.0,113,5401.0,1740.93,0.59,113,ACTIVATED
9456,AW4636,CDG - VIE,2024-12-03 17:25:00,2024-12-03 19:35:00,2024-11-25,-8,OPEN,2,189,192,T,59.0,155,8668.0,3647.55,0.81,155,ACTIVATED
8973,AW7649,OSL - CDG,2024-12-03 18:40:00,2024-12-03 22:15:00,2024-11-25,-9,OPEN,2,186,187,X,85.0,145,6559.61,3283.11,0.78,145,ACTIVATED
10469,AW4637,VIE - CDG,2024-12-03 20:20:00,2024-12-03 22:30:00,2024-11-25,-8,OPEN,2,189,193,K,99.0,170,11443.4,8247.4,0.88,170,ACTIVATED
7776,AW3289,TLL - CDG,2024-12-03 20:40:00,2024-12-03 22:40:00,2024-11-25,-8,OPEN,2,186,190,V,176.0,108,11586.0,9102.0,0.57,108,SCHEDULED
7826,AW4634,CDG - VIE,2024-12-04 07:00:00,2024-12-04 09:05:00,2024-11-25,-9,OPEN,2,189,192,N,45.0,110,5413.52,1850.62,0.57,110,ACTIVATED
8112,AW3280,CDG - TLL,2024-12-04 07:20:00,2024-12-04 13:00:00,2024-11-25,-9,OPEN,2,186,191,L,137.0,121,12269.82,5158.65,0.63,121,SCHEDULED
2761,AW7640,CDG - OSL,2024-12-04 07:25:00,2024-12-04 09:05:00,2024-11-25,-9,CANCELLED,2,186,186,,,0,0.0,0.0,0.0,0,UNAVAILABLE
2763,AW4630,CDG - VIE,2024-12-04 08:15:00,2024-12-04 10:25:00,2024-11-25,-9,CANCELLED,2,189,189,,,0,0.0,0.0,0.0,0,UNAVAILABLE
7,AW7641,OSL - CDG,2024-12-04 09:45:00,2024-12-04 13:20:00,2024-11-25,-10,CANCELLED,2,186,186,,,0,0.0,0.0,0.0,0,UNAVAILABLE
10147,AW4635,VIE - CDG,2024-12-04 09:50:00,2024-12-04 12:00:00,2024-11-25,-9,OPEN,2,189,191,Q,128.0,166,13896.0,10775.2,0.87,166,ACTIVATED
2764,AW4631,VIE - CDG,2024-12-04 11:10:00,2024-12-04 13:20:00,2024-11-25,-9,CANCELLED,2,189,189,,,0,0.0,0.0,0.0,0,UNAVAILABLE
8799,AW7644,CDG - OSL,2024-12-04 11:30:00,2024-12-04 13:10:00,2024-11-25,-9,OPEN,2,189,190,G,49.0,141,6251.39,1684.4,0.74,141,ACTIVATED
7650,AW3288,CDG - TLL,2024-12-04 12:30:00,2024-12-04 18:10:00,2024-11-25,-9,OPEN,2,189,192,X,123.0,102,9755.02,3760.48,0.53,102,SCHEDULED
2762,AW7646,CDG - OSL,2024-12-04 12:50:00,2024-12-04 14:30:00,2024-11-25,-9,CANCELLED,2,186,186,,,0,0.0,0.0,0.0,0,UNAVAILABLE
9045,AW7645,OSL - CDG,2024-12-04 13:50:00,2024-12-04 17:25:00,2024-11-25,-10,OPEN,2,189,188,L,99.0,147,7643.61,4319.94,0.78,147,ACTIVATED
9926,AW3281,TLL - CDG,2024-12-04 13:55:00,2024-12-04 15:55:00,2024-11-25,-9,OPEN,2,186,190,X,124.0,163,14132.0,10383.0,0.86,163,SCHEDULED
9101,AW4638,CDG - VIE,2024-12-04 13:55:00,2024-12-04 16:05:00,2024-11-25,-9,OPEN,2,189,192,N,45.0,148,7251.82,2458.1,0.77,148,ACTIVATED
8,AW7647,OSL - CDG,2024-12-04 15:10:00,2024-12-04 18:45:00,2024-11-25,-10,CANCELLED,2,186,186,,,0,0.0,0.0,0.0,0,UNAVAILABLE
8027,AW7648,CDG - OSL,2024-12-04 16:20:00,2024-12-04 18:00:00,2024-11-25,-9,OPEN,2,186,192,N,43.0,118,6005.0,2182.98,0.61,118,ACTIVATED
11128,AW4639,VIE - CDG,2024-12-04 16:50:00,2024-12-04 19:00:00,2024-11-25,-9,OPEN,2,189,191,J,284.0,176,16147.58,12838.78,0.92,176,ACTIVATED
9137,AW7649,OSL - CDG,2024-12-04 18:40:00,2024-12-04 22:15:00,2024-11-25,-10,OPEN,2,186,191,X,85.0,149,7376.0,4007.11,0.78,149,ACTIVATED
7378,AW3289,TLL - CDG,2024-12-04 19:05:00,2024-12-04 21:05:00,2024-11-25,-9,OPEN,2,189,190,X,124.0,85,9102.0,7147.0,0.45,85,SCHEDULED
12,AW4630,CDG - VIE,2024-12-05 06:05:00,2024-12-05 08:15:00,2024-11-25,-10,CANCELLED,2,186,189,,,0,0.0,0.0,0.0,0,UNAVAILABLE
9,AW3280,CDG - TLL,2024-12-05 07:00:00,2024-12-05 12:40:00,2024-11-25,-10,CANCELLED,2,189,189,,,0,0.0,0.0,0.0,0,UNAVAILABLE
8336,AW7640,CDG - OSL,2024-12-05 07:25:00,2024-12-05 09:05:00,2024-11-25,-10,OPEN,2,186,188,R,64.0,128,7008.0,2862.08,0.68,128,ACTIVATED
13,AW4631,VIE - CDG,2024-12-05 09:00:00,2024-12-05 11:10:00,2024-11-25,-10,CANCELLED,2,186,189,,,0,0.0,0.0,0.0,0,UNAVAILABLE
8824,AW7641,OSL - CDG,2024-12-05 09:45:00,2024-12-05 13:20:00,2024-11-25,-11,OPEN,2,186,189,R,72.0,142,7127.83,3921.11,0.75,142,ACTIVATED
9180,AW4634,CDG - VIE,2024-12-05 11:55:00,2024-12-05 14:05:00,2024-11-25,-10,OPEN,2,189,191,T,59.0,150,7745.78,2887.28,0.79,150,ACTIVATED
8960,AW7646,CDG - OSL,2024-12-05 12:20:00,2024-12-05 14:00:00,2024-11-25,-10,OPEN,2,189,191,K,96.0,145,7990.78,3294.23,0.76,145,ACTIVATED
10,AW3281,TLL - CDG,2024-12-05 13:35:00,2024-12-05 15:35:00,2024-11-25,-10,CANCELLED,2,189,189,,,0,0.0,0.0,0.0,0,UNAVAILABLE
7590,AW3288,CDG - TLL,2024-12-05 14:10:00,2024-12-05 19:50:00,2024-11-25,-10,OPEN,2,186,190,L,137.0,100,9644.33,3767.33,0.53,100,SCHEDULED
9047,AW7647,OSL - CDG,2024-12-05 14:35:00,2024-12-05 18:10:00,2024-11-25,-11,OPEN,2,189,192,X,85.0,147,6549.0,3215.55,0.77,147,ACTIVATED
10663,AW4635,VIE - CDG,2024-12-05 14:50:00,2024-12-05 17:00:00,2024-11-25,-10,OPEN,2,189,188,I,177.0,172,19284.8,16052.16,0.91,172,ACTIVATED
11,AW7656,CDG - OSL,2024-12-05 15:30:00,2024-12-05 17:10:00,2024-11-25,-10,CANCELLED,2,186,186,,,0,0.0,0.0,0.0,0,UNAVAILABLE
8761,AW7648,CDG - OSL,2024-12-05 16:25:00,2024-12-05 18:05:00,2024-11-25,-10,OPEN,2,189,188,L,84.0,140,8923.0,4388.4,0.74,140,ACTIVATED
9046,AW4638,CDG - VIE,2024-12-05 17:05:00,2024-12-05 19:15:00,2024-11-25,-10,OPEN,2,189,194,G,52.0,147,7876.65,3115.32,0.76,147,ACTIVATED
48,AW7657,OSL - CDG,2024-12-05 17:50:00,2024-12-05 21:25:00,2024-11-25,-11,CANCELLED,2,186,186,,,0,0.0,0.0,0.0,0,UNAVAILABLE
8725,AW7649,OSL - CDG,2024-12-05 18:40:00,2024-12-05 22:15:00,2024-11-25,-11,OPEN,2,189,189,R,72.0,139,6449.0,3306.21,0.74,139,ACTIVATED
13970,AW4639,VIE - CDG,2024-12-05 20:00:00,2024-12-05 22:10:00,2024-11-25,-10,OPEN,2,189,191,Y,339.0,188,27832.0,24297.6,0.98,188,ACTIVATED
7678,AW3289,TLL - CDG,2024-12-05 20:45:00,2024-12-05 22:45:00,2024-11-25,-10,OPEN,2,186,191,K,157.0,104,10693.0,8301.0,0.54,104,SCHEDULED
8794,AW4630,CDG - VIE,2024-12-06 06:05:00,2024-12-06 08:15:00,2024-11-25,-11,OPEN,2,189,195,N,45.0,141,7398.0,2831.01,0.72,141,ACTIVATED
9138,AW3280,CDG - TLL,2024-12-06 07:05:00,2024-12-06 12:45:00,2024-11-25,-11,OPEN,2,186,191,X,123.0,149,13388.05,4631.32,0.78,149,SCHEDULED
49,AW7640,CDG - OSL,2024-12-06 07:20:00,2024-12-06 09:00:00,2024-11-25,-11,CANCELLED,2,186,189,,,0,0.0,0.0,0.0,0,UNAVAILABLE
11124,AW4631,VIE - CDG,2024-12-06 09:00:00,2024-12-06 11:10:00,2024-11-25,-11,OPEN,2,189,191,B,216.0,176,21180.16,17871.36,0.92,176,ACTIVATED
102,AW7641,OSL - CDG,2024-12-06 09:40:00,2024-12-06 13:15:00,2024-11-25,-12,CANCELLED,2,186,189,,,0,0.0,0.0,0.0,0,UNAVAILABLE
51,AW4634,CDG - VIE,2024-12-06 11:20:00,2024-12-06 13:30:00,2024-11-25,-11,CANCELLED,2,189,189,,,0,0.0,0.0,0.0,0,UNAVAILABLE
9048,AW7644,CDG - OSL,2024-12-06 11:30:00,2024-12-06 13:10:00,2024-11-25,-11,OPEN,2,189,190,V,109.0,147,9589.56,4828.23,0.77,147,ACTIVATED
8200,AW3288,CDG - TLL,2024-12-06 12:20:00,2024-12-06 18:00:00,2024-11-25,-11,OPEN,2,189,194,X,123.0,124,10813.83,3526.35,0.64,124,SCHEDULED
8726,AW7650,CDG - OSL,2024-12-06 13:15:00,2024-12-06 14:55:00,2024-11-25,-11,OPEN,2,189,193,L,84.0,139,8269.0,3766.79,0.72,139,ACTIVATED
7409,AW3281,TLL - CDG,2024-12-06 13:40:00,2024-12-06 15:40:00,2024-11-25,-11,OPEN,2,186,189,X,124.0,88,8869.0,6845.0,0.47,88,SCHEDULED
9346,AW7645,OSL - CDG,2024-12-06 13:50:00,2024-12-06 17:25:00,2024-11-25,-12,OPEN,2,189,188,H,169.0,153,8521.0,5061.67,0.81,153,ACTIVATED
52,AW4635,VIE - CDG,2024-12-06 14:15:00,2024-12-06 16:25:00,2024-11-25,-11,CANCELLED,2,189,189,,,0,0.0,0.0,0.0,0,UNAVAILABLE
46,AW4636,CDG - VIE,2024-12-06 14:45:00,2024-12-06 16:55:00,2024-11-25,-11,CANCELLED,2,189,189,,,0,0.0,0.0,0.0,0,UNAVAILABLE
9281,AW7651,OSL - CDG,2024-12-06 15:35:00,2024-12-06 19:10:00,2024-11-25,-12,OPEN,2,189,191,X,85.0,152,8179.0,4742.28,0.8,152,ACTIVATED
8920,AW7646,CDG - OSL,2024-12-06 16:10:00,2024-12-06 17:50:00,2024-11-25,-11,OPEN,2,189,192,X,74.0,144,9842.17,5178.01,0.75,144,ACTIVATED
50,AW7648,CDG - OSL,2024-12-06 16:20:00,2024-12-06 18:00:00,2024-11-25,-11,CANCELLED,2,189,189,,,0,0.0,0.0,0.0,0,UNAVAILABLE
47,AW4637,VIE - CDG,2024-12-06 17:40:00,2024-12-06 19:50:00,2024-11-25,-11,CANCELLED,2,189,189,,,0,0.0,0.0,0.0,0,UNAVAILABLE
9345,AW4638,CDG - VIE,2024-12-06 17:45:00,2024-12-06 19:55:00,2024-11-25,-11,OPEN,2,189,194,G,52.0,153,10345.78,5390.11,0.79,153,ACTIVATED
9234,AW7647,OSL - CDG,2024-12-06 18:30:00,2024-12-06 22:05:00,2024-11-25,-12,OPEN,2,189,192,X,85.0,151,7344.0,3929.89,0.79,151,ACTIVATED
103,AW7649,OSL - CDG,2024-12-06 18:40:00,2024-12-06 22:15:00,2024-11-25,-12,CANCELLED,2,189,189,,,0,0.0,0.0,0.0,0,UNAVAILABLE
7313,AW3289,TLL - CDG,2024-12-06 18:55:00,2024-12-06 20:55:00,2024-11-25,-11,OPEN,2,189,192,K,157.0,80,8398.0,6558.0,0.42,80,SCHEDULED
9798,AW4639,VIE - CDG,2024-12-06 20:40:00,2024-12-06 22:50:00,2024-11-25,-11,OPEN,2,189,191,X,77.0,161,10633.0,7606.2,0.84,161,ACTIVATED
107,AW4630,CDG - VIE,2024-12-07 06:00:00,2024-12-07 08:10:00,2024-11-25,-12,CANCELLED,2,189,189,,,0,0.0,0.0,0.0,0,UNAVAILABLE
8136,AW4670,CDG - BUD,2024-12-07 06:20:00,2024-12-07 09:25:00,2024-11-25,-12,OPEN,2,186,168,T,53.0,122,6395.78,2444.2,0.73,122,SCHEDULED
106,AW7640,CDG - OSL,2024-12-07 07:35:00,2024-12-07 09:15:00,2024-11-25,-12,CANCELLED,2,189,189,,,0,0.0,0.0,0.0,0,UNAVAILABLE
104,AW3282,CDG - TLL,2024-12-07 08:10:00,2024-12-07 13:50:00,2024-11-25,-12,CANCELLED,2,189,189,,,0,0.0,0.0,0.0,0,UNAVAILABLE
108,AW4631,VIE - CDG,2024-12-07 08:55:00,2024-12-07 11:05:00,2024-11-25,-12,CANCELLED,2,189,189,,,0,0.0,0.0,0.0,0,UNAVAILABLE
9235,AW4634,CDG - VIE,2024-12-07 09:35:00,2024-12-07 11:45:00,2024-11-25,-12,OPEN,2,189,193,L,91.0,151,9494.39,4603.5,0.78,151,ACTIVATED
190,AW7641,OSL - CDG,2024-12-07 09:55:00,2024-12-07 13:30:00,2024-11-25,-13,CANCELLED,2,189,189,,,0,0.0,0.0,0.0,0,UNAVAILABLE
7697,AW4671,BUD - CDG,2024-12-07 10:10:00,2024-12-07 15:15:00,2024-11-25,-13,OPEN,2,186,168,R,56.0,105,6189.28,5158.18,0.62,105,DEACTIVATED
8530,AW7644,CDG - OSL,2024-12-07 11:35:00,2024-12-07 13:15:00,2024-11-25,-12,OPEN,2,189,187,K,96.0,134,7489.0,3148.74,0.72,134,ACTIVATED
8424,AW4635,VIE - CDG,2024-12-07 12:30:00,2024-12-07 14:40:00,2024-11-25,-12,OPEN,2,189,191,G,50.0,131,6302.0,3839.2,0.69,131,ACTIVATED
8531,AW7646,CDG - OSL,2024-12-07 12:45:00,2024-12-07 14:25:00,2024-11-25,-12,OPEN,2,189,190,X,74.0,134,7209.0,2868.74,0.71,134,ACTIVATED
7450,AW3280,CDG - TLL,2024-12-07 13:40:00,2024-12-07 19:20:00,2024-11-25,-12,OPEN,2,186,187,X,123.0,91,9052.1,3704.03,0.49,91,SCHEDULED
8487,AW7645,OSL - CDG,2024-12-07 13:55:00,2024-12-07 17:30:00,2024-11-25,-13,OPEN,2,189,189,R,72.0,133,5506.22,2499.09,0.7,133,ACTIVATED
105,AW3283,TLL - CDG,2024-12-07 14:45:00,2024-12-07 16:45:00,2024-11-25,-12,CANCELLED,2,189,189,,,0,0.0,0.0,0.0,0,UNAVAILABLE
8453,AW7647,OSL - CDG,2024-12-07 15:05:00,2024-12-07 18:40:00,2024-11-25,-13,OPEN,2,189,192,T,59.0,132,5107.0,2122.48,0.69,132,ACTIVATED
8135,AW7648,CDG - OSL,2024-12-07 16:20:00,2024-12-07 18:00:00,2024-11-25,-12,OPEN,2,189,187,T,56.0,122,6347.0,2395.42,0.65,122,ACTIVATED
7410,AW4638,CDG - VIE,2024-12-07 17:45:00,2024-12-07 19:55:00,2024-11-25,-12,OPEN,2,186,189,L,91.0,88,7731.0,4880.68,0.47,88,ACTIVATED
7591,AW7649,OSL - CDG,2024-12-07 18:40:00,2024-12-07 22:15:00,2024-11-25,-13,OPEN,2,189,189,A,33.0,100,3837.22,1576.22,0.53,100,ACTIVATED
7766,AW3281,TLL - CDG,2024-12-07 20:15:00,2024-12-07 22:15:00,2024-11-25,-12,OPEN,2,186,191,X,124.0,108,10402.0,7918.0,0.57,108,SCHEDULED
7475,AW4639,VIE - CDG,2024-12-07 20:40:00,2024-12-07 22:50:00,2024-11-25,-12,OPEN,2,186,188,N,44.0,92,3956.4,2226.8,0.49,92,ACTIVATED
8058,AW4630,CDG - VIE,2024-12-08 06:05:00,2024-12-08 08:15:00,2024-11-25,-13,OPEN,2,189,192,K,103.0,119,12549.39,8694.98,0.62,119,ACTIVATED
7476,AW4670,CDG - BUD,2024-12-08 06:45:00,2024-12-08 09:50:00,2024-11-25,-13,OPEN,2,189,187,G,46.0,92,4660.0,1680.12,0.49,92,SCHEDULED
8104,AW3280,CDG - TLL,2024-12-08 07:00:00,2024-12-08 12:40:00,2024-11-25,-13,OPEN,2,186,192,L,137.0,121,11895.0,4783.83,0.63,121,SCHEDULED
193,AW4634,CDG - VIE,2024-12-08 07:45:00,2024-12-08 09:55:00,2024-11-25,-13,CANCELLED,2,189,189,,,0,0.0,0.0,0.0,0,UNAVAILABLE
8393,AW4631,VIE - CDG,2024-12-08 09:00:00,2024-12-08 11:10:00,2024-11-25,-13,OPEN,2,189,192,G,50.0,130,5729.0,3285.0,0.68,130,ACTIVATED
8236,AW4671,BUD - CDG,2024-12-08 10:35:00,2024-12-08 15:40:00,2024-11-25,-14,OPEN,2,189,188,T,49.0,125,6118.0,4890.5,0.66,125,DEACTIVATED
191,AW7642,CDG - OSL,2024-12-08 10:35:00,2024-12-08 12:15:00,2024-11-25,-13,CANCELLED,2,189,189,,,0,0.0,0.0,0.0,0,UNAVAILABLE
194,AW4635,VIE - CDG,2024-12-08 10:40:00,2024-12-08 12:50:00,2024-11-25,-13,CANCELLED,2,189,189,,,0,0.0,0.0,0.0,0,UNAVAILABLE
9735,AW4636,CDG - VIE,2024-12-08 11:15:00,2024-12-08 13:25:00,2024-11-25,-13,OPEN,2,189,192,B,226.0,160,23620.78,18438.38,0.83,160,ACTIVATED
8727,AW7646,CDG - OSL,2024-12-08 11:35:00,2024-12-08 13:15:00,2024-11-25,-13,OPEN,2,189,192,V,109.0,139,8262.0,3759.79,0.72,139,ACTIVATED
308,AW7643,OSL - CDG,2024-12-08 12:55:00,2024-12-08 16:30:00,2024-11-25,-14,CANCELLED,2,189,189,,,0,0.0,0.0,0.0,0,UNAVAILABLE
192,AW7644,CDG - OSL,2024-12-08 13:20:00,2024-12-08 15:00:00,2024-11-25,-13,CANCELLED,2,189,189,,,0,0.0,0.0,0.0,0,UNAVAILABLE
7551,AW3281,TLL - CDG,2024-12-08 13:35:00,2024-12-08 15:35:00,2024-11-25,-13,OPEN,2,186,189,X,124.0,98,10609.0,8355.0,0.52,98,SCHEDULED
9858,AW7647,OSL - CDG,2024-12-08 13:55:00,2024-12-08 17:30:00,2024-11-25,-14,OPEN,2,189,193,V,132.0,162,12242.61,8587.59,0.84,162,ACTIVATED
8566,AW4637,VIE - CDG,2024-12-08 14:10:00,2024-12-08 16:20:00,2024-11-25,-13,OPEN,2,189,192,G,50.0,135,7389.2,4851.2,0.7,135,ACTIVATED
7261,AW3288,CDG - TLL,2024-12-08 14:10:00,2024-12-08 19:50:00,2024-11-25,-13,OPEN,2,189,195,L,137.0,76,9200.02,4733.5,0.39,76,SCHEDULED
309,AW7645,OSL - CDG,2024-12-08 15:40:00,2024-12-08 19:15:00,2024-11-25,-14,CANCELLED,2,189,189,,,0,0.0,0.0,0.0,0,UNAVAILABLE
9455,AW7648,CDG - OSL,2024-12-08 16:20:00,2024-12-08 18:00:00,2024-11-25,-13,OPEN,2,189,192,V,109.0,155,12190.0,7169.55,0.81,155,ACTIVATED
10226,AW4638,CDG - VIE,2024-12-08 16:30:00,2024-12-08 18:40:00,2024-11-25,-13,OPEN,2,189,192,S,270.0,167,29390.11,23980.98,0.87,167,ACTIVATED
9525,AW7649,OSL - CDG,2024-12-08 18:40:00,2024-12-08 22:15:00,2024-11-25,-14,OPEN,2,189,193,F,234.0,156,12535.05,9007.89,0.81,156,ACTIVATED
9645,AW4639,VIE - CDG,2024-12-08 19:25:00,2024-12-08 21:35:00,2024-11-25,-13,OPEN,2,189,192,X,77.0,158,10780.4,7810.0,0.82,158,ACTIVATED
8454,AW3289,TLL - CDG,2024-12-08 20:45:00,2024-12-08 22:45:00,2024-11-25,-13,OPEN,2,189,192,K,157.0,132,13904.0,10868.0,0.69,132,SCHEDULED
10000,AW4630,CDG - VIE,2024-12-09 06:05:00,2024-12-09 08:15:00,2024-11-25,-14,OPEN,2,189,188,M,166.0,164,15672.0,10360.04,0.87,164,ACTIVATED
8105,AW3280,CDG - TLL,2024-12-09 06:20:00,2024-12-09 12:00:00,2024-11-25,-14,OPEN,2,186,190,L,137.0,121,10313.57,3202.4,0.64,121,SCHEDULED
310,AW7640,CDG - OSL,2024-12-09 07:25:00,2024-12-09 09:05:00,2024-11-25,-14,CANCELLED,2,186,186,,,0,0.0,0.0,0.0,0,UNAVAILABLE
7739,AW4631,VIE - CDG,2024-12-09 09:00:00,2024-12-09 11:10:00,2024-11-25,-14,OPEN,2,189,188,A,39.0,107,5430.0,3418.4,0.57,107,ACTIVATED
392,AW7641,OSL - CDG,2024-12-09 09:45:00,2024-12-09 13:20:00,2024-11-25,-15,CANCELLED,2,186,186,,,0,0.0,0.0,0.0,0,UNAVAILABLE
10987,AW4634,CDG - VIE,2024-12-09 10:25:00,2024-12-09 12:35:00,2024-11-25,-14,OPEN,2,189,191,Z,326.0,175,23867.39,18199.14,0.92,175,ACTIVATED
8872,AW7644,CDG - OSL,2024-12-09 11:35:00,2024-12-09 13:15:00,2024-11-25,-14,OPEN,2,189,193,X,74.0,143,8990.39,4358.62,0.74,143,ACTIVATED
8425,AW7646,CDG - OSL,2024-12-09 12:40:00,2024-12-09 14:20:00,2024-11-25,-14,OPEN,2,189,193,X,74.0,131,6802.0,2558.91,0.68,131,ACTIVATED
7984,AW3281,TLL - CDG,2024-12-09 12:55:00,2024-12-09 14:55:00,2024-11-25,-14,OPEN,2,186,191,X,124.0,117,10137.0,7446.0,0.61,117,SCHEDULED
10227,AW3288,CDG - TLL,2024-12-09 13:10:00,2024-12-09 18:50:00,2024-11-25,-14,OPEN,2,186,193,L,137.0,167,14698.51,4883.92,0.87,167,SCHEDULED
8017,AW4635,VIE - CDG,2024-12-09 13:20:00,2024-12-09 15:30:00,2024-11-25,-14,OPEN,2,189,191,T,57.0,118,5951.0,3732.6,0.62,118,ACTIVATED
8687,AW7645,OSL - CDG,2024-12-09 13:55:00,2024-12-09 17:30:00,2024-11-25,-15,OPEN,2,189,192,T,59.0,138,6497.0,3376.82,0.72,138,ACTIVATED
10556,AW4636,CDG - VIE,2024-12-09 14:45:00,2024-12-09 16:55:00,2024-11-25,-14,OPEN,2,189,188,J,297.0,171,25934.0,20395.31,0.91,171,ACTIVATED
8921,AW7647,OSL - CDG,2024-12-09 15:00:00,2024-12-09 18:35:00,2024-11-25,-15,OPEN,2,189,193,G,49.0,144,5872.61,2616.77,0.75,144,ACTIVATED
8532,AW7650,CDG - OSL,2024-12-09 15:35:00,2024-12-09 17:15:00,2024-11-25,-14,OPEN,2,189,192,R,64.0,134,7842.78,3512.3,0.7,134,ACTIVATED
8337,AW7648,CDG - OSL,2024-12-09 16:20:00,2024-12-09 18:00:00,2024-11-25,-14,OPEN,2,189,193,X,74.0,128,8003.0,3857.08,0.66,128,ACTIVATED
311,AW4638,CDG - VIE,2024-12-09 17:25:00,2024-12-09 19:35:00,2024-11-25,-14,CANCELLED,2,186,186,,,0,0.0,0.0,0.0,0,UNAVAILABLE
7437,AW4637,VIE - CDG,2024-12-09 17:40:00,2024-12-09 19:50:00,2024-11-25,-14,OPEN,2,189,188,N,44.0,90,4691.8,2999.8,0.48,90,ACTIVATED
8728,AW7651,OSL - CDG,2024-12-09 17:55:00,2024-12-09 21:30:00,2024-11-25,-15,OPEN,2,189,193,T,59.0,139,5856.61,2717.72,0.72,139,ACTIVATED
8488,AW7649,OSL - CDG,2024-12-09 18:40:00,2024-12-09 22:15:00,2024-11-25,-15,OPEN,2,189,193,R,72.0,133,5371.0,2363.87,0.69,133,ACTIVATED
7715,AW3289,TLL - CDG,2024-12-09 19:45:00,2024-12-09 21:45:00,2024-11-25,-14,OPEN,2,186,193,X,124.0,106,9991.0,7553.0,0.55,106,SCHEDULED
312,AW4639,VIE - CDG,2024-12-09 20:20:00,2024-12-09 22:30:00,2024-11-25,-14,CANCELLED,2,186,186,,,0,0.0,0.0,0.0,0,UNAVAILABLE
393,AW3280,CDG - TLL,2024-12-10 07:15:00,2024-12-10 12:55:00,2024-11-25,-15,CANCELLED,2,186,186,,,0,0.0,0.0,0.0,0,UNAVAILABLE
7108,AW7640,CDG - OSL,2024-12-10 07:25:00,2024-12-10 09:05:00,2024-11-25,-15,OPEN,2,186,190,T,56.0,64,2628.0,555.04,0.34,64,ACTIVATED
7790,AW7641,OSL - CDG,2024-12-10 09:45:00,2024-12-10 13:20:00,2024-11-25,-16,OPEN,2,186,187,G,49.0,109,4969.0,2504.51,0.58,109,ACTIVATED
7225,AW7644,CDG - OSL,2024-12-10 11:35:00,2024-12-10 13:15:00,2024-11-25,-15,OPEN,2,189,190,T,56.0,73,3148.0,783.53,0.38,73,ACTIVATED
395,AW4634,CDG - VIE,2024-12-10 11:55:00,2024-12-10 14:05:00,2024-11-25,-15,CANCELLED,2,189,189,,,0,0.0,0.0,0.0,0,UNAVAILABLE
7314,AW7646,CDG - OSL,2024-12-10 13:00:00,2024-12-10 14:40:00,2024-11-25,-15,OPEN,2,189,192,T,56.0,80,4035.0,1443.8,0.42,80,ACTIVATED
7328,AW7645,OSL - CDG,2024-12-10 13:55:00,2024-12-10 17:30:00,2024-11-25,-16,OPEN,2,189,187,G,49.0,81,3566.0,1734.59,0.43,81,ACTIVATED
394,AW3281,TLL - CDG,2024-12-10 13:55:00,2024-12-10 15:55:00,2024-11-25,-15,CANCELLED,2,186,186,,,0,0.0,0.0,0.0,0,UNAVAILABLE
7985,AW3288,CDG - TLL,2024-12-10 14:05:00,2024-12-10 19:45:00,2024-11-25,-15,OPEN,2,189,192,L,137.0,117,10605.06,3728.97,0.61,117,SCHEDULED
396,AW4635,VIE - CDG,2024-12-10 14:50:00,2024-12-10 17:00:00,2024-11-25,-15,CANCELLED,2,189,189,,,0,0.0,0.0,0.0,0,UNAVAILABLE
7390,AW7647,OSL - CDG,2024-12-10 15:20:00,2024-12-10 18:55:00,2024-11-25,-16,OPEN,2,189,190,G,49.0,86,3224.0,1279.54,0.45,86,ACTIVATED
7698,AW7648,CDG - OSL,2024-12-10 16:20:00,2024-12-10 18:00:00,2024-11-25,-15,OPEN,2,189,190,T,56.0,105,4617.0,1216.05,0.55,105,ACTIVATED
9692,AW4636,CDG - VIE,2024-12-10 17:25:00,2024-12-10 19:35:00,2024-11-25,-15,OPEN,2,189,191,K,103.0,159,11456.52,6306.51,0.83,159,ACTIVATED
7158,AW7649,OSL - CDG,2024-12-10 18:40:00,2024-12-10 22:15:00,2024-11-25,-16,OPEN,2,189,187,G,49.0,68,2438.61,901.13,0.36,68,ACTIVATED
6818,AW4637,VIE - CDG,2024-12-10 20:20:00,2024-12-10 22:30:00,2024-11-25,-15,OPEN,2,189,193,T,57.0,43,2180.8,1372.4,0.22,43,ACTIVATED
7168,AW3289,TLL - CDG,2024-12-10 20:40:00,2024-12-10 22:40:00,2024-11-25,-15,OPEN,2,189,190,X,124.0,69,6686.0,5099.0,0.36,69,SCHEDULED
7077,AW4634,CDG - VIE,2024-12-11 07:00:00,2024-12-11 09:05:00,2024-11-25,-16,OPEN,2,189,192,G,52.0,61,3842.13,1866.34,0.32,61,ACTIVATED
7621,AW3280,CDG - TLL,2024-12-11 07:20:00,2024-12-11 13:00:00,2024-11-25,-16,OPEN,2,186,192,R,108.0,101,9713.34,3777.57,0.53,101,SCHEDULED
505,AW7640,CDG - OSL,2024-12-11 07:25:00,2024-12-11 09:05:00,2024-11-25,-16,CANCELLED,2,186,186,,,0,0.0,0.0,0.0,0,UNAVAILABLE
626,AW7641,OSL - CDG,2024-12-11 09:45:00,2024-12-11 13:20:00,2024-11-25,-17,CANCELLED,2,186,186,,,0,0.0,0.0,0.0,0,UNAVAILABLE
7078,AW4635,VIE - CDG,2024-12-11 09:50:00,2024-12-11 12:00:00,2024-11-25,-16,OPEN,2,189,192,T,57.0,61,2818.0,1671.2,0.32,61,ACTIVATED
7362,AW7644,CDG - OSL,2024-12-11 11:30:00,2024-12-11 13:10:00,2024-11-25,-16,OPEN,2,186,189,T,56.0,84,4061.0,1340.24,0.44,84,ACTIVATED
8170,AW3288,CDG - TLL,2024-12-11 12:30:00,2024-12-11 18:10:00,2024-11-25,-16,OPEN,2,186,192,R,108.0,123,10118.0,2889.29,0.64,123,SCHEDULED
7304,AW7646,CDG - OSL,2024-12-11 12:50:00,2024-12-11 14:30:00,2024-11-25,-16,OPEN,2,189,189,T,56.0,79,3810.39,1251.58,0.42,79,ACTIVATED
7213,AW7645,OSL - CDG,2024-12-11 13:50:00,2024-12-11 17:25:00,2024-11-25,-17,OPEN,2,186,188,G,49.0,72,3010.0,1389.88,0.38,72,ACTIVATED
506,AW4638,CDG - VIE,2024-12-11 13:55:00,2024-12-11 16:05:00,2024-11-25,-16,CANCELLED,2,189,189,,,0,0.0,0.0,0.0,0,UNAVAILABLE
7572,AW3281,TLL - CDG,2024-12-11 13:55:00,2024-12-11 15:55:00,2024-11-25,-16,OPEN,2,186,190,G,85.0,99,7975.0,5698.0,0.52,99,SCHEDULED
7411,AW7647,OSL - CDG,2024-12-11 15:10:00,2024-12-11 18:45:00,2024-11-25,-17,OPEN,2,189,189,G,49.0,88,3214.61,1224.93,0.47,88,ACTIVATED
9282,AW4630,CDG - VIE,2024-12-11 16:20:00,2024-12-11 18:30:00,2024-11-25,-16,OPEN,2,189,192,X,80.0,152,8819.91,3896.63,0.79,152,ACTIVATED
7592,AW7648,CDG - OSL,2024-12-11 16:20:00,2024-12-11 18:00:00,2024-11-25,-16,OPEN,2,189,193,T,56.0,100,4633.0,1394.0,0.52,100,ACTIVATED
507,AW4639,VIE - CDG,2024-12-11 16:50:00,2024-12-11 19:00:00,2024-11-25,-16,CANCELLED,2,189,189,,,0,0.0,0.0,0.0,0,UNAVAILABLE
6886,AW7649,OSL - CDG,2024-12-11 18:40:00,2024-12-11 22:15:00,2024-11-25,-17,OPEN,2,189,191,T,59.0,47,1692.0,629.33,0.25,47,ACTIVATED
7740,AW3289,TLL - CDG,2024-12-11 19:05:00,2024-12-11 21:05:00,2024-11-25,-16,OPEN,2,186,190,T,96.0,107,9477.0,7016.0,0.56,107,SCHEDULED
6801,AW4631,VIE - CDG,2024-12-11 19:15:00,2024-12-11 21:25:00,2024-11-25,-16,OPEN,2,189,192,T,57.0,42,2423.0,1633.4,0.22,42,ACTIVATED
627,AW4630,CDG - VIE,2024-12-12 06:05:00,2024-12-12 08:15:00,2024-11-25,-17,CANCELLED,2,186,189,,,0,0.0,0.0,0.0,0,UNAVAILABLE
7767,AW3280,CDG - TLL,2024-12-12 07:00:00,2024-12-12 12:40:00,2024-11-25,-17,OPEN,2,189,193,L,137.0,108,11130.53,4783.37,0.56,108,SCHEDULED
7488,AW7640,CDG - OSL,2024-12-12 07:25:00,2024-12-12 09:05:00,2024-11-25,-17,OPEN,2,189,188,T,56.0,93,4317.39,1305.12,0.49,93,ACTIVATED
628,AW4631,VIE - CDG,2024-12-12 09:00:00,2024-12-12 11:10:00,2024-11-25,-17,CANCELLED,2,186,189,,,0,0.0,0.0,0.0,0,UNAVAILABLE
8271,AW7641,OSL - CDG,2024-12-12 09:45:00,2024-12-12 13:20:00,2024-11-25,-18,OPEN,2,189,189,R,72.0,126,5619.22,2772.31,0.67,126,ACTIVATED
7290,AW4634,CDG - VIE,2024-12-12 11:55:00,2024-12-12 14:05:00,2024-11-25,-17,OPEN,2,189,190,G,52.0,78,4897.39,2370.97,0.41,78,ACTIVATED
8018,AW7646,CDG - OSL,2024-12-12 12:20:00,2024-12-12 14:00:00,2024-11-25,-17,OPEN,2,189,191,R,64.0,118,5904.67,2082.65,0.62,118,ACTIVATED
7315,AW3281,TLL - CDG,2024-12-12 13:35:00,2024-12-12 15:35:00,2024-11-25,-17,OPEN,2,189,194,G,85.0,80,6602.0,4762.0,0.41,80,SCHEDULED
7274,AW3288,CDG - TLL,2024-12-12 14:10:00,2024-12-12 19:50:00,2024-11-25,-17,OPEN,2,189,190,L,137.0,77,8032.32,3507.03,0.41,77,SCHEDULED
7316,AW7647,OSL - CDG,2024-12-12 14:35:00,2024-12-12 18:10:00,2024-11-25,-18,OPEN,2,189,192,G,49.0,80,3932.0,2123.2,0.42,80,ACTIVATED
7262,AW4635,VIE - CDG,2024-12-12 14:50:00,2024-12-12 17:00:00,2024-11-25,-17,OPEN,2,189,189,T,57.0,76,4081.0,2652.2,0.4,76,ACTIVATED
7451,AW7656,CDG - OSL,2024-12-12 15:30:00,2024-12-12 17:10:00,2024-11-25,-17,OPEN,2,186,188,G,49.0,91,4286.0,1338.51,0.48,91,ACTIVATED
7149,AW7648,CDG - OSL,2024-12-12 16:25:00,2024-12-12 18:05:00,2024-11-25,-17,OPEN,2,189,188,G,49.0,67,4096.0,1925.87,0.36,67,ACTIVATED
7641,AW4638,CDG - VIE,2024-12-12 17:05:00,2024-12-12 19:15:00,2024-11-25,-17,OPEN,2,189,194,G,52.0,102,6157.78,2854.0,0.53,102,ACTIVATED
7291,AW7657,OSL - CDG,2024-12-12 17:50:00,2024-12-12 21:25:00,2024-11-25,-18,OPEN,2,186,190,G,49.0,78,3133.0,1369.42,0.41,78,ACTIVATED
7660,AW7649,OSL - CDG,2024-12-12 18:40:00,2024-12-12 22:15:00,2024-11-25,-18,OPEN,2,189,190,G,49.0,103,4255.0,1926.17,0.54,103,ACTIVATED
7593,AW4639,VIE - CDG,2024-12-12 20:00:00,2024-12-12 22:10:00,2024-11-25,-17,OPEN,2,189,191,G,50.0,100,4893.8,3013.8,0.52,100,ACTIVATED
7986,AW3289,TLL - CDG,2024-12-12 20:45:00,2024-12-12 22:45:00,2024-11-25,-17,OPEN,2,189,191,R,109.0,117,9440.0,6749.0,0.61,117,SCHEDULED
7045,AW4630,CDG - VIE,2024-12-13 06:05:00,2024-12-13 08:15:00,2024-11-25,-18,OPEN,2,189,195,G,52.0,58,3192.0,1313.38,0.3,58,ACTIVATED
7877,AW3280,CDG - TLL,2024-12-13 07:05:00,2024-12-13 12:45:00,2024-11-25,-18,OPEN,2,186,191,Q,191.0,113,11954.79,5313.78,0.59,113,SCHEDULED
736,AW7640,CDG - OSL,2024-12-13 07:20:00,2024-12-13 09:00:00,2024-11-25,-18,CANCELLED,2,186,189,,,0,0.0,0.0,0.0,0,UNAVAILABLE
8171,AW4631,VIE - CDG,2024-12-13 09:00:00,2024-12-13 11:10:00,2024-11-25,-18,OPEN,2,189,191,X,77.0,123,7434.0,5121.6,0.64,123,ACTIVATED
868,AW7641,OSL - CDG,2024-12-13 09:40:00,2024-12-13 13:15:00,2024-11-25,-19,CANCELLED,2,186,189,,,0,0.0,0.0,0.0,0,UNAVAILABLE
9050,AW4634,CDG - VIE,2024-12-13 10:25:00,2024-12-13 12:35:00,2024-11-25,-18,OPEN,2,189,195,X,80.0,147,10243.91,5482.58,0.75,147,ACTIVATED
7987,AW7644,CDG - OSL,2024-12-13 11:30:00,2024-12-13 13:10:00,2024-11-25,-18,OPEN,2,189,190,R,64.0,117,7088.0,3298.37,0.62,117,ACTIVATED
9049,AW3288,CDG - TLL,2024-12-13 12:20:00,2024-12-13 18:00:00,2024-11-25,-18,OPEN,2,189,194,K,153.0,147,13456.87,4817.68,0.76,147,SCHEDULED
8019,AW7650,CDG - OSL,2024-12-13 13:15:00,2024-12-13 14:55:00,2024-11-25,-18,OPEN,2,189,193,L,84.0,118,6320.39,2498.37,0.61,118,ACTIVATED
8873,AW4635,VIE - CDG,2024-12-13 13:20:00,2024-12-13 15:30:00,2024-11-25,-18,OPEN,2,189,191,R,66.0,143,7348.8,4660.4,0.75,143,ACTIVATED
7452,AW3281,TLL - CDG,2024-12-13 13:40:00,2024-12-13 15:40:00,2024-11-25,-18,OPEN,2,186,189,T,96.0,91,8007.0,5914.0,0.48,91,SCHEDULED
8137,AW7645,OSL - CDG,2024-12-13 13:50:00,2024-12-13 17:25:00,2024-11-25,-19,OPEN,2,189,188,R,72.0,122,6515.0,3756.58,0.65,122,ACTIVATED
738,AW4636,CDG - VIE,2024-12-13 14:45:00,2024-12-13 16:55:00,2024-11-25,-18,CANCELLED,2,189,189,,,0,0.0,0.0,0.0,0,UNAVAILABLE
8272,AW7651,OSL - CDG,2024-12-13 15:35:00,2024-12-13 19:10:00,2024-11-25,-19,OPEN,2,189,192,R,72.0,126,5101.61,2252.75,0.66,126,ACTIVATED
7857,AW7646,CDG - OSL,2024-12-13 16:10:00,2024-12-13 17:50:00,2024-11-25,-18,OPEN,2,189,193,R,64.0,112,6932.39,3304.71,0.58,112,ACTIVATED
737,AW7648,CDG - OSL,2024-12-13 16:20:00,2024-12-13 18:00:00,2024-11-25,-18,CANCELLED,2,189,189,,,0,0.0,0.0,0.0,0,UNAVAILABLE
739,AW4637,VIE - CDG,2024-12-13 17:40:00,2024-12-13 19:50:00,2024-11-25,-18,CANCELLED,2,189,189,,,0,0.0,0.0,0.0,0,UNAVAILABLE
7913,AW4638,CDG - VIE,2024-12-13 17:45:00,2024-12-13 19:55:00,2024-11-25,-18,OPEN,2,189,194,T,59.0,114,8283.52,4591.06,0.59,114,ACTIVATED
8172,AW7647,OSL - CDG,2024-12-13 18:30:00,2024-12-13 22:05:00,2024-11-25,-19,OPEN,2,189,192,R,72.0,123,4301.0,1519.97,0.64,123,ACTIVATED
869,AW7649,OSL - CDG,2024-12-13 18:40:00,2024-12-13 22:15:00,2024-11-25,-19,CANCELLED,2,189,189,,,0,0.0,0.0,0.0,0,UNAVAILABLE
7453,AW3289,TLL - CDG,2024-12-13 18:55:00,2024-12-13 20:55:00,2024-11-25,-18,OPEN,2,189,192,T,96.0,91,8387.0,6294.0,0.47,91,SCHEDULED
7533,AW4639,VIE - CDG,2024-12-13 20:40:00,2024-12-13 22:50:00,2024-11-25,-18,OPEN,2,189,191,G,50.0,97,6319.0,4495.4,0.51,97,ACTIVATED
870,AW4630,CDG - VIE,2024-12-14 06:00:00,2024-12-14 08:10:00,2024-11-25,-19,CANCELLED,2,189,189,,,0,0.0,0.0,0.0,0,UNAVAILABLE
8273,AW4670,CDG - BUD,2024-12-14 06:20:00,2024-12-14 09:25:00,2024-11-25,-19,OPEN,2,186,168,R,61.0,126,6934.0,2852.86,0.75,126,SCHEDULED
7596,AW7640,CDG - OSL,2024-12-14 07:35:00,2024-12-14 09:15:00,2024-11-25,-19,OPEN,2,189,190,X,74.0,100,5809.78,2570.78,0.53,100,ACTIVATED
7455,AW3282,CDG - TLL,2024-12-14 07:35:00,2024-12-14 13:15:00,2024-11-25,-19,OPEN,2,186,187,K,153.0,91,10269.0,4920.93,0.49,91,SCHEDULED
871,AW4631,VIE - CDG,2024-12-14 08:55:00,2024-12-14 11:05:00,2024-11-25,-19,CANCELLED,2,189,189,,,0,0.0,0.0,0.0,0,UNAVAILABLE
8020,AW4634,CDG - VIE,2024-12-14 09:35:00,2024-12-14 11:45:00,2024-11-25,-19,OPEN,2,189,193,R,69.0,118,7946.0,4123.98,0.61,118,ACTIVATED
8173,AW7641,OSL - CDG,2024-12-14 09:55:00,2024-12-14 13:30:00,2024-11-25,-20,OPEN,2,189,192,G,49.0,123,5404.22,2634.89,0.64,123,ACTIVATED
7878,AW4671,BUD - CDG,2024-12-14 10:10:00,2024-12-14 15:15:00,2024-11-25,-20,OPEN,2,186,168,T,49.0,113,5416.46,4306.8,0.67,113,DEACTIVATED
7716,AW7644,CDG - OSL,2024-12-14 11:35:00,2024-12-14 13:15:00,2024-11-25,-19,OPEN,2,186,187,R,64.0,106,5947.0,2513.66,0.57,106,ACTIVATED
7275,AW4635,VIE - CDG,2024-12-14 12:30:00,2024-12-14 14:40:00,2024-11-25,-19,OPEN,2,189,191,G,50.0,77,4993.6,3546.0,0.4,77,ACTIVATED
7642,AW7646,CDG - OSL,2024-12-14 12:45:00,2024-12-14 14:25:00,2024-11-25,-19,OPEN,2,189,190,T,56.0,102,5628.0,2324.22,0.54,102,ACTIVATED
7454,AW3280,CDG - TLL,2024-12-14 13:40:00,2024-12-14 19:20:00,2024-11-25,-19,OPEN,2,186,190,L,137.0,91,10632.51,5284.44,0.48,91,SCHEDULED
8201,AW7645,OSL - CDG,2024-12-14 13:55:00,2024-12-14 17:30:00,2024-11-25,-20,OPEN,2,186,189,T,59.0,124,4939.0,2135.36,0.66,124,ACTIVATED
7595,AW3283,TLL - CDG,2024-12-14 14:10:00,2024-12-14 16:10:00,2024-11-25,-19,OPEN,2,186,191,T,96.0,100,9016.0,6716.0,0.52,100,SCHEDULED
7425,AW7647,OSL - CDG,2024-12-14 15:05:00,2024-12-14 18:40:00,2024-11-25,-20,OPEN,2,189,192,G,49.0,89,3679.0,1666.71,0.46,89,ACTIVATED
7552,AW7648,CDG - OSL,2024-12-14 16:20:00,2024-12-14 18:00:00,2024-11-25,-19,OPEN,2,189,187,R,64.0,98,5667.0,2492.78,0.52,98,ACTIVATED
7679,AW4638,CDG - VIE,2024-12-14 17:45:00,2024-12-14 19:55:00,2024-11-25,-19,OPEN,2,186,189,G,52.0,104,5778.26,2409.7,0.55,104,ACTIVATED
7352,AW7649,OSL - CDG,2024-12-14 18:40:00,2024-12-14 22:15:00,2024-11-25,-20,OPEN,2,189,189,G,49.0,83,3078.0,1213.07,0.44,83,ACTIVATED
7373,AW3281,TLL - CDG,2024-12-14 20:15:00,2024-12-14 22:15:00,2024-11-25,-19,OPEN,2,186,194,X,124.0,85,7517.0,5562.0,0.44,85,SCHEDULED
6405,AW4639,VIE - CDG,2024-12-14 20:40:00,2024-12-14 22:50:00,2024-11-25,-19,OPEN,2,186,188,G,50.0,25,1340.0,870.0,0.13,25,ACTIVATED
7353,AW4630,CDG - VIE,2024-12-15 06:05:00,2024-12-15 08:15:00,2024-11-25,-20,OPEN,2,186,190,K,103.0,83,4491.78,1803.41,0.44,83,ACTIVATED
8138,AW4670,CDG - BUD,2024-12-15 06:45:00,2024-12-15 09:50:00,2024-11-25,-20,OPEN,2,186,187,G,46.0,122,6705.0,2753.42,0.65,122,SCHEDULED
7622,AW3280,CDG - TLL,2024-12-15 07:00:00,2024-12-15 12:40:00,2024-11-25,-20,OPEN,2,186,192,V,171.0,101,11691.07,5755.3,0.53,101,SCHEDULED
998,AW4634,CDG - VIE,2024-12-15 07:45:00,2024-12-15 09:55:00,2024-11-25,-20,CANCELLED,2,189,189,,,0,0.0,0.0,0.0,0,UNAVAILABLE
8489,AW4631,VIE - CDG,2024-12-15 09:00:00,2024-12-15 11:10:00,2024-11-25,-20,OPEN,2,186,189,L,87.0,133,7019.0,4518.6,0.7,133,ACTIVATED
7643,AW4671,BUD - CDG,2024-12-15 10:35:00,2024-12-15 15:40:00,2024-11-25,-21,OPEN,2,186,188,T,49.0,102,5134.0,4132.36,0.54,102,DEACTIVATED
997,AW7642,CDG - OSL,2024-12-15 10:35:00,2024-12-15 12:15:00,2024-11-25,-20,CANCELLED,2,189,189,,,0,0.0,0.0,0.0,0,UNAVAILABLE
999,AW4635,VIE - CDG,2024-12-15 10:40:00,2024-12-15 12:50:00,2024-11-25,-20,CANCELLED,2,189,189,,,0,0.0,0.0,0.0,0,UNAVAILABLE
1000,AW4636,CDG - VIE,2024-12-15 11:15:00,2024-12-15 13:25:00,2024-11-25,-20,CANCELLED,2,189,189,,,0,0.0,0.0,0.0,0,UNAVAILABLE
8203,AW7646,CDG - OSL,2024-12-15 11:35:00,2024-12-15 13:15:00,2024-11-25,-20,OPEN,2,189,192,L,84.0,124,7084.0,3067.64,0.65,124,ACTIVATED
1136,AW7643,OSL - CDG,2024-12-15 12:55:00,2024-12-15 16:30:00,2024-11-25,-21,CANCELLED,2,189,189,,,0,0.0,0.0,0.0,0,UNAVAILABLE
8202,AW7644,CDG - OSL,2024-12-15 13:20:00,2024-12-15 15:00:00,2024-11-25,-20,OPEN,2,189,192,R,64.0,124,7516.0,3499.64,0.65,124,ACTIVATED
7623,AW3281,TLL - CDG,2024-12-15 13:35:00,2024-12-15 15:35:00,2024-11-25,-20,OPEN,2,186,190,R,109.0,101,8921.0,6598.0,0.53,101,SCHEDULED
8729,AW7647,OSL - CDG,2024-12-15 13:55:00,2024-12-15 17:30:00,2024-11-25,-21,OPEN,2,189,194,T,59.0,139,7632.0,4489.21,0.72,139,ACTIVATED
1001,AW4637,VIE - CDG,2024-12-15 14:10:00,2024-12-15 16:20:00,2024-11-25,-20,CANCELLED,2,189,189,,,0,0.0,0.0,0.0,0,UNAVAILABLE
7553,AW3288,CDG - TLL,2024-12-15 14:10:00,2024-12-15 19:50:00,2024-11-25,-20,OPEN,2,189,194,K,153.0,98,12955.3,7195.84,0.51,98,SCHEDULED
9284,AW7645,OSL - CDG,2024-12-15 15:40:00,2024-12-15 19:15:00,2024-11-25,-21,OPEN,2,189,194,X,85.0,152,8281.94,4858.87,0.78,152,ACTIVATED
8367,AW7648,CDG - OSL,2024-12-15 16:20:00,2024-12-15 18:00:00,2024-11-25,-20,OPEN,2,186,192,V,109.0,129,8932.0,4753.69,0.67,129,ACTIVATED
8366,AW4638,CDG - VIE,2024-12-15 16:30:00,2024-12-15 18:40:00,2024-11-25,-20,OPEN,2,189,193,L,91.0,129,10774.26,6595.95,0.67,129,ACTIVATED
9181,AW7649,OSL - CDG,2024-12-15 18:40:00,2024-12-15 22:15:00,2024-11-25,-21,OPEN,2,186,194,L,99.0,150,8345.61,4954.11,0.77,150,ACTIVATED
9402,AW4639,VIE - CDG,2024-12-15 19:25:00,2024-12-15 21:35:00,2024-11-25,-20,OPEN,2,189,192,R,66.0,154,9890.8,6995.6,0.8,154,ACTIVATED
9526,AW3289,TLL - CDG,2024-12-15 20:45:00,2024-12-15 22:45:00,2024-11-25,-20,OPEN,2,189,193,V,176.0,156,13587.0,9999.0,0.81,156,SCHEDULED
7879,AW4630,CDG - VIE,2024-12-16 06:05:00,2024-12-16 08:15:00,2024-11-25,-21,OPEN,2,186,189,G,52.0,113,5393.0,1732.93,0.6,113,ACTIVATED
7520,AW3280,CDG - TLL,2024-12-16 06:20:00,2024-12-16 12:00:00,2024-11-25,-21,OPEN,2,186,189,X,123.0,96,11060.02,5418.1,0.51,96,SCHEDULED
7624,AW7640,CDG - OSL,2024-12-16 07:25:00,2024-12-16 09:05:00,2024-11-25,-21,OPEN,2,189,192,R,64.0,101,4926.0,1654.61,0.53,101,ACTIVATED
8106,AW4631,VIE - CDG,2024-12-16 09:00:00,2024-12-16 11:10:00,2024-11-25,-21,OPEN,2,186,188,N,44.0,121,6101.0,3826.2,0.64,121,ACTIVATED
7249,AW7641,OSL - CDG,2024-12-16 09:45:00,2024-12-16 13:20:00,2024-11-25,-22,OPEN,2,189,192,R,72.0,75,3111.0,1419.15,0.39,75,ACTIVATED
8139,AW4634,CDG - VIE,2024-12-16 10:25:00,2024-12-16 12:35:00,2024-11-25,-21,OPEN,2,189,191,T,59.0,122,7502.13,3550.55,0.64,122,ACTIVATED
8080,AW7644,CDG - OSL,2024-12-16 11:35:00,2024-12-16 13:15:00,2024-11-25,-21,OPEN,2,189,192,X,74.0,120,6535.0,2648.2,0.62,120,ACTIVATED
7818,AW7646,CDG - OSL,2024-12-16 12:40:00,2024-12-16 14:20:00,2024-11-25,-21,OPEN,2,189,192,T,56.0,110,5645.56,2082.66,0.57,110,ACTIVATED
7196,AW3281,TLL - CDG,2024-12-16 12:55:00,2024-12-16 14:55:00,2024-11-25,-21,OPEN,2,186,191,T,96.0,71,5992.0,4359.0,0.37,71,SCHEDULED
7817,AW3288,CDG - TLL,2024-12-16 13:10:00,2024-12-16 18:50:00,2024-11-25,-21,OPEN,2,189,193,V,171.0,110,11818.77,5354.07,0.57,110,SCHEDULED
8368,AW4635,VIE - CDG,2024-12-16 13:20:00,2024-12-16 15:30:00,2024-11-25,-21,OPEN,2,189,191,T,57.0,129,6160.8,3735.6,0.68,129,ACTIVATED
6967,AW7645,OSL - CDG,2024-12-16 13:55:00,2024-12-16 17:30:00,2024-11-25,-22,OPEN,2,189,193,T,59.0,52,2416.0,1240.28,0.27,52,ACTIVATED
1137,AW4636,CDG - VIE,2024-12-16 14:45:00,2024-12-16 16:55:00,2024-11-25,-21,CANCELLED,2,189,189,,,0,0.0,0.0,0.0,0,UNAVAILABLE
7402,AW7647,OSL - CDG,2024-12-16 15:00:00,2024-12-16 18:35:00,2024-11-25,-22,OPEN,2,189,192,G,49.0,87,3772.0,1804.93,0.45,87,ACTIVATED
7819,AW7650,CDG - OSL,2024-12-16 15:35:00,2024-12-16 17:15:00,2024-11-25,-21,OPEN,2,189,192,T,56.0,110,5781.0,2218.1,0.57,110,ACTIVATED
7741,AW7648,CDG - OSL,2024-12-16 16:20:00,2024-12-16 18:00:00,2024-11-25,-21,OPEN,2,189,192,R,64.0,107,6293.78,2828.05,0.56,107,ACTIVATED
8204,AW4638,CDG - VIE,2024-12-16 17:25:00,2024-12-16 19:35:00,2024-11-25,-21,OPEN,2,186,188,T,59.0,124,8569.52,4553.16,0.66,124,ACTIVATED
1138,AW4637,VIE - CDG,2024-12-16 17:40:00,2024-12-16 19:50:00,2024-11-25,-21,CANCELLED,2,189,189,,,0,0.0,0.0,0.0,0,UNAVAILABLE
8237,AW7651,OSL - CDG,2024-12-16 17:55:00,2024-12-16 21:30:00,2024-11-25,-22,OPEN,2,189,193,G,49.0,125,4529.0,1702.75,0.65,125,ACTIVATED
7477,AW7649,OSL - CDG,2024-12-16 18:40:00,2024-12-16 22:15:00,2024-11-25,-22,OPEN,2,189,192,X,85.0,92,3454.0,1377.78,0.48,92,ACTIVATED
7597,AW3289,TLL - CDG,2024-12-16 19:45:00,2024-12-16 21:45:00,2024-11-25,-21,OPEN,2,189,194,K,157.0,100,9281.0,6981.0,0.52,100,SCHEDULED
7791,AW4639,VIE - CDG,2024-12-16 20:20:00,2024-12-16 22:30:00,2024-11-25,-21,OPEN,2,186,188,N,44.0,109,4538.0,2488.8,0.58,109,ACTIVATED
7661,AW3280,CDG - TLL,2024-12-17 07:15:00,2024-12-17 12:55:00,2024-11-25,-22,OPEN,2,186,191,Q,191.0,103,12178.11,6124.8,0.54,103,SCHEDULED
7478,AW7640,CDG - OSL,2024-12-17 07:25:00,2024-12-17 09:05:00,2024-11-25,-22,OPEN,2,186,190,X,74.0,92,4636.0,1656.12,0.48,92,ACTIVATED
6634,AW7641,OSL - CDG,2024-12-17 09:45:00,2024-12-17 13:20:00,2024-11-25,-23,OPEN,2,186,187,G,49.0,33,1495.61,749.48,0.18,33,ACTIVATED
8301,AW7644,CDG - OSL,2024-12-17 11:35:00,2024-12-17 13:15:00,2024-11-25,-22,OPEN,2,189,192,X,74.0,127,7281.0,3167.47,0.66,127,ACTIVATED
7988,AW4634,CDG - VIE,2024-12-17 11:55:00,2024-12-17 14:05:00,2024-11-25,-22,OPEN,2,189,189,T,59.0,117,6906.78,3117.15,0.62,117,ACTIVATED
7573,AW7646,CDG - OSL,2024-12-17 13:00:00,2024-12-17 14:40:00,2024-11-25,-22,OPEN,2,189,192,X,74.0,99,5641.0,2434.39,0.52,99,ACTIVATED
7426,AW3281,TLL - CDG,2024-12-17 13:50:00,2024-12-17 15:50:00,2024-11-25,-22,OPEN,2,186,190,N,75.0,89,6592.0,4545.0,0.47,89,SCHEDULED
7680,AW7645,OSL - CDG,2024-12-17 13:55:00,2024-12-17 17:30:00,2024-11-25,-23,OPEN,2,189,190,R,72.0,104,4415.0,2063.56,0.55,104,ACTIVATED
7742,AW3288,CDG - TLL,2024-12-17 14:05:00,2024-12-17 19:45:00,2024-11-25,-22,OPEN,2,189,192,V,171.0,107,12690.53,6402.14,0.56,107,SCHEDULED
7456,AW4635,VIE - CDG,2024-12-17 14:50:00,2024-12-17 17:00:00,2024-11-25,-22,OPEN,2,189,189,G,50.0,91,3973.0,2262.2,0.48,91,ACTIVATED
6784,AW7647,OSL - CDG,2024-12-17 15:20:00,2024-12-17 18:55:00,2024-11-25,-23,OPEN,2,189,190,G,49.0,41,2004.0,1076.99,0.22,41,ACTIVATED
8394,AW7648,CDG - OSL,2024-12-17 16:20:00,2024-12-17 18:00:00,2024-11-25,-22,OPEN,2,189,192,X,74.0,130,7847.39,3636.69,0.68,130,ACTIVATED
7914,AW4636,CDG - VIE,2024-12-17 17:25:00,2024-12-17 19:35:00,2024-11-25,-22,OPEN,2,189,191,N,45.0,114,6417.39,2724.93,0.6,114,ACTIVATED
7014,AW7649,OSL - CDG,2024-12-17 18:40:00,2024-12-17 22:15:00,2024-11-25,-23,OPEN,2,189,190,T,59.0,55,2279.61,1036.06,0.29,55,ACTIVATED
6179,AW4637,VIE - CDG,2024-12-17 20:20:00,2024-12-17 22:30:00,2024-11-25,-22,OPEN,2,189,193,N,44.0,18,1026.0,687.6,0.09,18,ACTIVATED
7250,AW3289,TLL - CDG,2024-12-17 20:40:00,2024-12-17 22:40:00,2024-11-25,-22,OPEN,2,189,190,N,75.0,75,5707.0,3982.0,0.39,75,SCHEDULED
9004,AW3280,CDG - TLL,2024-12-18 07:20:00,2024-12-18 13:00:00,2024-11-25,-23,OPEN,2,186,191,I,254.0,146,20077.09,11496.67,0.76,146,SCHEDULED
7625,AW7640,CDG - OSL,2024-12-18 07:25:00,2024-12-18 09:05:00,2024-11-25,-23,OPEN,2,189,192,X,74.0,101,6523.0,3251.61,0.53,101,ACTIVATED
7169,AW7641,OSL - CDG,2024-12-18 09:45:00,2024-12-18 13:20:00,2024-11-25,-24,OPEN,2,189,191,T,59.0,69,2981.83,1421.74,0.36,69,ACTIVATED
1454,AW4634,CDG - VIE,2024-12-18 10:35:00,2024-12-18 12:45:00,2024-11-25,-23,CANCELLED,2,189,189,,,0,0.0,0.0,0.0,0,UNAVAILABLE
8059,AW7644,CDG - OSL,2024-12-18 11:30:00,2024-12-18 13:10:00,2024-11-25,-23,OPEN,2,189,188,L,84.0,119,10025.0,6170.59,0.63,119,ACTIVATED
8302,AW3288,CDG - TLL,2024-12-18 12:30:00,2024-12-18 18:10:00,2024-11-25,-23,OPEN,2,186,191,I,254.0,127,17040.0,9576.21,0.66,127,SCHEDULED
7626,AW7646,CDG - OSL,2024-12-18 12:50:00,2024-12-18 14:30:00,2024-11-25,-23,OPEN,2,186,189,L,84.0,101,8457.0,5185.61,0.53,101,ACTIVATED
1455,AW4635,VIE - CDG,2024-12-18 13:30:00,2024-12-18 15:40:00,2024-11-25,-23,CANCELLED,2,189,189,,,0,0.0,0.0,0.0,0,UNAVAILABLE
7058,AW7645,OSL - CDG,2024-12-18 13:50:00,2024-12-18 17:25:00,2024-11-25,-24,OPEN,2,189,188,R,72.0,59,2345.0,1011.01,0.31,59,ACTIVATED
8238,AW4638,CDG - VIE,2024-12-18 13:55:00,2024-12-18 16:05:00,2024-11-25,-23,OPEN,2,189,191,R,69.0,125,7646.13,3597.38,0.65,125,ACTIVATED
6958,AW3281,TLL - CDG,2024-12-18 13:55:00,2024-12-18 15:55:00,2024-11-25,-23,OPEN,2,186,190,N,75.0,51,4049.0,2876.0,0.27,51,SCHEDULED
6836,AW7647,OSL - CDG,2024-12-18 15:10:00,2024-12-18 18:45:00,2024-11-25,-24,OPEN,2,186,188,N,40.0,44,1841.0,848.11,0.23,44,ACTIVATED
8205,AW4630,CDG - VIE,2024-12-18 16:20:00,2024-12-18 18:30:00,2024-11-25,-23,OPEN,2,189,191,T,59.0,124,7511.78,3495.42,0.65,124,ACTIVATED
8081,AW7648,CDG - OSL,2024-12-18 16:20:00,2024-12-18 18:00:00,2024-11-25,-23,OPEN,2,189,192,L,84.0,120,11113.0,7226.2,0.62,120,ACTIVATED
7699,AW4639,VIE - CDG,2024-12-18 16:50:00,2024-12-18 19:00:00,2024-11-25,-23,OPEN,2,189,192,G,50.0,105,4781.4,2807.4,0.55,105,ACTIVATED
6858,AW7649,OSL - CDG,2024-12-18 18:40:00,2024-12-18 22:15:00,2024-11-25,-24,OPEN,2,189,191,T,59.0,45,2029.0,1011.55,0.24,45,ACTIVATED
7276,AW3289,TLL - CDG,2024-12-18 19:05:00,2024-12-18 21:05:00,2024-11-25,-23,OPEN,2,186,190,N,75.0,77,6101.0,4330.0,0.41,77,SCHEDULED
7329,AW4631,VIE - CDG,2024-12-18 19:15:00,2024-12-18 21:25:00,2024-11-25,-23,OPEN,2,189,192,G,50.0,81,3727.0,2204.2,0.42,81,ACTIVATED
8303,AW4630,CDG - VIE,2024-12-19 06:05:00,2024-12-19 08:15:00,2024-11-25,-24,OPEN,2,186,191,L,91.0,127,8088.78,3975.25,0.66,127,ACTIVATED
8338,AW3280,CDG - TLL,2024-12-19 07:00:00,2024-12-19 12:40:00,2024-11-25,-24,OPEN,2,186,193,M,232.0,128,19968.11,12445.55,0.66,128,SCHEDULED
8275,AW7640,CDG - OSL,2024-12-19 07:25:00,2024-12-19 09:05:00,2024-11-25,-24,OPEN,2,186,188,H,138.0,126,12227.39,8146.25,0.67,126,ACTIVATED
8239,AW4631,VIE - CDG,2024-12-19 09:00:00,2024-12-19 11:10:00,2024-11-25,-24,OPEN,2,186,189,R,66.0,125,7193.0,4843.0,0.66,125,ACTIVATED
7237,AW7641,OSL - CDG,2024-12-19 09:45:00,2024-12-19 13:20:00,2024-11-25,-25,OPEN,2,186,189,R,72.0,74,4449.22,2776.08,0.39,74,ACTIVATED
8174,AW3282,CDG - TLL,2024-12-19 11:00:00,2024-12-19 16:40:00,2024-11-25,-24,OPEN,2,189,193,F,279.0,123,17495.37,10266.66,0.64,123,SCHEDULED
8369,AW4634,CDG - VIE,2024-12-19 11:55:00,2024-12-19 14:05:00,2024-11-25,-24,OPEN,2,189,190,K,103.0,129,11461.39,7283.08,0.68,129,ACTIVATED
9139,AW7646,CDG - OSL,2024-12-19 12:20:00,2024-12-19 14:00:00,2024-11-25,-24,OPEN,2,189,191,I,171.0,149,17559.78,12733.67,0.78,149,ACTIVATED
7087,AW3281,TLL - CDG,2024-12-19 13:35:00,2024-12-19 15:35:00,2024-11-25,-24,OPEN,2,186,194,N,75.0,62,5149.0,3723.0,0.32,62,SCHEDULED
9005,AW3288,CDG - TLL,2024-12-19 14:10:00,2024-12-19 19:50:00,2024-11-25,-24,OPEN,2,186,189,I,254.0,146,22199.14,13618.72,0.77,146,SCHEDULED
7990,AW7647,OSL - CDG,2024-12-19 14:35:00,2024-12-19 18:10:00,2024-11-25,-25,OPEN,2,189,193,R,72.0,117,5151.61,2506.24,0.61,117,ACTIVATED
8653,AW4635,VIE - CDG,2024-12-19 14:50:00,2024-12-19 17:00:00,2024-11-25,-24,OPEN,2,189,189,X,77.0,137,8771.8,6196.2,0.72,137,ACTIVATED
7989,AW7656,CDG - OSL,2024-12-19 15:30:00,2024-12-19 17:10:00,2024-11-25,-24,OPEN,2,186,188,M,153.0,117,13924.78,10135.15,0.62,117,ACTIVATED
7743,AW7648,CDG - OSL,2024-12-19 16:25:00,2024-12-19 18:05:00,2024-11-25,-24,OPEN,2,186,187,H,138.0,107,12515.0,9049.27,0.57,107,ACTIVATED
8688,AW4638,CDG - VIE,2024-12-19 17:05:00,2024-12-19 19:15:00,2024-11-25,-24,OPEN,2,189,193,L,91.0,138,12159.39,7689.57,0.72,138,ACTIVATED
7317,AW3283,TLL - CDG,2024-12-19 17:35:00,2024-12-19 19:35:00,2024-11-25,-24,OPEN,2,189,194,N,75.0,80,6129.0,4289.0,0.41,80,SCHEDULED
7391,AW7657,OSL - CDG,2024-12-19 17:50:00,2024-12-19 21:25:00,2024-11-25,-25,OPEN,2,186,190,T,59.0,86,3227.61,1289.0,0.45,86,ACTIVATED
6918,AW7649,OSL - CDG,2024-12-19 18:40:00,2024-12-19 22:15:00,2024-11-25,-25,OPEN,2,186,189,N,40.0,49,1820.22,712.33,0.26,49,ACTIVATED
8825,AW4639,VIE - CDG,2024-12-19 20:00:00,2024-12-19 22:10:00,2024-11-25,-24,OPEN,2,189,192,X,77.0,142,9795.8,7126.2,0.74,142,ACTIVATED
7100,AW3289,TLL - CDG,2024-12-19 20:45:00,2024-12-19 22:45:00,2024-11-25,-24,OPEN,2,186,191,N,75.0,63,4709.0,3260.0,0.33,63,SCHEDULED
8762,AW4630,CDG - VIE,2024-12-20 06:05:00,2024-12-20 08:15:00,2024-11-25,-25,OPEN,2,189,194,I,160.0,140,12942.0,8407.4,0.72,140,ACTIVATED
7880,AW3280,CDG - TLL,2024-12-20 07:05:00,2024-12-20 12:45:00,2024-11-25,-25,OPEN,2,186,189,M,344.0,113,25569.77,18928.76,0.6,113,SCHEDULED
8689,AW7640,CDG - OSL,2024-12-20 07:20:00,2024-12-20 09:00:00,2024-11-25,-25,OPEN,2,189,191,H,245.0,138,21039.39,16569.57,0.72,138,ACTIVATED
8567,AW4631,VIE - CDG,2024-12-20 09:00:00,2024-12-20 11:10:00,2024-11-25,-25,OPEN,2,189,191,K,99.0,135,11017.0,8479.0,0.71,135,ACTIVATED
7957,AW7641,OSL - CDG,2024-12-20 09:40:00,2024-12-20 13:15:00,2024-11-25,-26,OPEN,2,189,191,G,49.0,116,7733.0,5110.24,0.61,116,ACTIVATED
8875,AW4634,CDG - VIE,2024-12-20 10:25:00,2024-12-20 12:35:00,2024-11-25,-25,OPEN,2,189,193,F,177.0,143,16403.78,11772.01,0.74,143,ACTIVATED
8961,AW7644,CDG - OSL,2024-12-20 11:30:00,2024-12-20 13:10:00,2024-11-25,-25,OPEN,2,186,188,I,301.0,145,25049.56,20353.01,0.77,145,ACTIVATED
7644,AW3288,CDG - TLL,2024-12-20 12:20:00,2024-12-20 18:00:00,2024-11-25,-25,OPEN,2,189,192,M,344.0,102,22618.0,16623.46,0.53,102,SCHEDULED
8963,AW7650,CDG - OSL,2024-12-20 13:15:00,2024-12-20 14:55:00,2024-11-25,-25,OPEN,2,189,191,V,195.0,145,22513.21,17816.66,0.76,145,ACTIVATED
8874,AW4635,VIE - CDG,2024-12-20 13:20:00,2024-12-20 15:30:00,2024-11-25,-25,OPEN,2,189,191,H,143.0,143,13742.8,11054.4,0.75,143,ACTIVATED
7111,AW3281,TLL - CDG,2024-12-20 13:40:00,2024-12-20 15:40:00,2024-11-25,-25,OPEN,2,186,188,R,109.0,64,6008.0,4536.0,0.34,64,SCHEDULED
8490,AW7645,OSL - CDG,2024-12-20 13:50:00,2024-12-20 17:25:00,2024-11-25,-26,OPEN,2,186,188,R,72.0,133,6944.61,3947.23,0.71,133,ACTIVATED
1806,AW4636,CDG - VIE,2024-12-20 14:45:00,2024-12-20 16:55:00,2024-11-25,-25,CANCELLED,2,189,189,,,0,0.0,0.0,0.0,0,UNAVAILABLE
7457,AW7651,OSL - CDG,2024-12-20 15:35:00,2024-12-20 19:10:00,2024-11-25,-26,OPEN,2,189,191,T,59.0,91,4506.0,2456.29,0.48,91,ACTIVATED
8922,AW7646,CDG - OSL,2024-12-20 16:10:00,2024-12-20 17:50:00,2024-11-25,-25,OPEN,2,189,191,M,272.0,144,23471.95,18807.79,0.75,144,ACTIVATED
8962,AW7648,CDG - OSL,2024-12-20 16:20:00,2024-12-20 18:00:00,2024-11-25,-25,OPEN,2,189,191,Q,220.0,145,26380.0,21683.45,0.76,145,ACTIVATED
1805,AW4637,VIE - CDG,2024-12-20 17:40:00,2024-12-20 19:50:00,2024-11-25,-25,CANCELLED,2,189,189,,,0,0.0,0.0,0.0,0,UNAVAILABLE
9140,AW4638,CDG - VIE,2024-12-20 17:45:00,2024-12-20 19:55:00,2024-11-25,-25,OPEN,2,189,193,F,177.0,149,21230.0,16403.89,0.77,149,ACTIVATED
8175,AW7647,OSL - CDG,2024-12-20 18:30:00,2024-12-20 22:05:00,2024-11-25,-26,OPEN,2,189,191,T,59.0,123,4821.0,2039.97,0.64,123,ACTIVATED
7820,AW7649,OSL - CDG,2024-12-20 18:40:00,2024-12-20 22:15:00,2024-11-25,-26,OPEN,2,189,192,T,59.0,110,4717.0,2229.9,0.57,110,ACTIVATED
7197,AW3289,TLL - CDG,2024-12-20 18:55:00,2024-12-20 20:55:00,2024-11-25,-25,OPEN,2,189,191,X,124.0,71,7888.0,6255.0,0.37,71,SCHEDULED
8533,AW4639,VIE - CDG,2024-12-20 20:40:00,2024-12-20 22:50:00,2024-11-25,-25,OPEN,2,189,191,V,113.0,134,12895.0,10375.8,0.7,134,ACTIVATED
8796,AW4630,CDG - VIE,2024-12-21 06:00:00,2024-12-21 08:10:00,2024-11-25,-26,OPEN,2,189,192,D,212.0,141,19300.78,14733.79,0.73,141,ACTIVATED
8339,AW4670,CDG - BUD,2024-12-21 06:20:00,2024-12-21 09:25:00,2024-11-25,-26,OPEN,2,186,131,Z,552.0,128,39360.0,35214.08,0.98,128,SCHEDULED
9007,AW7640,CDG - OSL,2024-12-21 07:35:00,2024-12-21 09:15:00,2024-11-25,-26,OPEN,2,189,189,I,301.0,146,31097.56,26368.62,0.77,146,ACTIVATED
9098,AW3282,CDG - TLL,2024-12-21 07:35:00,2024-12-21 13:15:00,2024-11-25,-26,OPEN,2,189,186,B,436.0,148,39971.02,31273.06,0.8,148,SCHEDULED
10070,AW4676,CDG - BUD,2024-12-21 07:45:00,2024-12-21 10:50:00,2024-11-25,-26,OPEN,2,186,189,S,471.0,165,51386.39,46042.04,0.87,165,SCHEDULED
9008,AW4631,VIE - CDG,2024-12-21 08:55:00,2024-12-21 11:05:00,2024-11-25,-26,OPEN,2,189,190,Q,128.0,146,13841.8,11097.0,0.77,146,ACTIVATED
9403,AW4634,CDG - VIE,2024-12-21 09:35:00,2024-12-21 11:45:00,2024-11-25,-26,OPEN,2,189,191,J,252.0,154,24261.78,19273.72,0.81,154,ACTIVATED
7821,AW7641,OSL - CDG,2024-12-21 09:55:00,2024-12-21 13:30:00,2024-11-25,-27,OPEN,2,189,191,X,85.0,110,7674.61,5197.26,0.58,110,ACTIVATED
7198,AW4671,BUD - CDG,2024-12-21 10:10:00,2024-12-21 15:15:00,2024-11-25,-27,OPEN,2,186,168,N,36.0,71,3473.0,2775.78,0.42,71,DEACTIVATED
8795,AW7644,CDG - OSL,2024-12-21 11:35:00,2024-12-21 13:15:00,2024-11-25,-26,OPEN,2,186,186,M,272.0,141,32494.39,27927.4,0.76,141,ACTIVATED
7341,AW4677,BUD - CDG,2024-12-21 11:40:00,2024-12-21 16:45:00,2024-11-25,-27,OPEN,2,186,189,N,36.0,82,3133.0,2327.76,0.43,82,DEACTIVATED
9006,AW4635,VIE - CDG,2024-12-21 12:30:00,2024-12-21 14:40:00,2024-11-25,-26,OPEN,2,189,191,Q,128.0,146,14826.6,12081.8,0.76,146,ACTIVATED
8426,AW7646,CDG - OSL,2024-12-21 12:45:00,2024-12-21 14:25:00,2024-11-25,-26,OPEN,2,189,189,H,245.0,131,31314.78,27071.69,0.69,131,ACTIVATED
8455,AW3280,CDG - TLL,2024-12-21 13:40:00,2024-12-21 19:20:00,2024-11-25,-26,OPEN,2,186,189,F,406.0,132,35654.0,27896.36,0.7,132,SCHEDULED
8609,AW7645,OSL - CDG,2024-12-21 13:55:00,2024-12-21 17:30:00,2024-11-25,-27,OPEN,2,186,188,R,72.0,136,7857.0,4782.04,0.72,136,ACTIVATED
7363,AW3283,TLL - CDG,2024-12-21 14:10:00,2024-12-21 16:10:00,2024-11-25,-26,OPEN,2,189,190,X,124.0,84,8294.0,6362.0,0.44,84,SCHEDULED
8491,AW7647,OSL - CDG,2024-12-21 15:05:00,2024-12-21 18:40:00,2024-11-25,-27,OPEN,2,189,192,R,72.0,133,7359.0,4351.87,0.69,133,ACTIVATED
8876,AW7648,CDG - OSL,2024-12-21 16:20:00,2024-12-21 18:00:00,2024-11-25,-26,OPEN,2,189,186,H,245.0,143,28728.43,24096.66,0.77,143,ACTIVATED
9099,AW4638,CDG - VIE,2024-12-21 17:45:00,2024-12-21 19:55:00,2024-11-25,-26,OPEN,2,189,191,D,212.0,148,23877.12,19083.4,0.77,148,ACTIVATED
7508,AW7649,OSL - CDG,2024-12-21 18:40:00,2024-12-21 22:15:00,2024-11-25,-27,OPEN,2,189,188,G,49.0,95,4019.0,1871.05,0.51,95,ACTIVATED
7427,AW3281,TLL - CDG,2024-12-21 20:15:00,2024-12-21 22:15:00,2024-11-25,-26,OPEN,2,186,193,T,96.0,89,7397.0,5350.0,0.46,89,SCHEDULED
8826,AW4639,VIE - CDG,2024-12-21 20:40:00,2024-12-21 22:50:00,2024-11-25,-26,OPEN,2,189,191,H,143.0,142,10863.0,8193.4,0.74,142,ACTIVATED
8276,AW4630,CDG - VIE,2024-12-22 06:05:00,2024-12-22 08:15:00,2024-11-25,-27,OPEN,2,189,192,I,160.0,126,14864.0,10782.86,0.66,126,ACTIVATED
10557,AW4670,CDG - BUD,2024-12-22 06:45:00,2024-12-22 09:50:00,2024-11-25,-27,OPEN,2,186,186,F,377.0,171,53872.17,48333.48,0.92,171,SCHEDULED
7992,AW3280,CDG - TLL,2024-12-22 07:00:00,2024-12-22 12:40:00,2024-11-25,-27,OPEN,2,186,190,I,375.0,117,30086.77,23210.68,0.62,117,SCHEDULED
2197,AW4634,CDG - VIE,2024-12-22 07:45:00,2024-12-22 09:55:00,2024-11-25,-27,CANCELLED,2,189,189,,,0,0.0,0.0,0.0,0,UNAVAILABLE
7836,AW4631,VIE - CDG,2024-12-22 09:00:00,2024-12-22 11:10:00,2024-11-25,-27,OPEN,2,189,191,L,87.0,111,8400.0,6313.2,0.58,111,ACTIVATED
8964,AW7642,CDG - OSL,2024-12-22 10:35:00,2024-12-22 12:15:00,2024-11-25,-27,OPEN,2,189,191,M,272.0,145,28226.52,23529.97,0.76,145,ACTIVATED
7392,AW4671,BUD - CDG,2024-12-22 10:35:00,2024-12-22 15:40:00,2024-11-25,-28,OPEN,2,186,188,N,36.0,86,3915.0,3070.48,0.46,86,DEACTIVATED
2196,AW4635,VIE - CDG,2024-12-22 10:40:00,2024-12-22 12:50:00,2024-11-25,-27,CANCELLED,2,189,189,,,0,0.0,0.0,0.0,0,UNAVAILABLE
9182,AW4636,CDG - VIE,2024-12-22 11:15:00,2024-12-22 13:25:00,2024-11-25,-27,OPEN,2,189,192,S,230.0,150,22604.78,17746.28,0.78,150,ACTIVATED
8965,AW7646,CDG - OSL,2024-12-22 11:35:00,2024-12-22 13:15:00,2024-11-25,-27,OPEN,2,189,191,I,301.0,145,27423.91,22727.36,0.76,145,ACTIVATED
8877,AW7643,OSL - CDG,2024-12-22 12:55:00,2024-12-22 16:30:00,2024-11-25,-28,OPEN,2,189,193,L,99.0,143,7186.0,3952.77,0.74,143,ACTIVATED
8763,AW7644,CDG - OSL,2024-12-22 13:20:00,2024-12-22 15:00:00,2024-11-25,-27,OPEN,2,189,190,M,272.0,140,25751.56,21216.96,0.74,140,ACTIVATED
7627,AW3281,TLL - CDG,2024-12-22 13:35:00,2024-12-22 15:35:00,2024-11-25,-27,OPEN,2,186,189,T,96.0,101,8651.0,6328.0,0.53,101,SCHEDULED
8240,AW7647,OSL - CDG,2024-12-22 13:55:00,2024-12-22 17:30:00,2024-11-25,-28,OPEN,2,189,194,X,85.0,125,5611.0,2784.75,0.64,125,ACTIVATED
8534,AW3288,CDG - TLL,2024-12-22 14:10:00,2024-12-22 19:50:00,2024-11-25,-27,OPEN,2,186,193,I,375.0,134,31731.0,23855.82,0.69,134,SCHEDULED
7935,AW4637,VIE - CDG,2024-12-22 14:10:00,2024-12-22 16:20:00,2024-11-25,-27,OPEN,2,189,191,L,87.0,115,8613.0,6451.0,0.6,115,ACTIVATED
7598,AW7645,OSL - CDG,2024-12-22 15:40:00,2024-12-22 19:15:00,2024-11-25,-28,OPEN,2,189,194,R,72.0,100,4147.0,1886.0,0.52,100,ACTIVATED
8966,AW7648,CDG - OSL,2024-12-22 16:20:00,2024-12-22 18:00:00,2024-11-25,-27,OPEN,2,189,191,I,301.0,145,25752.82,21056.27,0.76,145,ACTIVATED
8764,AW4638,CDG - VIE,2024-12-22 16:30:00,2024-12-22 18:40:00,2024-11-25,-27,OPEN,2,189,192,D,212.0,140,21254.39,16719.79,0.73,140,ACTIVATED
7958,AW7649,OSL - CDG,2024-12-22 18:40:00,2024-12-22 22:15:00,2024-11-25,-28,OPEN,2,189,193,X,85.0,116,4398.0,1775.24,0.6,116,ACTIVATED
7991,AW4639,VIE - CDG,2024-12-22 19:25:00,2024-12-22 21:35:00,2024-11-25,-27,OPEN,2,189,191,X,77.0,117,7578.0,5378.4,0.61,117,ACTIVATED
7792,AW3289,TLL - CDG,2024-12-22 20:45:00,2024-12-22 22:45:00,2024-11-25,-27,OPEN,2,186,192,R,109.0,109,9892.0,7385.0,0.57,109,SCHEDULED
7858,AW4630,CDG - VIE,2024-12-23 06:05:00,2024-12-23 08:15:00,2024-11-25,-28,OPEN,2,186,188,M,145.0,112,11360.0,7732.32,0.6,112,ACTIVATED
7915,AW3280,CDG - TLL,2024-12-23 06:20:00,2024-12-23 12:00:00,2024-11-25,-28,OPEN,2,186,188,H,314.0,114,24197.51,17497.73,0.61,114,SCHEDULED
8370,AW7640,CDG - OSL,2024-12-23 07:25:00,2024-12-23 09:05:00,2024-11-25,-28,OPEN,2,189,191,Q,220.0,129,19780.52,15602.21,0.68,129,ACTIVATED
8107,AW4631,VIE - CDG,2024-12-23 09:00:00,2024-12-23 11:10:00,2024-11-25,-28,OPEN,2,186,188,R,66.0,121,8014.0,5739.2,0.64,121,ACTIVATED
8241,AW7641,OSL - CDG,2024-12-23 09:45:00,2024-12-23 13:20:00,2024-11-25,-29,OPEN,2,189,192,X,85.0,125,5142.0,2315.75,0.65,125,ACTIVATED
8967,AW4634,CDG - VIE,2024-12-23 10:25:00,2024-12-23 12:35:00,2024-11-25,-28,OPEN,2,189,191,B,194.0,145,16189.56,11493.01,0.76,145,ACTIVATED
8730,AW7644,CDG - OSL,2024-12-23 11:35:00,2024-12-23 13:15:00,2024-11-25,-28,OPEN,2,189,190,H,245.0,139,25247.78,20745.57,0.73,139,ACTIVATED
8457,AW7646,CDG - OSL,2024-12-23 12:40:00,2024-12-23 14:20:00,2024-11-25,-28,OPEN,2,189,190,F,332.0,132,21616.08,17340.6,0.69,132,ACTIVATED
6968,AW3281,TLL - CDG,2024-12-23 12:55:00,2024-12-23 14:55:00,2024-11-25,-28,OPEN,2,186,190,G,85.0,52,4575.0,3379.0,0.27,52,SCHEDULED
7717,AW3288,CDG - TLL,2024-12-23 13:10:00,2024-12-23 18:50:00,2024-11-25,-28,OPEN,2,186,191,H,314.0,106,22611.0,16381.38,0.55,106,SCHEDULED
8878,AW4635,VIE - CDG,2024-12-23 13:20:00,2024-12-23 15:30:00,2024-11-25,-28,OPEN,2,189,191,R,66.0,143,9703.6,7015.2,0.75,143,ACTIVATED
7700,AW7645,OSL - CDG,2024-12-23 13:55:00,2024-12-23 17:30:00,2024-11-25,-29,OPEN,2,189,192,N,40.0,105,4640.61,2268.51,0.55,105,ACTIVATED
8610,AW4636,CDG - VIE,2024-12-23 14:45:00,2024-12-23 16:55:00,2024-11-25,-28,OPEN,2,189,191,M,145.0,136,16261.39,11856.35,0.71,136,ACTIVATED
7662,AW7647,OSL - CDG,2024-12-23 15:00:00,2024-12-23 18:35:00,2024-11-25,-29,OPEN,2,189,192,G,49.0,103,4024.0,1695.17,0.54,103,ACTIVATED
8456,AW7650,CDG - OSL,2024-12-23 15:35:00,2024-12-23 17:15:00,2024-11-25,-28,OPEN,2,189,191,M,272.0,132,20403.91,16128.43,0.69,132,ACTIVATED
8395,AW7648,CDG - OSL,2024-12-23 16:20:00,2024-12-23 18:00:00,2024-11-25,-28,OPEN,2,189,192,H,245.0,130,20456.52,16245.82,0.68,130,ACTIVATED
8140,AW4638,CDG - VIE,2024-12-23 17:25:00,2024-12-23 19:35:00,2024-11-25,-28,OPEN,2,186,188,F,177.0,122,14803.0,10851.42,0.65,122,ACTIVATED
8690,AW4637,VIE - CDG,2024-12-23 17:40:00,2024-12-23 19:50:00,2024-11-25,-28,OPEN,2,189,191,R,66.0,138,7599.8,5005.4,0.72,138,ACTIVATED
8108,AW7651,OSL - CDG,2024-12-23 17:55:00,2024-12-23 21:30:00,2024-11-25,-29,OPEN,2,189,192,K,115.0,121,4353.0,1617.19,0.63,121,ACTIVATED
7150,AW7649,OSL - CDG,2024-12-23 18:40:00,2024-12-23 22:15:00,2024-11-25,-29,OPEN,2,189,192,L,99.0,67,2428.0,913.13,0.35,67,ACTIVATED
7554,AW3289,TLL - CDG,2024-12-23 19:45:00,2024-12-23 21:45:00,2024-11-25,-28,OPEN,2,186,193,G,85.0,98,7720.0,5466.0,0.51,98,SCHEDULED
7251,AW4639,VIE - CDG,2024-12-23 20:20:00,2024-12-23 22:30:00,2024-11-25,-28,OPEN,2,186,188,X,77.0,75,3711.0,2301.0,0.4,75,ACTIVATED
7412,AW3280,CDG - TLL,2024-12-24 07:15:00,2024-12-24 12:55:00,2024-11-25,-29,OPEN,2,186,191,F,279.0,88,19008.53,13836.77,0.46,88,SCHEDULED
7837,AW7640,CDG - OSL,2024-12-24 07:25:00,2024-12-24 09:05:00,2024-11-25,-29,OPEN,2,186,191,H,138.0,111,13632.0,10036.71,0.58,111,ACTIVATED
8242,AW4672,CDG - BUD,2024-12-24 08:45:00,2024-12-24 11:50:00,2024-11-25,-29,OPEN,2,189,189,F,212.0,125,24676.0,20627.25,0.66,125,SCHEDULED
7079,AW7641,OSL - CDG,2024-12-24 09:45:00,2024-12-24 13:20:00,2024-11-25,-30,OPEN,2,186,190,T,59.0,61,2181.0,801.79,0.32,61,ACTIVATED
8691,AW4632,CDG - VIE,2024-12-24 10:20:00,2024-12-24 12:30:00,2024-11-25,-29,OPEN,2,189,191,K,103.0,138,11295.65,6825.83,0.72,138,ACTIVATED
7881,AW3282,CDG - TLL,2024-12-24 10:35:00,2024-12-24 16:15:00,2024-11-25,-29,OPEN,2,189,193,I,254.0,113,23093.59,16452.58,0.59,113,SCHEDULED
8206,AW7644,CDG - OSL,2024-12-24 11:35:00,2024-12-24 13:15:00,2024-11-25,-29,OPEN,2,189,188,M,153.0,124,16475.0,12458.64,0.66,124,ACTIVATED
8427,AW4634,CDG - VIE,2024-12-24 11:55:00,2024-12-24 14:05:00,2024-11-25,-29,OPEN,2,189,188,L,91.0,131,10461.65,6218.56,0.7,131,ACTIVATED
6095,AW4673,BUD - CDG,2024-12-24 12:35:00,2024-12-24 17:40:00,2024-11-25,-30,OPEN,2,189,189,N,36.0,16,1009.0,851.88,0.08,16,DEACTIVATED
8207,AW7646,CDG - OSL,2024-12-24 13:00:00,2024-12-24 14:40:00,2024-11-25,-29,OPEN,2,189,191,H,138.0,124,16437.0,12420.64,0.65,124,ACTIVATED
7059,AW4633,VIE - CDG,2024-12-24 13:15:00,2024-12-24 15:25:00,2024-11-25,-29,OPEN,2,189,192,T,57.0,59,3308.0,2198.8,0.31,59,ACTIVATED
7521,AW3281,TLL - CDG,2024-12-24 13:50:00,2024-12-24 15:50:00,2024-11-25,-29,OPEN,2,186,190,N,75.0,96,7129.0,4921.0,0.51,96,SCHEDULED
6987,AW7645,OSL - CDG,2024-12-24 13:55:00,2024-12-24 17:30:00,2024-11-25,-30,OPEN,2,189,187,A,33.0,53,1981.0,796.32,0.28,53,ACTIVATED
7413,AW3288,CDG - TLL,2024-12-24 14:05:00,2024-12-24 19:45:00,2024-11-25,-29,OPEN,2,186,191,I,254.0,88,16937.0,11765.24,0.46,88,SCHEDULED
7882,AW4635,VIE - CDG,2024-12-24 14:50:00,2024-12-24 17:00:00,2024-11-25,-29,OPEN,2,189,189,G,50.0,113,5853.6,3729.2,0.6,113,ACTIVATED
6441,AW7647,OSL - CDG,2024-12-24 15:20:00,2024-12-24 18:55:00,2024-11-25,-30,OPEN,2,189,190,T,59.0,26,965.0,377.14,0.14,26,ACTIVATED
7214,AW7648,CDG - OSL,2024-12-24 16:20:00,2024-12-24 18:00:00,2024-11-25,-29,OPEN,2,186,188,H,138.0,72,8836.0,6503.92,0.38,72,ACTIVATED
7318,AW3283,TLL - CDG,2024-12-24 17:10:00,2024-12-24 19:10:00,2024-11-25,-29,OPEN,2,189,193,N,75.0,80,5737.0,3897.0,0.41,80,SCHEDULED
8141,AW4636,CDG - VIE,2024-12-24 17:25:00,2024-12-24 19:35:00,2024-11-25,-29,OPEN,2,189,191,X,80.0,122,9556.26,5604.68,0.64,122,ACTIVATED
6380,AW7649,OSL - CDG,2024-12-24 18:40:00,2024-12-24 22:15:00,2024-11-25,-30,OPEN,2,186,187,T,59.0,24,907.0,364.36,0.13,24,ACTIVATED
6470,AW4637,VIE - CDG,2024-12-24 20:20:00,2024-12-24 22:30:00,2024-11-25,-29,OPEN,2,189,192,G,50.0,27,1349.0,841.4,0.14,27,ACTIVATED
7112,AW3289,TLL - CDG,2024-12-24 20:40:00,2024-12-24 22:40:00,2024-11-25,-29,OPEN,2,186,189,A,68.0,64,4888.0,3416.0,0.34,64,SCHEDULED
8458,AW4634,CDG - VIE,2024-12-25 07:00:00,2024-12-25 09:05:00,2024-11-25,-30,OPEN,2,189,191,K,103.0,132,9027.0,4751.52,0.69,132,ACTIVATED
7959,AW3280,CDG - TLL,2024-12-25 07:20:00,2024-12-25 13:00:00,2024-11-25,-30,OPEN,2,186,190,M,232.0,116,22097.77,15280.45,0.61,116,SCHEDULED
8396,AW7640,CDG - OSL,2024-12-25 07:25:00,2024-12-25 09:05:00,2024-11-25,-30,OPEN,2,189,191,M,153.0,130,14863.0,10652.3,0.68,130,ACTIVATED
7131,AW7641,OSL - CDG,2024-12-25 09:45:00,2024-12-25 13:20:00,2024-11-25,-31,OPEN,2,189,191,X,85.0,66,2725.0,1232.74,0.35,66,ACTIVATED
7936,AW4635,VIE - CDG,2024-12-25 09:50:00,2024-12-25 12:00:00,2024-11-25,-30,OPEN,2,189,191,G,50.0,115,6585.8,4423.8,0.6,115,ACTIVATED
8304,AW3282,CDG - TLL,2024-12-25 11:00:00,2024-12-25 16:40:00,2024-11-25,-30,OPEN,2,189,193,F,279.0,127,22272.39,14808.6,0.66,127,SCHEDULED
7960,AW7644,CDG - OSL,2024-12-25 11:30:00,2024-12-25 13:10:00,2024-11-25,-30,OPEN,2,189,187,B,208.0,116,15565.78,11808.54,0.62,116,ACTIVATED
7645,AW3288,CDG - TLL,2024-12-25 12:30:00,2024-12-25 18:10:00,2024-11-25,-30,OPEN,2,186,190,I,254.0,102,18417.57,12423.03,0.54,102,SCHEDULED
7663,AW7646,CDG - OSL,2024-12-25 12:50:00,2024-12-25 14:30:00,2024-11-25,-30,OPEN,2,189,187,I,171.0,103,13065.39,9729.22,0.55,103,ACTIVATED
7393,AW7645,OSL - CDG,2024-12-25 13:50:00,2024-12-25 17:25:00,2024-11-25,-31,OPEN,2,189,188,T,59.0,86,3387.61,1443.15,0.46,86,ACTIVATED
7252,AW3281,TLL - CDG,2024-12-25 13:55:00,2024-12-25 15:55:00,2024-11-25,-30,OPEN,2,186,189,N,75.0,75,5844.0,4119.0,0.4,75,SCHEDULED
8797,AW4638,CDG - VIE,2024-12-25 13:55:00,2024-12-25 16:05:00,2024-11-25,-30,OPEN,2,189,191,V,118.0,141,12046.34,7479.35,0.74,141,ACTIVATED
7883,AW7647,OSL - CDG,2024-12-25 15:10:00,2024-12-25 18:45:00,2024-11-25,-31,OPEN,2,189,188,I,211.0,113,4938.61,2383.68,0.6,113,ACTIVATED
8305,AW4630,CDG - VIE,2024-12-25 16:20:00,2024-12-25 18:30:00,2024-11-25,-30,OPEN,2,189,191,V,118.0,127,11311.0,7197.47,0.66,127,ACTIVATED
7961,AW7648,CDG - OSL,2024-12-25 16:20:00,2024-12-25 18:00:00,2024-11-25,-30,OPEN,2,189,191,I,171.0,116,15242.0,11484.76,0.61,116,ACTIVATED
8397,AW4639,VIE - CDG,2024-12-25 16:50:00,2024-12-25 19:00:00,2024-11-25,-30,OPEN,2,189,191,R,66.0,130,8283.0,5839.0,0.68,130,ACTIVATED
7330,AW3283,TLL - CDG,2024-12-25 17:35:00,2024-12-25 19:35:00,2024-11-25,-30,OPEN,2,189,193,N,75.0,81,6044.0,4181.0,0.42,81,SCHEDULED
7793,AW7649,OSL - CDG,2024-12-25 18:40:00,2024-12-25 22:15:00,2024-11-25,-31,OPEN,2,189,191,G,49.0,109,5381.0,2916.51,0.57,109,ACTIVATED
7701,AW3289,TLL - CDG,2024-12-25 19:05:00,2024-12-25 21:05:00,2024-11-25,-30,OPEN,2,186,189,N,75.0,105,7686.0,5271.0,0.56,105,SCHEDULED
7646,AW4631,VIE - CDG,2024-12-25 19:15:00,2024-12-25 21:25:00,2024-11-25,-30,OPEN,2,189,191,T,57.0,102,6351.0,4433.4,0.53,102,ACTIVATED
8060,AW4630,CDG - VIE,2024-12-26 06:05:00,2024-12-26 08:15:00,2024-11-25,-31,OPEN,2,186,189,H,149.0,119,11813.78,7959.37,0.63,119,ACTIVATED
7859,AW3280,CDG - TLL,2024-12-26 07:00:00,2024-12-26 12:40:00,2024-11-25,-31,OPEN,2,186,192,M,232.0,112,22254.0,15671.76,0.58,112,SCHEDULED
7962,AW7640,CDG - OSL,2024-12-26 07:25:00,2024-12-26 09:05:00,2024-11-25,-31,OPEN,2,186,187,B,208.0,116,18746.0,14988.76,0.62,116,ACTIVATED
7497,AW3282,CDG - TLL,2024-12-26 08:30:00,2024-12-26 14:10:00,2024-11-25,-31,OPEN,2,189,192,I,254.0,94,19196.55,13672.17,0.49,94,SCHEDULED
8277,AW4670,CDG - BUD,2024-12-26 08:55:00,2024-12-26 12:00:00,2024-11-25,-31,OPEN,2,189,189,Z,391.0,126,35834.78,31753.64,0.67,126,SCHEDULED
9285,AW4631,VIE - CDG,2024-12-26 09:00:00,2024-12-26 11:10:00,2024-11-25,-31,OPEN,2,186,188,I,177.0,152,18777.0,15919.4,0.81,152,ACTIVATED
8492,AW7641,OSL - CDG,2024-12-26 09:45:00,2024-12-26 13:20:00,2024-11-25,-32,OPEN,2,186,188,V,132.0,133,11542.0,8534.87,0.71,133,ACTIVATED
9593,AW4634,CDG - VIE,2024-12-26 11:55:00,2024-12-26 14:05:00,2024-11-25,-31,OPEN,2,186,189,F,206.0,157,20436.9,15351.67,0.83,157,ACTIVATED
8143,AW7646,CDG - OSL,2024-12-26 12:20:00,2024-12-26 14:00:00,2024-11-25,-31,OPEN,2,189,189,D,228.0,122,23257.39,19305.81,0.65,122,ACTIVATED
7069,AW4671,BUD - CDG,2024-12-26 12:45:00,2024-12-26 17:50:00,2024-11-25,-32,OPEN,2,189,189,R,56.0,60,3367.0,2777.8,0.32,60,DEACTIVATED
7120,AW3281,TLL - CDG,2024-12-26 13:35:00,2024-12-26 15:35:00,2024-11-25,-31,OPEN,2,186,193,R,109.0,65,6435.0,4940.0,0.34,65,SCHEDULED
8535,AW3288,CDG - TLL,2024-12-26 14:10:00,2024-12-26 19:50:00,2024-11-25,-31,OPEN,2,186,189,M,232.0,134,24582.54,16707.36,0.71,134,SCHEDULED
9237,AW7647,OSL - CDG,2024-12-26 14:35:00,2024-12-26 18:10:00,2024-11-25,-32,OPEN,2,189,192,Q,150.0,151,13187.44,9785.03,0.79,151,ACTIVATED
9051,AW4635,VIE - CDG,2024-12-26 14:50:00,2024-12-26 17:00:00,2024-11-25,-31,OPEN,2,186,188,V,113.0,147,14245.0,11481.4,0.78,147,ACTIVATED
7292,AW3283,TLL - CDG,2024-12-26 15:05:00,2024-12-26 17:05:00,2024-11-25,-31,OPEN,2,189,193,T,96.0,78,7391.0,5597.0,0.4,78,SCHEDULED
9236,AW4632,CDG - VIE,2024-12-26 15:20:00,2024-12-26 17:30:00,2024-11-25,-31,OPEN,2,189,192,H,149.0,151,16169.0,11278.11,0.79,151,ACTIVATED
8142,AW7656,CDG - OSL,2024-12-26 15:30:00,2024-12-26 17:10:00,2024-11-25,-31,OPEN,2,186,186,F,189.0,122,19705.0,15753.42,0.66,122,ACTIVATED
7838,AW7648,CDG - OSL,2024-12-26 16:25:00,2024-12-26 18:05:00,2024-11-25,-31,OPEN,2,186,186,F,189.0,111,16949.0,13353.71,0.6,111,ACTIVATED
9286,AW4638,CDG - VIE,2024-12-26 17:05:00,2024-12-26 19:15:00,2024-11-25,-31,OPEN,2,189,192,H,149.0,152,15023.73,10100.45,0.79,152,ACTIVATED
8612,AW7657,OSL - CDG,2024-12-26 17:50:00,2024-12-26 21:25:00,2024-11-25,-32,OPEN,2,186,189,Q,150.0,136,10031.61,6956.65,0.72,136,ACTIVATED
8732,AW4633,VIE - CDG,2024-12-26 18:15:00,2024-12-26 20:25:00,2024-11-25,-31,OPEN,2,189,191,V,113.0,139,11239.0,8625.8,0.73,139,ACTIVATED
8923,AW7649,OSL - CDG,2024-12-26 18:40:00,2024-12-26 22:15:00,2024-11-25,-32,OPEN,2,186,188,L,99.0,144,11546.32,8294.38,0.77,144,ACTIVATED
8611,AW4639,VIE - CDG,2024-12-26 20:00:00,2024-12-26 22:10:00,2024-11-25,-31,OPEN,2,189,191,H,143.0,136,9044.0,6487.2,0.71,136,ACTIVATED
7555,AW3289,TLL - CDG,2024-12-26 20:45:00,2024-12-26 22:45:00,2024-11-25,-31,OPEN,2,186,190,R,109.0,98,9490.0,7236.0,0.52,98,SCHEDULED
8968,AW4630,CDG - VIE,2024-12-27 06:05:00,2024-12-27 08:15:00,2024-11-25,-32,OPEN,2,189,193,M,166.0,145,14246.39,9549.84,0.75,145,ACTIVATED
7963,AW3280,CDG - TLL,2024-12-27 07:05:00,2024-12-27 12:45:00,2024-11-25,-32,OPEN,2,186,189,M,232.0,116,19117.05,12299.73,0.61,116,SCHEDULED
8176,AW7640,CDG - OSL,2024-12-27 07:20:00,2024-12-27 09:00:00,2024-11-25,-32,OPEN,2,189,192,D,228.0,123,15713.73,11729.76,0.64,123,ACTIVATED
8879,AW4631,VIE - CDG,2024-12-27 09:00:00,2024-12-27 11:10:00,2024-11-25,-32,OPEN,2,189,190,K,99.0,143,12019.0,9330.6,0.75,143,ACTIVATED
8692,AW7641,OSL - CDG,2024-12-27 09:40:00,2024-12-27 13:10:00,2024-11-25,-33,OPEN,2,189,191,L,99.0,138,12554.22,9434.04,0.72,138,ACTIVATED
8765,AW4634,CDG - VIE,2024-12-27 10:25:00,2024-12-27 12:35:00,2024-11-25,-32,OPEN,2,189,193,M,166.0,140,16991.12,12456.52,0.73,140,ACTIVATED
8109,AW7644,CDG - OSL,2024-12-27 11:30:00,2024-12-27 13:10:00,2024-11-25,-32,OPEN,2,186,188,I,171.0,121,16969.78,13050.59,0.64,121,ACTIVATED
9736,AW3288,CDG - TLL,2024-12-27 12:20:00,2024-12-27 18:00:00,2024-11-25,-32,OPEN,2,189,192,M,232.0,160,27703.13,18299.93,0.83,160,SCHEDULED
8494,AW7650,CDG - OSL,2024-12-27 13:15:00,2024-12-27 14:55:00,2024-11-25,-32,OPEN,2,189,192,I,171.0,133,17980.39,13672.52,0.69,133,ACTIVATED
8880,AW4635,VIE - CDG,2024-12-27 13:20:00,2024-12-27 15:30:00,2024-11-25,-32,OPEN,2,189,190,K,99.0,143,12445.8,9757.4,0.75,143,ACTIVATED
7522,AW3281,TLL - CDG,2024-12-27 13:40:00,2024-12-27 15:40:00,2024-11-25,-32,OPEN,2,186,188,V,176.0,96,11938.0,9730.0,0.51,96,SCHEDULED
8177,AW7645,OSL - CDG,2024-12-27 13:50:00,2024-12-27 17:25:00,2024-11-25,-33,OPEN,2,186,188,L,99.0,123,11888.0,9106.97,0.65,123,ACTIVATED
2564,AW4636,CDG - VIE,2024-12-27 14:45:00,2024-12-27 16:55:00,2024-11-25,-32,CANCELLED,2,189,189,,,0,0.0,0.0,0.0,0,UNAVAILABLE
8021,AW7651,OSL - CDG,2024-12-27 15:35:00,2024-12-27 19:10:00,2024-11-25,-33,OPEN,2,189,191,L,99.0,118,11120.38,8464.1,0.62,118,ACTIVATED
8568,AW7646,CDG - OSL,2024-12-27 16:10:00,2024-12-27 17:50:00,2024-11-25,-32,OPEN,2,189,192,M,153.0,135,17124.0,12751.35,0.7,135,ACTIVATED
8493,AW7648,CDG - OSL,2024-12-27 16:20:00,2024-12-27 18:00:00,2024-11-25,-32,OPEN,2,189,192,I,171.0,133,16396.0,12088.13,0.69,133,ACTIVATED
2565,AW4637,VIE - CDG,2024-12-27 17:40:00,2024-12-27 19:50:00,2024-11-25,-32,CANCELLED,2,189,189,,,0,0.0,0.0,0.0,0,UNAVAILABLE
8459,AW4638,CDG - VIE,2024-12-27 17:45:00,2024-12-27 19:55:00,2024-11-25,-32,OPEN,2,189,193,Q,133.0,132,15446.39,11170.91,0.68,132,ACTIVATED
8460,AW7647,OSL - CDG,2024-12-27 18:30:00,2024-12-27 22:05:00,2024-11-25,-33,OPEN,2,189,191,V,132.0,132,11786.0,8801.48,0.69,132,ACTIVATED
8613,AW7649,OSL - CDG,2024-12-27 18:40:00,2024-12-27 22:15:00,2024-11-25,-33,OPEN,2,189,191,L,99.0,136,11785.0,8710.04,0.71,136,ACTIVATED
7860,AW3289,TLL - CDG,2024-12-27 18:55:00,2024-12-27 20:55:00,2024-11-25,-32,OPEN,2,189,191,V,176.0,112,13202.0,10626.0,0.59,112,SCHEDULED
8827,AW4639,VIE - CDG,2024-12-27 20:40:00,2024-12-27 22:50:00,2024-11-25,-32,OPEN,2,189,190,V,113.0,142,10224.0,7554.4,0.75,142,ACTIVATED
8971,AW4630,CDG - VIE,2024-12-28 06:00:00,2024-12-28 08:10:00,2024-11-25,-33,OPEN,2,189,191,I,185.0,145,15143.17,10446.62,0.76,145,ACTIVATED
7574,AW4670,CDG - BUD,2024-12-28 06:20:00,2024-12-28 09:25:00,2024-11-25,-33,OPEN,2,186,123,S,311.0,99,19263.0,16056.39,0.8,99,SCHEDULED
8733,AW7640,CDG - OSL,2024-12-28 07:35:00,2024-12-28 09:15:00,2024-11-25,-33,OPEN,2,189,189,H,138.0,139,17555.0,13052.79,0.74,139,ACTIVATED
8306,AW3282,CDG - TLL,2024-12-28 07:35:00,2024-12-28 13:15:00,2024-11-25,-33,OPEN,2,186,186,M,232.0,127,20471.55,13007.76,0.68,127,SCHEDULED
8970,AW4676,CDG - BUD,2024-12-28 07:45:00,2024-12-28 10:50:00,2024-11-25,-33,OPEN,2,186,189,S,311.0,145,34661.0,29964.45,0.77,145,SCHEDULED
8496,AW4631,VIE - CDG,2024-12-28 08:55:00,2024-12-28 11:05:00,2024-11-25,-33,OPEN,2,189,190,K,99.0,133,12611.0,10110.6,0.7,133,ACTIVATED
9052,AW4634,CDG - VIE,2024-12-28 09:35:00,2024-12-28 11:45:00,2024-11-25,-33,OPEN,2,189,191,I,185.0,147,19607.78,14846.45,0.77,147,ACTIVATED
8497,AW7641,OSL - CDG,2024-12-28 09:55:00,2024-12-28 13:30:00,2024-11-25,-34,OPEN,2,189,191,Q,150.0,133,12871.0,9863.87,0.7,133,ACTIVATED
7498,AW4671,BUD - CDG,2024-12-28 10:10:00,2024-12-28 15:15:00,2024-11-25,-34,OPEN,2,186,126,V,100.0,94,12042.0,11118.92,0.75,94,DEACTIVATED
7937,AW7644,CDG - OSL,2024-12-28 11:35:00,2024-12-28 13:15:00,2024-11-25,-33,OPEN,2,186,186,M,153.0,115,17249.0,13524.15,0.62,115,ACTIVATED
9859,AW4677,BUD - CDG,2024-12-28 11:40:00,2024-12-28 16:45:00,2024-11-25,-34,OPEN,2,186,189,H,138.0,162,24380.0,22789.16,0.86,162,DEACTIVATED
8614,AW4635,VIE - CDG,2024-12-28 12:30:00,2024-12-28 14:40:00,2024-11-25,-33,OPEN,2,189,190,H,143.0,136,11751.4,9194.6,0.72,136,ACTIVATED
8969,AW7646,CDG - OSL,2024-12-28 12:45:00,2024-12-28 14:25:00,2024-11-25,-33,OPEN,2,189,189,B,208.0,145,20383.0,15686.45,0.77,145,ACTIVATED
8495,AW3280,CDG - TLL,2024-12-28 13:40:00,2024-12-28 19:20:00,2024-11-25,-33,OPEN,2,186,189,H,210.0,133,17591.79,9775.38,0.7,133,SCHEDULED
8615,AW7645,OSL - CDG,2024-12-28 13:55:00,2024-12-28 17:30:00,2024-11-25,-34,OPEN,2,186,188,V,132.0,136,15143.0,12068.04,0.72,136,ACTIVATED
7438,AW3283,TLL - CDG,2024-12-28 14:10:00,2024-12-28 16:10:00,2024-11-25,-33,OPEN,2,186,190,M,240.0,90,15846.0,13776.0,0.47,90,SCHEDULED
8693,AW7647,OSL - CDG,2024-12-28 15:05:00,2024-12-28 18:40:00,2024-11-25,-34,OPEN,2,189,191,V,132.0,138,15633.0,12512.82,0.72,138,ACTIVATED
8798,AW7648,CDG - OSL,2024-12-28 16:20:00,2024-12-28 18:00:00,2024-11-25,-33,OPEN,2,186,186,D,228.0,141,19003.0,14436.01,0.76,141,ACTIVATED
8371,AW4638,CDG - VIE,2024-12-28 17:45:00,2024-12-28 19:55:00,2024-11-25,-33,OPEN,2,189,191,F,206.0,129,16780.0,12601.69,0.68,129,ACTIVATED
8654,AW7649,OSL - CDG,2024-12-28 18:40:00,2024-12-28 22:15:00,2024-11-25,-34,OPEN,2,186,188,M,188.0,137,14873.0,11775.43,0.73,137,ACTIVATED
7599,AW3281,TLL - CDG,2024-12-28 20:15:00,2024-12-28 22:15:00,2024-11-25,-33,OPEN,2,186,193,H,217.0,100,15147.0,12847.0,0.52,100,SCHEDULED
8428,AW4639,VIE - CDG,2024-12-28 20:40:00,2024-12-28 22:50:00,2024-11-25,-33,OPEN,2,189,190,Q,128.0,131,10086.2,7623.4,0.69,131,ACTIVATED
8429,AW4630,CDG - VIE,2024-12-29 06:05:00,2024-12-29 08:15:00,2024-11-25,-34,OPEN,2,189,192,M,166.0,131,13713.13,9470.04,0.68,131,ACTIVATED
9287,AW4670,CDG - BUD,2024-12-29 06:45:00,2024-12-29 09:50:00,2024-11-25,-34,OPEN,2,186,186,J,350.0,152,31857.39,26934.11,0.82,152,SCHEDULED
8144,AW3280,CDG - TLL,2024-12-29 07:00:00,2024-12-29 12:40:00,2024-11-25,-34,OPEN,2,186,191,H,210.0,122,19261.0,12091.06,0.64,122,SCHEDULED
8399,AW4634,CDG - VIE,2024-12-29 08:30:00,2024-12-29 10:40:00,2024-11-25,-34,OPEN,2,189,189,M,166.0,130,14204.43,9993.73,0.69,130,ACTIVATED
8307,AW4631,VIE - CDG,2024-12-29 09:00:00,2024-12-29 11:10:00,2024-11-25,-34,OPEN,2,189,191,Q,128.0,127,11665.0,9277.4,0.66,127,ACTIVATED
10296,AW4671,BUD - CDG,2024-12-29 10:35:00,2024-12-29 15:40:00,2024-11-25,-35,OPEN,2,186,186,I,182.0,168,31948.46,30298.7,0.9,168,DEACTIVATED
7702,AW7642,CDG - OSL,2024-12-29 10:35:00,2024-12-29 12:15:00,2024-11-25,-34,OPEN,2,189,190,H,138.0,105,15377.39,11976.44,0.55,105,ACTIVATED
8972,AW4636,CDG - VIE,2024-12-29 11:15:00,2024-12-29 13:25:00,2024-11-25,-34,OPEN,2,189,192,B,226.0,145,20462.0,15765.45,0.76,145,ACTIVATED
7839,AW4635,VIE - CDG,2024-12-29 11:25:00,2024-12-29 13:35:00,2024-11-25,-34,OPEN,2,189,189,V,113.0,111,8168.0,6081.2,0.59,111,ACTIVATED
7964,AW7646,CDG - OSL,2024-12-29 11:35:00,2024-12-29 13:15:00,2024-11-25,-34,OPEN,2,189,191,I,171.0,116,16022.39,12265.15,0.61,116,ACTIVATED
8569,AW7643,OSL - CDG,2024-12-29 12:55:00,2024-12-29 16:30:00,2024-11-25,-35,OPEN,2,189,192,H,169.0,135,14630.0,11579.6,0.7,135,ACTIVATED
8616,AW7644,CDG - OSL,2024-12-29 13:20:00,2024-12-29 15:00:00,2024-11-25,-34,OPEN,2,189,191,I,171.0,136,17744.0,13338.96,0.71,136,ACTIVATED
8398,AW3281,TLL - CDG,2024-12-29 13:35:00,2024-12-29 15:35:00,2024-11-25,-34,OPEN,2,186,188,Q,197.0,130,21931.0,18941.0,0.69,130,SCHEDULED
8881,AW7647,OSL - CDG,2024-12-29 13:55:00,2024-12-29 17:30:00,2024-11-25,-35,OPEN,2,189,192,Q,150.0,143,15037.61,11804.38,0.74,143,ACTIVATED
8400,AW4637,VIE - CDG,2024-12-29 14:10:00,2024-12-29 16:20:00,2024-11-25,-34,OPEN,2,189,191,H,143.0,130,12908.0,10464.0,0.68,130,ACTIVATED
7575,AW3288,CDG - TLL,2024-12-29 14:10:00,2024-12-29 19:50:00,2024-11-25,-34,OPEN,2,189,194,V,171.0,99,13518.0,7699.77,0.51,99,SCHEDULED
8178,AW7645,OSL - CDG,2024-12-29 15:40:00,2024-12-29 19:15:00,2024-11-25,-35,OPEN,2,189,192,Q,150.0,123,14932.22,12151.19,0.64,123,ACTIVATED
8617,AW7648,CDG - OSL,2024-12-29 16:20:00,2024-12-29 18:00:00,2024-11-25,-34,OPEN,2,189,191,M,153.0,136,16502.0,12096.96,0.71,136,ACTIVATED
8766,AW4638,CDG - VIE,2024-12-29 16:30:00,2024-12-29 18:40:00,2024-11-25,-34,OPEN,2,186,192,B,226.0,140,20264.0,15729.4,0.73,140,ACTIVATED
8655,AW7649,OSL - CDG,2024-12-29 18:40:00,2024-12-29 22:15:00,2024-11-25,-35,OPEN,2,189,192,Q,150.0,137,15616.0,12518.43,0.71,137,ACTIVATED
9009,AW4639,VIE - CDG,2024-12-29 19:25:00,2024-12-29 21:35:00,2024-11-25,-34,OPEN,2,186,191,Q,128.0,146,14077.2,11332.4,0.76,146,ACTIVATED
8498,AW3289,TLL - CDG,2024-12-29 20:45:00,2024-12-29 22:45:00,2024-11-25,-34,OPEN,2,189,192,I,264.0,133,20968.0,17909.0,0.69,133,SCHEDULED
8694,AW4630,CDG - VIE,2024-12-30 06:05:00,2024-12-30 08:15:00,2024-11-25,-35,OPEN,2,189,188,V,118.0,138,13856.0,9386.18,0.73,138,ACTIVATED
7861,AW3280,CDG - TLL,2024-12-30 06:20:00,2024-12-30 12:00:00,2024-11-25,-35,OPEN,2,186,188,K,153.0,112,11859.7,5277.46,0.6,112,SCHEDULED
8179,AW7640,CDG - OSL,2024-12-30 07:25:00,2024-12-30 09:05:00,2024-11-25,-35,OPEN,2,189,192,V,109.0,123,13114.0,9130.03,0.64,123,ACTIVATED
7439,AW3282,CDG - TLL,2024-12-30 08:25:00,2024-12-30 14:05:00,2024-11-25,-35,OPEN,2,189,191,K,153.0,90,10621.97,5332.67,0.47,90,SCHEDULED
8208,AW4631,VIE - CDG,2024-12-30 09:00:00,2024-12-30 11:10:00,2024-11-25,-35,OPEN,2,189,187,V,113.0,124,10799.0,8467.8,0.66,124,ACTIVATED
7916,AW7641,OSL - CDG,2024-12-30 09:45:00,2024-12-30 13:20:00,2024-11-25,-36,OPEN,2,189,191,V,132.0,114,11697.61,9120.07,0.6,114,ACTIVATED
8209,AW4634,CDG - VIE,2024-12-30 10:25:00,2024-12-30 12:35:00,2024-11-25,-35,OPEN,2,189,191,H,149.0,124,15124.0,11107.64,0.65,124,ACTIVATED
7744,AW4632,CDG - VIE,2024-12-30 10:45:00,2024-12-30 12:55:00,2024-11-25,-35,OPEN,2,189,192,H,149.0,107,10498.0,7032.27,0.56,107,ACTIVATED
7576,AW7644,CDG - OSL,2024-12-30 11:35:00,2024-12-30 13:15:00,2024-11-25,-35,OPEN,2,189,191,I,171.0,99,12794.0,9587.39,0.52,99,ACTIVATED
7862,AW7646,CDG - OSL,2024-12-30 12:40:00,2024-12-30 14:20:00,2024-11-25,-35,OPEN,2,189,192,Q,123.0,112,12715.78,9088.1,0.58,112,ACTIVATED
7768,AW3281,TLL - CDG,2024-12-30 12:55:00,2024-12-30 14:55:00,2024-11-25,-35,OPEN,2,186,190,Q,197.0,108,15535.0,13051.0,0.57,108,SCHEDULED
7458,AW3288,CDG - TLL,2024-12-30 13:10:00,2024-12-30 18:50:00,2024-11-25,-35,OPEN,2,189,192,R,108.0,91,10622.0,5273.93,0.47,91,SCHEDULED
7769,AW4635,VIE - CDG,2024-12-30 13:20:00,2024-12-30 15:30:00,2024-11-25,-35,OPEN,2,189,190,V,113.0,108,10373.6,8343.2,0.57,108,ACTIVATED
7884,AW4633,VIE - CDG,2024-12-30 13:50:00,2024-12-30 16:00:00,2024-11-25,-35,OPEN,2,189,190,K,99.0,113,9700.0,7575.6,0.59,113,ACTIVATED
8461,AW7645,OSL - CDG,2024-12-30 13:55:00,2024-12-30 17:30:00,2024-11-25,-36,OPEN,2,189,191,Q,150.0,132,15865.0,12882.43,0.69,132,ACTIVATED
8695,AW4636,CDG - VIE,2024-12-30 14:45:00,2024-12-30 16:55:00,2024-11-25,-35,OPEN,2,189,191,I,185.0,138,17696.39,13226.57,0.72,138,ACTIVATED
8278,AW7647,OSL - CDG,2024-12-30 15:00:00,2024-12-30 18:35:00,2024-11-25,-36,OPEN,2,189,191,V,132.0,126,15284.0,12435.14,0.66,126,ACTIVATED
7938,AW3283,TLL - CDG,2024-12-30 15:05:00,2024-12-30 17:05:00,2024-11-25,-35,OPEN,2,189,192,H,217.0,115,17880.0,15235.0,0.6,115,SCHEDULED
7770,AW7650,CDG - OSL,2024-12-30 15:35:00,2024-12-30 17:15:00,2024-11-25,-35,OPEN,2,189,191,Q,123.0,108,11801.0,8302.88,0.57,108,ACTIVATED
8308,AW7648,CDG - OSL,2024-12-30 16:20:00,2024-12-30 18:00:00,2024-11-25,-35,OPEN,2,189,192,M,153.0,127,13832.0,9718.47,0.66,127,ACTIVATED
8061,AW4638,CDG - VIE,2024-12-30 17:25:00,2024-12-30 19:35:00,2024-11-25,-35,OPEN,2,189,188,H,149.0,119,14311.0,10456.59,0.63,119,ACTIVATED
7965,AW4637,VIE - CDG,2024-12-30 17:40:00,2024-12-30 19:50:00,2024-11-25,-35,OPEN,2,189,190,K,99.0,116,9277.2,7096.4,0.61,116,ACTIVATED
8656,AW7651,OSL - CDG,2024-12-30 17:55:00,2024-12-30 21:30:00,2024-11-25,-36,OPEN,2,189,191,Q,150.0,137,14942.0,11844.43,0.72,137,ACTIVATED
8022,AW7649,OSL - CDG,2024-12-30 18:40:00,2024-12-30 22:15:00,2024-11-25,-36,OPEN,2,189,191,K,115.0,118,13373.0,10705.02,0.62,118,ACTIVATED
8499,AW3289,TLL - CDG,2024-12-30 19:45:00,2024-12-30 21:45:00,2024-11-25,-35,OPEN,2,189,193,M,240.0,133,19632.0,16573.0,0.69,133,SCHEDULED
7939,AW4639,VIE - CDG,2024-12-30 20:20:00,2024-12-30 22:30:00,2024-11-25,-35,OPEN,2,189,187,X,77.0,115,9261.8,7099.8,0.61,115,ACTIVATED
7088,AW3280,CDG - TLL,2024-12-31 07:15:00,2024-12-31 12:55:00,2024-11-25,-36,OPEN,2,186,191,X,123.0,62,5721.02,2077.28,0.32,62,SCHEDULED
7170,AW7640,CDG - OSL,2024-12-31 07:25:00,2024-12-31 09:05:00,2024-11-25,-36,OPEN,2,189,192,L,84.0,69,4925.0,2690.09,0.36,69,ACTIVATED
7060,AW4672,CDG - BUD,2024-12-31 08:45:00,2024-12-31 11:50:00,2024-11-25,-36,OPEN,2,189,189,R,61.0,59,6184.39,4273.38,0.31,59,SCHEDULED
7199,AW3282,CDG - TLL,2024-12-31 09:20:00,2024-12-31 15:00:00,2024-11-25,-36,OPEN,2,189,194,R,108.0,71,6139.51,1966.84,0.37,71,SCHEDULED
7704,AW7641,OSL - CDG,2024-12-31 09:45:00,2024-12-31 13:20:00,2024-11-25,-37,OPEN,2,189,190,V,132.0,105,10178.0,7803.95,0.55,105,ACTIVATED
7600,AW7644,CDG - OSL,2024-12-31 11:35:00,2024-12-31 13:15:00,2024-11-25,-36,OPEN,2,189,189,L,84.0,100,8470.0,5231.0,0.53,100,ACTIVATED
8657,AW4634,CDG - VIE,2024-12-31 11:55:00,2024-12-31 14:05:00,2024-11-25,-36,OPEN,2,189,188,L,91.0,137,11766.95,7329.52,0.73,137,ACTIVATED
7414,AW4673,BUD - CDG,2024-12-31 12:35:00,2024-12-31 17:40:00,2024-11-25,-37,OPEN,2,189,189,D,273.0,88,18065.0,17200.84,0.47,88,DEACTIVATED
7305,AW7646,CDG - OSL,2024-12-31 13:00:00,2024-12-31 14:40:00,2024-11-25,-36,OPEN,2,189,192,L,84.0,79,6772.39,4213.58,0.41,79,ACTIVATED
7681,AW3281,TLL - CDG,2024-12-31 13:50:00,2024-12-31 15:50:00,2024-11-25,-36,OPEN,2,186,189,H,217.0,104,15420.0,13028.0,0.55,104,SCHEDULED
7703,AW7645,OSL - CDG,2024-12-31 13:55:00,2024-12-31 17:30:00,2024-11-25,-37,OPEN,2,189,187,Q,150.0,105,11552.05,9178.0,0.56,105,ACTIVATED
6635,AW3288,CDG - TLL,2024-12-31 14:05:00,2024-12-31 19:45:00,2024-11-25,-36,OPEN,2,186,191,T,95.0,33,2713.0,773.59,0.17,33,SCHEDULED
8536,AW4632,CDG - VIE,2024-12-31 14:50:00,2024-12-31 17:00:00,2024-11-25,-36,OPEN,2,189,191,L,91.0,134,9319.0,4978.74,0.7,134,ACTIVATED
7682,AW4635,VIE - CDG,2024-12-31 14:50:00,2024-12-31 17:00:00,2024-11-25,-36,OPEN,2,189,188,L,87.0,104,8385.2,6430.0,0.55,104,ACTIVATED
7917,AW7647,OSL - CDG,2024-12-31 15:20:00,2024-12-31 18:55:00,2024-11-25,-37,OPEN,2,189,190,H,169.0,114,11344.22,8766.68,0.6,114,ACTIVATED
7885,AW3283,TLL - CDG,2024-12-31 15:55:00,2024-12-31 17:55:00,2024-11-25,-36,OPEN,2,189,192,Q,197.0,113,15420.0,12821.0,0.59,113,SCHEDULED
7499,AW7648,CDG - OSL,2024-12-31 16:20:00,2024-12-31 18:00:00,2024-11-25,-36,OPEN,2,186,189,K,96.0,94,7328.39,4283.73,0.5,94,ACTIVATED
8082,AW4636,CDG - VIE,2024-12-31 17:25:00,2024-12-31 19:35:00,2024-11-25,-36,OPEN,2,189,191,R,69.0,120,8296.13,4409.33,0.63,120,ACTIVATED
7215,AW4633,VIE - CDG,2024-12-31 17:45:00,2024-12-31 19:55:00,2024-11-25,-36,OPEN,2,189,191,R,66.0,72,4681.0,3327.4,0.38,72,ACTIVATED
7794,AW7649,OSL - CDG,2024-12-31 18:40:00,2024-12-31 22:15:00,2024-11-25,-37,OPEN,2,186,187,L,99.0,109,9011.0,6546.51,0.58,109,ACTIVATED
6919,AW4637,VIE - CDG,2024-12-31 20:20:00,2024-12-31 22:30:00,2024-11-25,-36,OPEN,2,189,191,G,50.0,49,3233.0,2311.8,0.26,49,ACTIVATED
7556,AW3289,TLL - CDG,2024-12-31 20:40:00,2024-12-31 22:40:00,2024-11-25,-36,OPEN,2,186,189,H,217.0,98,13086.0,10832.0,0.52,98,SCHEDULED
6680,AW4634,CDG - VIE,2025-01-01 07:00:00,2025-01-01 09:05:00,2024-11-25,-37,OPEN,2,189,191,G,59.0,35,2040.0,803.3,0.18,35,ACTIVATED
7183,AW3280,CDG - TLL,2025-01-01 07:20:00,2025-01-01 13:00:00,2024-11-25,-37,OPEN,2,186,191,N,83.0,70,6028.0,1599.52,0.37,70,SCHEDULED
6988,AW7640,CDG - OSL,2025-01-01 07:25:00,2025-01-01 09:05:00,2024-11-25,-37,OPEN,2,189,191,T,63.0,53,2910.0,987.23,0.28,53,ACTIVATED
8279,AW7641,OSL - CDG,2025-01-01 09:45:00,2025-01-01 13:20:00,2024-11-25,-38,OPEN,2,189,191,H,169.0,126,15710.79,12860.49,0.66,126,ACTIVATED
7771,AW4635,VIE - CDG,2025-01-01 09:50:00,2025-01-01 12:00:00,2024-11-25,-37,OPEN,2,189,191,Q,128.0,108,10923.0,8892.6,0.57,108,ACTIVATED
7089,AW4632,CDG - VIE,2025-01-01 10:10:00,2025-01-01 12:20:00,2024-11-25,-37,OPEN,2,189,191,T,66.0,62,4280.0,2051.98,0.32,62,ACTIVATED
6766,AW3282,CDG - TLL,2025-01-01 11:00:00,2025-01-01 16:40:00,2024-11-25,-37,OPEN,2,189,193,G,92.0,40,3564.0,981.01,0.21,40,SCHEDULED
7535,AW7644,CDG - OSL,2025-01-01 11:30:00,2025-01-01 13:10:00,2024-11-25,-37,OPEN,2,189,188,T,63.0,97,7275.78,3804.19,0.52,97,ACTIVATED
6902,AW3288,CDG - TLL,2025-01-01 12:30:00,2025-01-01 18:10:00,2024-11-25,-37,OPEN,2,186,190,X,130.0,48,5074.0,2065.79,0.25,48,SCHEDULED
7216,AW7646,CDG - OSL,2025-01-01 12:50:00,2025-01-01 14:30:00,2024-11-25,-37,OPEN,2,189,188,T,63.0,72,5667.0,3094.47,0.38,72,ACTIVATED
7841,AW4633,VIE - CDG,2025-01-01 13:05:00,2025-01-01 15:15:00,2024-11-25,-37,OPEN,2,189,191,H,143.0,111,13180.0,11093.2,0.58,111,ACTIVATED
6767,AW3286,CDG - TLL,2025-01-01 13:30:00,2025-01-01 19:10:00,2024-11-25,-37,OPEN,2,189,189,R,115.0,40,3865.0,1267.03,0.21,40,SCHEDULED
7745,AW7645,OSL - CDG,2025-01-01 13:50:00,2025-01-01 17:25:00,2024-11-25,-38,OPEN,2,189,187,H,169.0,107,17661.0,15239.57,0.57,107,ACTIVATED
7534,AW3281,TLL - CDG,2025-01-01 13:55:00,2025-01-01 15:55:00,2024-11-25,-37,OPEN,2,186,189,H,217.0,97,18847.0,16616.0,0.51,97,SCHEDULED
7840,AW4638,CDG - VIE,2025-01-01 13:55:00,2025-01-01 16:05:00,2024-11-25,-37,OPEN,2,189,191,R,76.0,111,8931.26,5033.69,0.58,111,ACTIVATED
7918,AW7647,OSL - CDG,2025-01-01 15:10:00,2025-01-01 18:45:00,2024-11-25,-38,OPEN,2,189,186,M,188.0,114,17746.0,15168.1,0.61,114,ACTIVATED
7319,AW7648,CDG - OSL,2025-01-01 16:20:00,2025-01-01 18:00:00,2024-11-25,-37,OPEN,2,189,191,R,71.0,80,6893.0,4116.31,0.42,80,ACTIVATED
8062,AW4630,CDG - VIE,2025-01-01 16:20:00,2025-01-01 18:30:00,2024-11-25,-37,OPEN,2,189,191,X,87.0,119,9583.0,5357.61,0.62,119,ACTIVATED
7822,AW4639,VIE - CDG,2025-01-01 16:50:00,2025-01-01 19:00:00,2024-11-25,-37,OPEN,2,189,191,M,159.0,110,12996.0,10928.0,0.58,110,ACTIVATED
7500,AW3283,TLL - CDG,2025-01-01 17:35:00,2025-01-01 19:35:00,2024-11-25,-37,OPEN,2,189,192,M,240.0,94,17403.0,15241.0,0.49,94,SCHEDULED
7919,AW7649,OSL - CDG,2025-01-01 18:40:00,2025-01-01 22:15:00,2024-11-25,-38,OPEN,2,189,190,H,169.0,114,17777.24,15199.13,0.6,114,ACTIVATED
7601,AW3289,TLL - CDG,2025-01-01 19:05:00,2025-01-01 21:05:00,2024-11-25,-37,OPEN,2,186,189,H,217.0,100,17964.0,15664.0,0.53,100,SCHEDULED
8083,AW4631,VIE - CDG,2025-01-01 19:15:00,2025-01-01 21:25:00,2024-11-25,-37,OPEN,2,189,191,H,143.0,120,13718.8,11462.8,0.63,120,ACTIVATED
7228,AW3287,TLL - CDG,2025-01-01 20:05:00,2025-01-01 22:05:00,2024-11-25,-37,OPEN,2,189,189,H,217.0,73,13588.0,11909.0,0.39,73,SCHEDULED
7342,AW4630,CDG - VIE,2025-01-02 06:05:00,2025-01-02 08:15:00,2024-11-25,-38,OPEN,2,186,190,T,66.0,82,5064.26,2174.7,0.43,82,ACTIVATED
6822,AW3280,CDG - TLL,2025-01-02 07:00:00,2025-01-02 12:40:00,2024-11-25,-38,OPEN,2,186,192,N,83.0,43,3832.0,1125.13,0.22,43,SCHEDULED
7795,AW7640,CDG - OSL,2025-01-02 07:25:00,2025-01-02 09:05:00,2024-11-25,-38,OPEN,2,186,188,R,71.0,109,6464.0,2686.17,0.58,109,ACTIVATED
7151,AW3282,CDG - TLL,2025-01-02 08:30:00,2025-01-02 14:10:00,2024-11-25,-38,OPEN,2,189,189,T,102.0,67,6801.0,2563.81,0.35,67,SCHEDULED
6576,AW4670,CDG - BUD,2025-01-02 08:55:00,2025-01-02 12:00:00,2024-11-25,-38,OPEN,2,189,189,N,48.0,31,1768.0,550.94,0.16,31,SCHEDULED
8431,AW4631,VIE - CDG,2025-01-02 09:00:00,2025-01-02 11:10:00,2024-11-25,-38,OPEN,2,186,188,I,177.0,131,16260.0,13797.2,0.7,131,ACTIVATED
7796,AW7641,OSL - CDG,2025-01-02 09:45:00,2025-01-02 13:20:00,2024-11-25,-39,OPEN,2,186,188,F,234.0,109,19117.8,16656.13,0.58,109,ACTIVATED
8340,AW4634,CDG - VIE,2025-01-02 11:55:00,2025-01-02 14:05:00,2024-11-25,-38,OPEN,2,186,189,X,87.0,128,10730.0,6089.44,0.68,128,ACTIVATED
8430,AW7646,CDG - OSL,2025-01-02 12:20:00,2025-01-02 14:00:00,2024-11-25,-38,OPEN,2,189,190,X,81.0,131,9676.0,5103.15,0.69,131,ACTIVATED
7772,AW4671,BUD - CDG,2025-01-02 12:45:00,2025-01-02 17:50:00,2024-11-25,-39,OPEN,2,189,189,B,239.0,108,27364.64,26304.08,0.57,108,DEACTIVATED
7887,AW3281,TLL - CDG,2025-01-02 13:35:00,2025-01-02 15:35:00,2024-11-25,-38,OPEN,2,186,193,B,315.0,113,23966.0,21367.0,0.59,113,SCHEDULED
7090,AW3288,CDG - TLL,2025-01-02 14:10:00,2025-01-02 19:50:00,2024-11-25,-38,OPEN,2,186,189,R,115.0,62,6303.54,2375.18,0.33,62,SCHEDULED
7842,AW7647,OSL - CDG,2025-01-02 14:35:00,2025-01-02 18:10:00,2024-11-25,-39,OPEN,2,189,190,D,280.0,111,19776.44,17283.38,0.58,111,ACTIVATED
7602,AW4632,CDG - VIE,2025-01-02 14:40:00,2025-01-02 16:50:00,2024-11-25,-38,OPEN,2,189,193,X,87.0,100,7134.0,3668.29,0.52,100,ACTIVATED
7888,AW4635,VIE - CDG,2025-01-02 14:50:00,2025-01-02 17:00:00,2024-11-25,-38,OPEN,2,186,188,I,177.0,113,16332.0,14207.6,0.6,113,ACTIVATED
7823,AW3283,TLL - CDG,2025-01-02 15:05:00,2025-01-02 17:05:00,2024-11-25,-38,OPEN,2,189,190,S,369.0,110,24304.0,21774.0,0.58,110,SCHEDULED
7523,AW7656,CDG - OSL,2025-01-02 15:30:00,2025-01-02 17:10:00,2024-11-25,-38,OPEN,2,186,187,L,91.0,96,6862.0,3525.85,0.51,96,ACTIVATED
7886,AW7648,CDG - OSL,2025-01-02 16:25:00,2025-01-02 18:05:00,2024-11-25,-38,OPEN,2,186,187,X,81.0,113,8128.0,4303.05,0.6,113,ACTIVATED
7705,AW4638,CDG - VIE,2025-01-02 17:05:00,2025-01-02 19:15:00,2024-11-25,-38,OPEN,2,189,192,X,87.0,105,9690.0,6034.86,0.55,105,ACTIVATED
9010,AW4633,VIE - CDG,2025-01-02 17:35:00,2025-01-02 19:45:00,2024-11-25,-38,OPEN,2,189,191,S,258.0,146,18623.0,15878.2,0.76,146,ACTIVATED
8341,AW7657,OSL - CDG,2025-01-02 17:50:00,2025-01-02 21:25:00,2024-11-25,-39,OPEN,2,186,187,B,256.0,128,22434.22,19538.88,0.68,128,ACTIVATED
8111,AW7649,OSL - CDG,2025-01-02 18:40:00,2025-01-02 22:15:00,2024-11-25,-39,OPEN,2,186,187,S,304.0,121,22465.0,19727.75,0.65,121,ACTIVATED
7489,AW4639,VIE - CDG,2025-01-02 20:00:00,2025-01-02 22:10:00,2024-11-25,-38,OPEN,2,189,191,H,143.0,93,11282.0,9533.6,0.49,93,ACTIVATED
7746,AW3289,TLL - CDG,2025-01-02 20:45:00,2025-01-02 22:45:00,2024-11-25,-38,OPEN,2,186,190,D,342.0,107,21914.0,19453.0,0.56,107,SCHEDULED
7440,AW4630,CDG - VIE,2025-01-03 06:05:00,2025-01-03 08:15:00,2024-11-25,-39,OPEN,2,189,194,N,52.0,90,5389.0,2398.33,0.46,90,ACTIVATED
6550,AW3280,CDG - TLL,2025-01-03 07:05:00,2025-01-03 12:45:00,2024-11-25,-39,OPEN,2,186,190,G,92.0,30,2525.0,589.63,0.16,30,SCHEDULED
7490,AW7640,CDG - OSL,2025-01-03 07:20:00,2025-01-03 09:00:00,2024-11-25,-39,OPEN,2,189,192,R,71.0,93,4891.26,1645.41,0.48,93,ACTIVATED
7863,AW4631,VIE - CDG,2025-01-03 09:00:00,2025-01-03 11:10:00,2024-11-25,-39,OPEN,2,189,190,M,158.0,112,14233.0,12127.4,0.59,112,ACTIVATED
6520,AW3286,CDG - TLL,2025-01-03 09:05:00,2025-01-03 14:45:00,2024-11-25,-39,OPEN,2,189,189,T,102.0,29,2607.26,768.11,0.15,29,SCHEDULED
7940,AW7641,OSL - CDG,2025-01-03 09:40:00,2025-01-03 13:15:00,2024-11-25,-40,OPEN,2,189,191,I,202.0,115,18863.0,16261.41,0.6,115,ACTIVATED
8084,AW4634,CDG - VIE,2025-01-03 10:25:00,2025-01-03 12:35:00,2024-11-25,-39,OPEN,2,189,193,R,76.0,120,9306.0,5103.18,0.62,120,ACTIVATED
8110,AW7644,CDG - OSL,2025-01-03 11:30:00,2025-01-03 13:10:00,2024-11-25,-39,OPEN,2,186,190,T,63.0,121,6764.0,2576.88,0.64,121,ACTIVATED
7200,AW3288,CDG - TLL,2025-01-03 12:20:00,2025-01-03 18:00:00,2024-11-25,-39,OPEN,2,189,193,N,83.0,71,6438.0,1935.77,0.37,71,SCHEDULED
7889,AW7650,CDG - OSL,2025-01-03 13:15:00,2025-01-03 14:55:00,2024-11-25,-39,OPEN,2,189,193,X,81.0,113,7300.0,3413.22,0.59,113,ACTIVATED
8146,AW4635,VIE - CDG,2025-01-03 13:20:00,2025-01-03 15:30:00,2024-11-25,-39,OPEN,2,189,190,B,215.0,122,17661.6,15368.0,0.64,122,ACTIVATED
7920,AW3281,TLL - CDG,2025-01-03 13:40:00,2025-01-03 15:40:00,2024-11-25,-39,OPEN,2,186,187,F,375.0,114,27439.0,24817.0,0.61,114,SCHEDULED
7864,AW7645,OSL - CDG,2025-01-03 13:50:00,2025-01-03 17:25:00,2024-11-25,-40,OPEN,2,186,187,I,202.0,112,23099.0,20562.72,0.6,112,ACTIVATED
2566,AW4636,CDG - VIE,2025-01-03 14:45:00,2025-01-03 16:55:00,2024-11-25,-39,CANCELLED,2,189,189,,,0,0.0,0.0,0.0,0,UNAVAILABLE
8210,AW7651,OSL - CDG,2025-01-03 15:35:00,2025-01-03 19:10:00,2024-11-25,-40,OPEN,2,189,191,F,222.0,124,20827.58,18073.56,0.65,124,ACTIVATED
7459,AW3287,TLL - CDG,2025-01-03 15:40:00,2025-01-03 17:40:00,2024-11-25,-39,OPEN,2,189,189,I,347.0,91,24065.0,21972.0,0.48,91,SCHEDULED
7747,AW7646,CDG - OSL,2025-01-03 16:10:00,2025-01-03 17:50:00,2024-11-25,-39,OPEN,2,189,192,R,71.0,107,6822.0,3218.87,0.56,107,ACTIVATED
7683,AW7648,CDG - OSL,2025-01-03 16:20:00,2025-01-03 18:00:00,2024-11-25,-39,OPEN,2,189,192,T,63.0,104,6789.0,3159.38,0.54,104,ACTIVATED
2567,AW4637,VIE - CDG,2025-01-03 17:40:00,2025-01-03 19:50:00,2024-11-25,-39,CANCELLED,2,189,189,,,0,0.0,0.0,0.0,0,UNAVAILABLE
8145,AW4638,CDG - VIE,2025-01-03 17:45:00,2025-01-03 19:55:00,2024-11-25,-39,OPEN,2,189,193,R,76.0,122,9411.0,5006.0,0.63,122,ACTIVATED
8063,AW7647,OSL - CDG,2025-01-03 18:30:00,2025-01-03 22:05:00,2024-11-25,-40,OPEN,2,189,190,I,202.0,119,20872.61,18179.14,0.63,119,ACTIVATED
7797,AW7649,OSL - CDG,2025-01-03 18:40:00,2025-01-03 22:15:00,2024-11-25,-40,OPEN,2,189,190,I,202.0,109,19478.0,17010.09,0.57,109,ACTIVATED
8924,AW3289,TLL - CDG,2025-01-03 18:55:00,2025-01-03 20:55:00,2024-11-25,-39,OPEN,2,189,190,B,402.0,144,37540.0,34228.0,0.76,144,SCHEDULED
8180,AW4639,VIE - CDG,2025-01-03 20:40:00,2025-01-03 22:50:00,2024-11-25,-39,OPEN,2,189,190,B,215.0,123,17588.0,15275.6,0.65,123,ACTIVATED
7046,AW4630,CDG - VIE,2025-01-04 06:00:00,2025-01-04 08:10:00,2024-11-25,-40,OPEN,2,189,192,N,52.0,58,3141.0,1056.28,0.3,58,ACTIVATED
7036,AW4670,CDG - BUD,2025-01-04 06:20:00,2025-01-04 09:25:00,2024-11-25,-40,OPEN,2,186,141,N,48.0,57,2721.0,799.2,0.4,57,SCHEDULED
7394,AW3282,CDG - TLL,2025-01-04 07:35:00,2025-01-04 13:15:00,2024-11-25,-40,OPEN,2,186,186,G,92.0,86,7898.0,2506.73,0.46,86,SCHEDULED
7343,AW7640,CDG - OSL,2025-01-04 07:35:00,2025-01-04 09:15:00,2024-11-25,-40,OPEN,2,189,190,G,56.0,82,4433.0,1584.66,0.43,82,ACTIVATED
7843,AW4676,CDG - BUD,2025-01-04 07:45:00,2025-01-04 10:50:00,2024-11-25,-40,OPEN,2,189,189,N,48.0,111,5921.0,2126.48,0.59,111,SCHEDULED
7890,AW4631,VIE - CDG,2025-01-04 08:55:00,2025-01-04 11:05:00,2024-11-25,-40,OPEN,2,189,190,M,158.0,113,15653.0,13528.6,0.59,113,ACTIVATED
7374,AW4634,CDG - VIE,2025-01-04 09:35:00,2025-01-04 11:45:00,2024-11-25,-40,OPEN,2,189,191,R,76.0,85,7168.0,4071.35,0.45,85,ACTIVATED
7628,AW7641,OSL - CDG,2025-01-04 09:55:00,2025-01-04 13:30:00,2024-11-25,-41,OPEN,2,189,190,S,288.0,101,20146.0,17860.59,0.53,101,ACTIVATED
7996,AW4671,BUD - CDG,2025-01-04 10:10:00,2025-01-04 15:15:00,2024-11-25,-41,OPEN,2,186,122,Y,499.0,117,39220.0,38071.06,0.96,117,DEACTIVATED
7718,AW7644,CDG - OSL,2025-01-04 11:35:00,2025-01-04 13:15:00,2024-11-25,-40,OPEN,2,186,187,R,71.0,106,5957.0,2310.69,0.57,106,ACTIVATED
10145,AW4677,BUD - CDG,2025-01-04 11:40:00,2025-01-04 16:45:00,2024-11-25,-41,OPEN,2,189,189,Z,476.0,166,58000.28,56370.16,0.88,166,DEACTIVATED
7941,AW4635,VIE - CDG,2025-01-04 12:30:00,2025-01-04 14:40:00,2024-11-25,-40,OPEN,2,189,190,B,215.0,115,16361.2,14199.2,0.61,115,ACTIVATED
8147,AW7646,CDG - OSL,2025-01-04 12:45:00,2025-01-04 14:25:00,2024-11-25,-40,OPEN,2,189,190,T,63.0,122,7792.0,3448.83,0.64,122,ACTIVATED
6959,AW3280,CDG - TLL,2025-01-04 13:40:00,2025-01-04 19:20:00,2024-11-25,-40,OPEN,2,186,189,R,115.0,51,5011.0,1841.46,0.27,51,SCHEDULED
7706,AW7645,OSL - CDG,2025-01-04 13:55:00,2025-01-04 17:30:00,2024-11-25,-41,OPEN,2,186,187,S,288.0,105,21652.0,19277.23,0.56,105,ACTIVATED
7994,AW3283,TLL - CDG,2025-01-04 14:10:00,2025-01-04 16:10:00,2024-11-25,-40,OPEN,2,186,189,B,402.0,117,32690.0,29999.0,0.62,117,SCHEDULED
7865,AW7647,OSL - CDG,2025-01-04 15:05:00,2025-01-04 18:40:00,2024-11-25,-41,OPEN,2,189,190,F,222.0,112,23876.0,21344.16,0.59,112,ACTIVATED
7921,AW7648,CDG - OSL,2025-01-04 16:20:00,2025-01-04 18:00:00,2024-11-25,-40,OPEN,2,186,187,R,71.0,114,7364.0,3369.26,0.61,114,ACTIVATED
8570,AW4638,CDG - VIE,2025-01-04 17:45:00,2025-01-04 19:55:00,2024-11-25,-40,OPEN,2,189,191,X,87.0,135,11873.1,7129.47,0.71,135,ACTIVATED
7773,AW7649,OSL - CDG,2025-01-04 18:40:00,2025-01-04 22:15:00,2024-11-25,-41,OPEN,2,186,187,S,288.0,108,20452.83,18009.33,0.58,108,ACTIVATED
8432,AW3281,TLL - CDG,2025-01-04 20:15:00,2025-01-04 22:15:00,2024-11-25,-40,OPEN,2,186,192,F,375.0,131,34052.4,31039.4,0.68,131,SCHEDULED
7995,AW4639,VIE - CDG,2025-01-04 20:40:00,2025-01-04 22:50:00,2024-11-25,-40,OPEN,2,189,190,B,215.0,117,17729.0,15529.4,0.62,117,ACTIVATED
7491,AW4630,CDG - VIE,2025-01-05 06:05:00,2025-01-05 08:15:00,2024-11-25,-41,OPEN,2,189,193,T,66.0,93,4967.0,1728.02,0.48,93,ACTIVATED
6697,AW4670,CDG - BUD,2025-01-05 06:45:00,2025-01-05 09:50:00,2024-11-25,-41,OPEN,2,186,187,N,48.0,36,1722.39,467.04,0.19,36,SCHEDULED
7061,AW3280,CDG - TLL,2025-01-05 07:00:00,2025-01-05 12:40:00,2024-11-25,-41,OPEN,2,186,191,R,115.0,59,5184.0,1491.87,0.31,59,SCHEDULED
2575,AW4634,CDG - VIE,2025-01-05 07:45:00,2025-01-05 09:55:00,2024-11-25,-41,CANCELLED,2,189,189,,,0,0.0,0.0,0.0,0,UNAVAILABLE
7997,AW4631,VIE - CDG,2025-01-05 09:00:00,2025-01-05 11:10:00,2024-11-25,-41,OPEN,2,189,190,Q,126.0,117,15755.0,13555.4,0.62,117,ACTIVATED
7603,AW7642,CDG - OSL,2025-01-05 10:35:00,2025-01-05 12:15:00,2024-11-25,-41,OPEN,2,189,192,T,63.0,100,5911.0,2390.33,0.52,100,ACTIVATED
9646,AW4671,BUD - CDG,2025-01-05 10:35:00,2025-01-05 15:40:00,2024-11-25,-42,OPEN,2,186,186,Z,476.0,158,59766.0,58214.44,0.85,158,DEACTIVATED
2576,AW4635,VIE - CDG,2025-01-05 10:40:00,2025-01-05 12:50:00,2024-11-25,-41,CANCELLED,2,189,189,,,0,0.0,0.0,0.0,0,UNAVAILABLE
8828,AW4636,CDG - VIE,2025-01-05 11:15:00,2025-01-05 13:25:00,2024-11-25,-41,OPEN,2,189,192,V,125.0,142,12307.78,7316.81,0.74,142,ACTIVATED
7798,AW7646,CDG - OSL,2025-01-05 11:35:00,2025-01-05 13:15:00,2024-11-25,-41,OPEN,2,189,192,G,56.0,109,6608.52,2796.34,0.57,109,ACTIVATED
7774,AW7643,OSL - CDG,2025-01-05 12:55:00,2025-01-05 16:30:00,2024-11-25,-42,OPEN,2,189,191,D,265.0,108,21508.0,19061.8,0.57,108,ACTIVATED
7354,AW7644,CDG - OSL,2025-01-05 13:20:00,2025-01-05 15:00:00,2024-11-25,-41,OPEN,2,189,192,T,63.0,83,4956.0,1992.83,0.43,83,ACTIVATED
8023,AW3281,TLL - CDG,2025-01-05 13:35:00,2025-01-05 15:35:00,2024-11-25,-41,OPEN,2,186,188,B,402.0,118,31770.0,29056.0,0.63,118,SCHEDULED
7719,AW7647,OSL - CDG,2025-01-05 13:55:00,2025-01-05 17:30:00,2024-11-25,-42,OPEN,2,189,191,F,222.0,106,19980.0,17580.64,0.55,106,ACTIVATED
7922,AW4637,VIE - CDG,2025-01-05 14:10:00,2025-01-05 16:20:00,2024-11-25,-41,OPEN,2,189,190,M,158.0,114,17832.0,15688.8,0.6,114,ACTIVATED
7080,AW3288,CDG - TLL,2025-01-05 14:10:00,2025-01-05 19:50:00,2024-11-25,-41,OPEN,2,189,194,G,92.0,61,5955.0,2145.33,0.31,61,SCHEDULED
7998,AW7645,OSL - CDG,2025-01-05 15:40:00,2025-01-05 19:15:00,2024-11-25,-42,OPEN,2,189,191,D,265.0,117,22144.0,19502.53,0.61,117,ACTIVATED
8401,AW7648,CDG - OSL,2025-01-05 16:20:00,2025-01-05 18:00:00,2024-11-25,-41,OPEN,2,186,192,X,81.0,130,9318.52,4736.84,0.68,130,ACTIVATED
8767,AW4638,CDG - VIE,2025-01-05 16:30:00,2025-01-05 18:40:00,2024-11-25,-41,OPEN,2,189,192,H,156.0,140,13095.39,8224.16,0.73,140,ACTIVATED
7891,AW7649,OSL - CDG,2025-01-05 18:40:00,2025-01-05 22:15:00,2024-11-25,-42,OPEN,2,186,191,F,222.0,113,20453.0,17903.71,0.59,113,ACTIVATED
7824,AW4639,VIE - CDG,2025-01-05 19:25:00,2025-01-05 21:35:00,2024-11-25,-41,OPEN,2,189,190,H,141.0,110,15920.8,13852.8,0.58,110,ACTIVATED
7577,AW3289,TLL - CDG,2025-01-05 20:45:00,2025-01-05 22:45:00,2024-11-25,-41,OPEN,2,189,191,B,402.0,99,25494.0,23217.0,0.52,99,SCHEDULED
6876,AW4630,CDG - VIE,2025-01-06 06:05:00,2025-01-06 08:15:00,2024-11-25,-42,OPEN,2,186,188,L,98.0,46,2968.0,1326.92,0.24,46,ACTIVATED
6698,AW3280,CDG - TLL,2025-01-06 06:20:00,2025-01-06 12:00:00,2024-11-25,-42,OPEN,2,186,189,N,83.0,36,2942.0,676.48,0.19,36,SCHEDULED
6681,AW7640,CDG - OSL,2025-01-06 07:25:00,2025-01-06 09:05:00,2024-11-25,-42,OPEN,2,189,193,N,50.0,35,1707.0,415.34,0.18,35,ACTIVATED
6875,AW3282,CDG - TLL,2025-01-06 07:55:00,2025-01-06 13:35:00,2024-11-25,-42,OPEN,2,189,192,N,83.0,46,3768.0,794.94,0.24,46,SCHEDULED
7428,AW4631,VIE - CDG,2025-01-06 09:00:00,2025-01-06 11:10:00,2024-11-25,-42,OPEN,2,186,187,L,85.0,89,7668.0,5994.8,0.48,89,ACTIVATED
7648,AW7641,OSL - CDG,2025-01-06 09:45:00,2025-01-06 13:20:00,2024-11-25,-43,OPEN,2,189,191,V,132.0,102,11426.0,9119.93,0.53,102,ACTIVATED
8024,AW4634,CDG - VIE,2025-01-06 10:25:00,2025-01-06 12:35:00,2024-11-25,-42,OPEN,2,189,191,R,76.0,118,8961.39,4720.3,0.62,118,ACTIVATED
6998,AW7644,CDG - OSL,2025-01-06 11:35:00,2025-01-06 13:15:00,2024-11-25,-42,OPEN,2,189,193,N,50.0,54,2341.0,433.93,0.28,54,ACTIVATED
6890,AW7646,CDG - OSL,2025-01-06 12:40:00,2025-01-06 14:20:00,2024-11-25,-42,OPEN,2,189,192,N,50.0,47,2446.0,731.31,0.24,47,ACTIVATED
8025,AW3281,TLL - CDG,2025-01-06 12:55:00,2025-01-06 14:55:00,2024-11-25,-42,OPEN,2,186,190,K,216.0,118,18781.0,16067.0,0.62,118,SCHEDULED
6660,AW3288,CDG - TLL,2025-01-06 13:10:00,2025-01-06 18:50:00,2024-11-25,-42,OPEN,2,186,192,N,83.0,34,3511.0,1340.55,0.18,34,SCHEDULED
7557,AW4635,VIE - CDG,2025-01-06 13:20:00,2025-01-06 15:30:00,2024-11-25,-42,OPEN,2,189,190,K,97.0,98,11961.71,10119.31,0.52,98,ACTIVATED
7524,AW7645,OSL - CDG,2025-01-06 13:55:00,2025-01-06 17:30:00,2024-11-25,-43,OPEN,2,189,191,Q,148.0,96,11018.0,8847.26,0.5,96,ACTIVATED
7201,AW3283,TLL - CDG,2025-01-06 14:30:00,2025-01-06 16:30:00,2024-11-25,-42,OPEN,2,189,189,V,241.0,71,12455.0,10822.0,0.38,71,SCHEDULED
8342,AW4636,CDG - VIE,2025-01-06 14:45:00,2025-01-06 16:55:00,2024-11-25,-42,OPEN,2,189,191,X,87.0,128,11229.39,6643.79,0.67,128,ACTIVATED
7942,AW7647,OSL - CDG,2025-01-06 15:00:00,2025-01-06 18:35:00,2024-11-25,-43,OPEN,2,189,192,Q,148.0,115,12716.61,10114.48,0.6,115,ACTIVATED
2577,AW7650,CDG - OSL,2025-01-06 15:35:00,2025-01-06 17:15:00,2024-11-25,-42,CANCELLED,2,189,189,,,0,0.0,0.0,0.0,0,UNAVAILABLE
7025,AW7648,CDG - OSL,2025-01-06 16:20:00,2025-01-06 18:00:00,2024-11-25,-42,OPEN,2,189,192,N,50.0,56,2639.0,674.02,0.29,56,ACTIVATED
7375,AW4638,CDG - VIE,2025-01-06 17:25:00,2025-01-06 19:35:00,2024-11-25,-42,OPEN,2,189,188,K,110.0,85,7617.91,4672.4,0.45,85,ACTIVATED
7306,AW4637,VIE - CDG,2025-01-06 17:40:00,2025-01-06 19:50:00,2024-11-25,-42,OPEN,2,189,190,L,85.0,79,7504.0,6018.8,0.42,79,ACTIVATED
2578,AW7651,OSL - CDG,2025-01-06 17:55:00,2025-01-06 21:30:00,2024-11-25,-43,CANCELLED,2,189,189,,,0,0.0,0.0,0.0,0,UNAVAILABLE
7604,AW7649,OSL - CDG,2025-01-06 18:40:00,2025-01-06 22:15:00,2024-11-25,-43,OPEN,2,189,192,Q,148.0,100,9944.0,7681.74,0.52,100,ACTIVATED
7799,AW3289,TLL - CDG,2025-01-06 19:45:00,2025-01-06 21:45:00,2024-11-25,-42,OPEN,2,186,193,V,241.0,109,16946.0,14439.0,0.56,109,SCHEDULED
7132,AW4639,VIE - CDG,2025-01-06 20:20:00,2025-01-06 22:30:00,2024-11-25,-42,OPEN,2,189,187,L,85.0,66,6434.0,5193.2,0.35,66,ACTIVATED
6859,AW3280,CDG - TLL,2025-01-07 07:15:00,2025-01-07 12:55:00,2024-11-25,-43,OPEN,2,186,191,N,83.0,45,4246.0,1451.55,0.24,45,SCHEDULED
5594,AW7640,CDG - OSL,2025-01-07 07:25:00,2025-01-07 09:05:00,2024-11-25,-43,OPEN,2,189,193,N,50.0,9,384.0,78.75,0.05,9,ACTIVATED
7800,AW7641,OSL - CDG,2025-01-07 09:45:00,2025-01-07 13:20:00,2024-11-25,-44,OPEN,2,189,190,R,72.0,109,7663.61,5202.63,0.57,109,ACTIVATED
6328,AW7644,CDG - OSL,2025-01-07 11:35:00,2025-01-07 13:15:00,2024-11-25,-43,OPEN,2,189,189,N,50.0,22,1112.0,303.24,0.12,22,ACTIVATED
7775,AW4634,CDG - VIE,2025-01-07 11:55:00,2025-01-07 14:05:00,2024-11-25,-43,OPEN,2,189,188,X,87.0,108,7474.26,3666.99,0.57,108,ACTIVATED
6442,AW7646,CDG - OSL,2025-01-07 13:00:00,2025-01-07 14:40:00,2024-11-25,-43,OPEN,2,189,193,N,50.0,26,1143.0,204.68,0.13,26,ACTIVATED
7647,AW3281,TLL - CDG,2025-01-07 13:50:00,2025-01-07 15:50:00,2024-11-25,-43,OPEN,2,186,189,K,157.0,102,12509.0,10163.0,0.54,102,SCHEDULED
7605,AW7645,OSL - CDG,2025-01-07 13:55:00,2025-01-07 17:30:00,2024-11-25,-44,OPEN,2,189,187,R,72.0,100,7032.0,4768.48,0.53,100,ACTIVATED
6768,AW3288,CDG - TLL,2025-01-07 14:05:00,2025-01-07 19:45:00,2024-11-25,-43,OPEN,2,186,192,N,83.0,40,3468.0,899.99,0.21,40,SCHEDULED
7376,AW4635,VIE - CDG,2025-01-07 14:50:00,2025-01-07 17:00:00,2024-11-25,-43,OPEN,2,189,189,L,87.0,85,6962.8,5364.8,0.45,85,ACTIVATED
7558,AW7647,OSL - CDG,2025-01-07 15:20:00,2025-01-07 18:55:00,2024-11-25,-44,OPEN,2,189,190,K,115.0,98,7122.22,4903.74,0.52,98,ACTIVATED
5917,AW7648,CDG - OSL,2025-01-07 16:20:00,2025-01-07 18:00:00,2024-11-25,-43,OPEN,2,186,190,A,45.0,13,683.0,200.1,0.07,13,ACTIVATED
7536,AW4636,CDG - VIE,2025-01-07 17:25:00,2025-01-07 19:35:00,2024-11-25,-43,OPEN,2,189,191,R,76.0,97,6498.11,3225.75,0.51,97,ACTIVATED
7395,AW7649,OSL - CDG,2025-01-07 18:40:00,2025-01-07 22:15:00,2024-11-25,-44,OPEN,2,186,187,L,99.0,86,6374.0,4429.33,0.46,86,ACTIVATED
7293,AW4637,VIE - CDG,2025-01-07 20:20:00,2025-01-07 22:30:00,2024-11-25,-43,OPEN,2,189,192,K,99.0,78,5204.0,3737.6,0.41,78,ACTIVATED
7253,AW3289,TLL - CDG,2025-01-07 20:40:00,2025-01-07 22:40:00,2024-11-25,-43,OPEN,2,186,189,L,140.0,75,9591.0,7866.0,0.4,75,SCHEDULED
6444,AW4634,CDG - VIE,2025-01-08 07:00:00,2025-01-08 09:05:00,2024-11-25,-44,OPEN,2,189,191,G,59.0,26,1842.0,917.42,0.14,26,ACTIVATED
6903,AW3280,CDG - TLL,2025-01-08 07:20:00,2025-01-08 13:00:00,2024-11-25,-44,OPEN,2,186,191,N,83.0,48,3962.0,976.26,0.25,48,SCHEDULED
5918,AW7640,CDG - OSL,2025-01-08 07:25:00,2025-01-08 09:05:00,2024-11-25,-44,OPEN,2,189,189,N,50.0,13,608.0,111.36,0.07,13,ACTIVATED
7331,AW7641,OSL - CDG,2025-01-08 09:45:00,2025-01-08 13:20:00,2024-11-25,-45,OPEN,2,189,191,T,59.0,81,4285.0,2451.79,0.42,81,ACTIVATED
7415,AW4635,VIE - CDG,2025-01-08 09:50:00,2025-01-08 12:00:00,2024-11-25,-44,OPEN,2,189,191,R,66.0,88,6604.0,4949.6,0.46,88,ACTIVATED
2579,AW7644,CDG - OSL,2025-01-08 11:30:00,2025-01-08 13:10:00,2024-11-25,-44,CANCELLED,2,189,189,,,0,0.0,0.0,0.0,0,UNAVAILABLE
6138,AW3288,CDG - TLL,2025-01-08 12:30:00,2025-01-08 18:10:00,2024-11-25,-44,OPEN,2,186,191,A,76.0,17,1432.0,387.97,0.09,17,SCHEDULED
6443,AW7646,CDG - OSL,2025-01-08 12:50:00,2025-01-08 14:30:00,2024-11-25,-44,OPEN,2,189,188,N,50.0,26,1232.0,273.07,0.14,26,ACTIVATED
2580,AW7645,OSL - CDG,2025-01-08 13:50:00,2025-01-08 17:25:00,2024-11-25,-45,CANCELLED,2,189,189,,,0,0.0,0.0,0.0,0,UNAVAILABLE
6999,AW3281,TLL - CDG,2025-01-08 13:55:00,2025-01-08 15:55:00,2024-11-25,-44,OPEN,2,186,190,R,109.0,54,6146.0,4904.0,0.28,54,SCHEDULED
6860,AW4638,CDG - VIE,2025-01-08 13:55:00,2025-01-08 16:05:00,2024-11-25,-44,OPEN,2,189,192,T,66.0,45,3041.26,1411.96,0.23,45,ACTIVATED
7441,AW7647,OSL - CDG,2025-01-08 15:10:00,2025-01-08 18:45:00,2024-11-25,-45,OPEN,2,189,188,R,72.0,90,5854.61,3816.65,0.48,90,ACTIVATED
6969,AW4630,CDG - VIE,2025-01-08 16:20:00,2025-01-08 18:30:00,2024-11-25,-44,OPEN,2,189,191,G,59.0,52,3053.0,1251.93,0.27,52,ACTIVATED
6260,AW7648,CDG - OSL,2025-01-08 16:20:00,2025-01-08 18:00:00,2024-11-25,-44,OPEN,2,189,191,G,56.0,20,981.0,264.5,0.1,20,ACTIVATED
7101,AW4639,VIE - CDG,2025-01-08 16:50:00,2025-01-08 19:00:00,2024-11-25,-44,OPEN,2,189,192,R,66.0,63,3785.0,2600.6,0.33,63,ACTIVATED
7171,AW7649,OSL - CDG,2025-01-08 18:40:00,2025-01-08 22:15:00,2024-11-25,-45,OPEN,2,189,191,R,72.0,69,3633.0,2071.11,0.36,69,ACTIVATED
7026,AW3289,TLL - CDG,2025-01-08 19:05:00,2025-01-08 21:05:00,2024-11-25,-44,OPEN,2,186,190,X,124.0,56,6323.0,5035.0,0.29,56,SCHEDULED
6737,AW4631,VIE - CDG,2025-01-08 19:15:00,2025-01-08 21:25:00,2024-11-25,-44,OPEN,2,189,192,R,66.0,38,1878.0,1163.6,0.2,38,ACTIVATED
5973,AW4630,CDG - VIE,2025-01-09 06:05:00,2025-01-09 08:15:00,2024-11-25,-45,OPEN,2,189,190,X,87.0,14,750.0,248.45,0.07,14,ACTIVATED
6738,AW3280,CDG - TLL,2025-01-09 07:00:00,2025-01-09 12:40:00,2024-11-25,-45,OPEN,2,186,193,N,83.0,38,2685.0,264.49,0.2,38,SCHEDULED
6139,AW7640,CDG - OSL,2025-01-09 07:25:00,2025-01-09 09:05:00,2024-11-25,-45,OPEN,2,186,188,N,50.0,17,689.0,62.8,0.09,17,ACTIVATED
7121,AW4631,VIE - CDG,2025-01-09 09:00:00,2025-01-09 11:10:00,2024-11-25,-45,OPEN,2,189,188,R,66.0,65,3697.6,2475.6,0.35,65,ACTIVATED
7133,AW7641,OSL - CDG,2025-01-09 09:45:00,2025-01-09 13:20:00,2024-11-25,-46,OPEN,2,186,188,G,49.0,66,3444.83,1950.23,0.35,66,ACTIVATED
6989,AW4634,CDG - VIE,2025-01-09 11:55:00,2025-01-09 14:05:00,2024-11-25,-45,OPEN,2,189,191,G,59.0,53,3122.0,1206.1,0.28,53,ACTIVATED
6355,AW7646,CDG - OSL,2025-01-09 12:20:00,2025-01-09 14:00:00,2024-11-25,-45,OPEN,2,189,191,N,50.0,23,1205.0,322.63,0.12,23,ACTIVATED
6934,AW3281,TLL - CDG,2025-01-09 13:35:00,2025-01-09 15:35:00,2024-11-25,-45,OPEN,2,186,193,T,96.0,50,5952.0,4802.0,0.26,50,SCHEDULED
6551,AW3288,CDG - TLL,2025-01-09 14:10:00,2025-01-09 19:50:00,2024-11-25,-45,OPEN,2,186,190,A,76.0,30,2266.0,383.06,0.16,30,SCHEDULED
7081,AW7647,OSL - CDG,2025-01-09 14:35:00,2025-01-09 18:10:00,2024-11-25,-46,OPEN,2,189,192,T,59.0,61,3283.01,1911.93,0.32,61,ACTIVATED
7184,AW4635,VIE - CDG,2025-01-09 14:50:00,2025-01-09 17:00:00,2024-11-25,-45,OPEN,2,189,188,T,57.0,70,3769.0,2453.0,0.37,70,ACTIVATED
6357,AW7656,CDG - OSL,2025-01-09 15:30:00,2025-01-09 17:10:00,2024-11-25,-45,OPEN,2,189,188,N,50.0,23,1011.39,142.76,0.12,23,ACTIVATED
6356,AW7648,CDG - OSL,2025-01-09 16:25:00,2025-01-09 18:05:00,2024-11-25,-45,OPEN,2,186,188,N,50.0,23,1057.0,215.85,0.12,23,ACTIVATED
2581,AW4638,CDG - VIE,2025-01-09 17:05:00,2025-01-09 19:15:00,2024-11-25,-45,CANCELLED,2,189,189,,,0,0.0,0.0,0.0,0,UNAVAILABLE
7027,AW7657,OSL - CDG,2025-01-09 17:50:00,2025-01-09 21:25:00,2024-11-25,-46,OPEN,2,189,189,T,59.0,56,2197.0,928.5,0.3,56,ACTIVATED
6935,AW7649,OSL - CDG,2025-01-09 18:40:00,2025-01-09 22:15:00,2024-11-25,-46,OPEN,2,186,189,G,49.0,50,1697.0,563.98,0.26,50,ACTIVATED
2582,AW4639,VIE - CDG,2025-01-09 20:00:00,2025-01-09 22:10:00,2024-11-25,-45,CANCELLED,2,189,189,,,0,0.0,0.0,0.0,0,UNAVAILABLE
7254,AW3289,TLL - CDG,2025-01-09 20:45:00,2025-01-09 22:45:00,2024-11-25,-45,OPEN,2,186,191,R,109.0,75,7226.0,5501.0,0.39,75,SCHEDULED
2586,AW4630,CDG - VIE,2025-01-10 06:15:00,2025-01-10 08:25:00,2024-11-25,-46,CANCELLED,2,189,189,,,0,0.0,0.0,0.0,0,UNAVAILABLE
7238,AW3280,CDG - TLL,2025-01-10 07:05:00,2025-01-10 12:45:00,2024-11-25,-46,OPEN,2,186,190,N,83.0,74,6016.54,1352.98,0.39,74,SCHEDULED
6720,AW7640,CDG - OSL,2025-01-10 07:20:00,2025-01-10 09:00:00,2024-11-25,-46,OPEN,2,186,190,N,50.0,37,1957.0,593.69,0.19,37,ACTIVATED
2587,AW4631,VIE - CDG,2025-01-10 09:10:00,2025-01-10 11:20:00,2024-11-25,-46,CANCELLED,2,189,189,,,0,0.0,0.0,0.0,0,UNAVAILABLE
7122,AW7641,OSL - CDG,2025-01-10 09:40:00,2025-01-10 13:15:00,2024-11-25,-47,OPEN,2,186,189,G,49.0,65,3095.0,1624.45,0.34,65,ACTIVATED
7344,AW4634,CDG - VIE,2025-01-10 10:25:00,2025-01-10 12:35:00,2024-11-25,-46,OPEN,2,189,194,N,52.0,82,5134.0,2107.04,0.42,82,ACTIVATED
2585,AW7644,CDG - OSL,2025-01-10 11:30:00,2025-01-10 13:10:00,2024-11-25,-46,CANCELLED,2,186,186,,,0,0.0,0.0,0.0,0,UNAVAILABLE
6769,AW3288,CDG - TLL,2025-01-10 12:20:00,2025-01-10 18:00:00,2024-11-25,-46,OPEN,2,189,194,N,83.0,40,3149.0,678.36,0.21,40,SCHEDULED
7015,AW7650,CDG - OSL,2025-01-10 13:15:00,2025-01-10 14:55:00,2024-11-25,-46,OPEN,2,189,193,G,56.0,55,2665.0,663.71,0.28,55,ACTIVATED
7070,AW4635,VIE - CDG,2025-01-10 13:20:00,2025-01-10 15:30:00,2024-11-25,-46,OPEN,2,189,191,T,57.0,60,3836.0,2708.0,0.31,60,ACTIVATED
7000,AW3281,TLL - CDG,2025-01-10 13:40:00,2025-01-10 15:40:00,2024-11-25,-46,OPEN,2,186,188,G,85.0,54,6069.0,4827.0,0.29,54,SCHEDULED
2588,AW7645,OSL - CDG,2025-01-10 13:50:00,2025-01-10 17:25:00,2024-11-25,-47,CANCELLED,2,186,186,,,0,0.0,0.0,0.0,0,UNAVAILABLE
2583,AW4636,CDG - VIE,2025-01-10 14:45:00,2025-01-10 16:55:00,2024-11-25,-46,CANCELLED,2,189,189,,,0,0.0,0.0,0.0,0,UNAVAILABLE
6990,AW7651,OSL - CDG,2025-01-10 15:35:00,2025-01-10 19:10:00,2024-11-25,-47,OPEN,2,189,191,G,49.0,53,2294.0,1093.33,0.28,53,ACTIVATED
6497,AW7646,CDG - OSL,2025-01-10 16:10:00,2025-01-10 17:50:00,2024-11-25,-46,OPEN,2,186,193,N,50.0,28,1401.0,356.68,0.15,28,ACTIVATED
6661,AW7648,CDG - OSL,2025-01-10 16:20:00,2025-01-10 18:00:00,2024-11-25,-46,OPEN,2,189,193,N,50.0,34,1646.0,359.25,0.18,34,ACTIVATED
2584,AW4637,VIE - CDG,2025-01-10 17:40:00,2025-01-10 19:50:00,2024-11-25,-46,CANCELLED,2,189,189,,,0,0.0,0.0,0.0,0,UNAVAILABLE
7377,AW4638,CDG - VIE,2025-01-10 17:45:00,2025-01-10 19:55:00,2024-11-25,-46,OPEN,2,189,194,G,59.0,85,4711.0,1607.48,0.44,85,ACTIVATED
6936,AW7647,OSL - CDG,2025-01-10 18:30:00,2025-01-10 22:05:00,2024-11-25,-47,OPEN,2,186,192,N,40.0,50,1969.0,837.96,0.26,50,ACTIVATED
6140,AW7649,OSL - CDG,2025-01-10 18:40:00,2025-01-10 22:15:00,2024-11-25,-47,OPEN,2,189,191,N,40.0,17,703.0,317.55,0.09,17,ACTIVATED
7825,AW3289,TLL - CDG,2025-01-10 18:55:00,2025-01-10 20:55:00,2024-11-25,-46,OPEN,2,189,192,R,109.0,110,9459.0,6929.0,0.57,110,SCHEDULED
7217,AW4639,VIE - CDG,2025-01-10 20:40:00,2025-01-10 22:50:00,2024-11-25,-46,OPEN,2,189,191,T,57.0,72,2952.0,1598.4,0.38,72,ACTIVATED
6291,AW4630,CDG - VIE,2025-01-11 06:00:00,2025-01-11 08:10:00,2024-11-25,-47,OPEN,2,189,190,N,52.0,21,1186.0,416.5,0.11,21,ACTIVATED
6971,AW4670,CDG - BUD,2025-01-11 06:20:00,2025-01-11 09:25:00,2024-11-25,-47,OPEN,2,189,118,G,53.0,52,2547.0,807.76,0.44,52,SCHEDULED
6750,AW3282,CDG - TLL,2025-01-11 07:35:00,2025-01-11 13:15:00,2024-11-25,-47,OPEN,2,186,187,N,83.0,39,3994.0,1552.17,0.21,39,SCHEDULED
6970,AW7640,CDG - OSL,2025-01-11 07:35:00,2025-01-11 09:15:00,2024-11-25,-47,OPEN,2,186,187,G,56.0,52,2416.0,477.53,0.28,52,ACTIVATED
7559,AW4676,CDG - BUD,2025-01-11 07:45:00,2025-01-11 10:50:00,2024-11-25,-47,OPEN,2,189,189,N,48.0,98,4842.39,1510.16,0.52,98,SCHEDULED
7123,AW4631,VIE - CDG,2025-01-11 08:55:00,2025-01-11 11:05:00,2024-11-25,-47,OPEN,2,189,188,T,57.0,65,2609.0,1387.0,0.35,65,ACTIVATED
6636,AW4634,CDG - VIE,2025-01-11 09:35:00,2025-01-11 11:45:00,2024-11-25,-47,OPEN,2,189,192,T,66.0,33,1794.39,649.95,0.17,33,ACTIVATED
7028,AW7641,OSL - CDG,2025-01-11 09:55:00,2025-01-11 13:30:00,2024-11-25,-48,OPEN,2,186,188,T,59.0,56,2286.0,1017.14,0.3,56,ACTIVATED
7229,AW4671,BUD - CDG,2025-01-11 10:10:00,2025-01-11 15:15:00,2024-11-25,-48,OPEN,2,189,141,T,49.0,73,5106.64,4389.78,0.52,73,DEACTIVATED
2589,AW7644,CDG - OSL,2025-01-11 11:35:00,2025-01-11 13:15:00,2024-11-25,-47,CANCELLED,2,186,186,,,0,0.0,0.0,0.0,0,UNAVAILABLE
7364,AW4677,BUD - CDG,2025-01-11 11:40:00,2025-01-11 16:45:00,2024-11-25,-48,OPEN,2,189,189,T,49.0,84,6211.64,5386.76,0.44,84,DEACTIVATED
6292,AW4635,VIE - CDG,2025-01-11 12:30:00,2025-01-11 14:40:00,2024-11-25,-47,OPEN,2,189,191,G,50.0,21,1203.0,808.2,0.11,21,ACTIVATED
6552,AW7646,CDG - OSL,2025-01-11 12:45:00,2025-01-11 14:25:00,2024-11-25,-47,OPEN,2,189,190,A,45.0,30,1645.0,583.99,0.16,30,ACTIVATED
6498,AW3280,CDG - TLL,2025-01-11 13:40:00,2025-01-11 19:20:00,2024-11-25,-47,OPEN,2,186,190,N,83.0,28,2283.0,517.6,0.15,28,SCHEDULED
2592,AW7645,OSL - CDG,2025-01-11 13:55:00,2025-01-11 17:30:00,2024-11-25,-48,CANCELLED,2,186,186,,,0,0.0,0.0,0.0,0,UNAVAILABLE
7294,AW3283,TLL - CDG,2025-01-11 14:10:00,2025-01-11 16:10:00,2024-11-25,-47,OPEN,2,186,190,R,109.0,78,7802.0,6008.0,0.41,78,SCHEDULED
6920,AW7647,OSL - CDG,2025-01-11 15:05:00,2025-01-11 18:40:00,2024-11-25,-48,OPEN,2,189,191,G,49.0,49,2338.83,1228.42,0.26,49,ACTIVATED
6602,AW7648,CDG - OSL,2025-01-11 16:20:00,2025-01-11 18:00:00,2024-11-25,-47,OPEN,2,186,187,N,50.0,32,1499.0,318.25,0.17,32,ACTIVATED
2590,AW4638,CDG - VIE,2025-01-11 17:45:00,2025-01-11 19:55:00,2024-11-25,-47,CANCELLED,2,189,189,,,0,0.0,0.0,0.0,0,UNAVAILABLE
6861,AW7649,OSL - CDG,2025-01-11 18:40:00,2025-01-11 22:15:00,2024-11-25,-48,OPEN,2,186,188,T,59.0,45,1667.0,648.47,0.24,45,ACTIVATED
6823,AW3281,TLL - CDG,2025-01-11 20:15:00,2025-01-11 22:15:00,2024-11-25,-47,OPEN,2,186,193,T,96.0,43,4649.0,3660.0,0.22,43,SCHEDULED
2591,AW4639,VIE - CDG,2025-01-11 20:40:00,2025-01-11 22:50:00,2024-11-25,-47,CANCELLED,2,189,189,,,0,0.0,0.0,0.0,0,UNAVAILABLE
2594,AW4630,CDG - VIE,2025-01-12 06:15:00,2025-01-12 08:25:00,2024-11-25,-48,CANCELLED,2,189,189,,,0,0.0,0.0,0.0,0,UNAVAILABLE
6862,AW4670,CDG - BUD,2025-01-12 06:45:00,2025-01-12 09:50:00,2024-11-25,-48,OPEN,2,186,187,N,48.0,45,3056.0,1488.53,0.24,45,SCHEDULED
6806,AW3280,CDG - TLL,2025-01-12 07:00:00,2025-01-12 12:40:00,2024-11-25,-48,OPEN,2,186,191,N,83.0,42,3884.0,1250.88,0.22,42,SCHEDULED
2596,AW4634,CDG - VIE,2025-01-12 07:45:00,2025-01-12 09:55:00,2024-11-25,-48,CANCELLED,2,189,189,,,0,0.0,0.0,0.0,0,UNAVAILABLE
2595,AW4631,VIE - CDG,2025-01-12 09:10:00,2025-01-12 11:20:00,2024-11-25,-48,CANCELLED,2,189,189,,,0,0.0,0.0,0.0,0,UNAVAILABLE
7124,AW4671,BUD - CDG,2025-01-12 10:35:00,2025-01-12 15:40:00,2024-11-25,-49,OPEN,2,186,187,X,66.0,65,4827.82,4189.52,0.35,65,DEACTIVATED
6937,AW7642,CDG - OSL,2025-01-12 10:35:00,2025-01-12 12:15:00,2024-11-25,-48,OPEN,2,189,192,G,56.0,50,2233.0,414.27,0.26,50,ACTIVATED
2597,AW4635,VIE - CDG,2025-01-12 10:40:00,2025-01-12 12:50:00,2024-11-25,-48,CANCELLED,2,189,189,,,0,0.0,0.0,0.0,0,UNAVAILABLE
7152,AW4636,CDG - VIE,2025-01-12 11:15:00,2025-01-12 13:25:00,2024-11-25,-48,OPEN,2,189,192,T,66.0,67,4263.0,1927.99,0.35,67,ACTIVATED
2593,AW7646,CDG - OSL,2025-01-12 11:35:00,2025-01-12 13:15:00,2024-11-25,-48,CANCELLED,2,189,189,,,0,0.0,0.0,0.0,0,UNAVAILABLE
6807,AW7643,OSL - CDG,2025-01-12 12:55:00,2025-01-12 16:30:00,2024-11-25,-49,OPEN,2,189,193,G,49.0,42,2190.0,1238.04,0.22,42,ACTIVATED
6837,AW7644,CDG - OSL,2025-01-12 13:20:00,2025-01-12 15:00:00,2024-11-25,-48,OPEN,2,189,192,G,56.0,44,2125.0,514.35,0.23,44,ACTIVATED
7102,AW3281,TLL - CDG,2025-01-12 13:35:00,2025-01-12 15:35:00,2024-11-25,-48,OPEN,2,186,189,X,124.0,63,7262.0,5813.0,0.33,63,SCHEDULED
2598,AW7647,OSL - CDG,2025-01-12 13:55:00,2025-01-12 17:30:00,2024-11-25,-49,CANCELLED,2,189,189,,,0,0.0,0.0,0.0,0,UNAVAILABLE
6751,AW4637,VIE - CDG,2025-01-12 14:10:00,2025-01-12 16:20:00,2024-11-25,-48,OPEN,2,189,192,T,57.0,39,2248.0,1514.8,0.2,39,ACTIVATED
6603,AW3288,CDG - TLL,2025-01-12 14:10:00,2025-01-12 19:50:00,2024-11-25,-48,OPEN,2,189,194,N,83.0,32,2976.0,953.05,0.16,32,SCHEDULED
6785,AW7645,OSL - CDG,2025-01-12 15:40:00,2025-01-12 19:15:00,2024-11-25,-49,OPEN,2,189,192,T,59.0,41,2380.61,1452.16,0.21,41,ACTIVATED
7037,AW7648,CDG - OSL,2025-01-12 16:20:00,2025-01-12 18:00:00,2024-11-25,-48,OPEN,2,186,189,G,56.0,57,3313.0,1274.41,0.3,57,ACTIVATED
7707,AW4638,CDG - VIE,2025-01-12 16:30:00,2025-01-12 18:40:00,2024-11-25,-48,OPEN,2,186,190,X,87.0,105,6909.0,3363.78,0.55,105,ACTIVATED
7001,AW7649,OSL - CDG,2025-01-12 18:40:00,2025-01-12 22:15:00,2024-11-25,-49,OPEN,2,186,190,G,49.0,54,3409.22,2186.12,0.28,54,ACTIVATED
7071,AW4639,VIE - CDG,2025-01-12 19:25:00,2025-01-12 21:35:00,2024-11-25,-48,OPEN,2,186,188,G,50.0,60,3564.0,2436.0,0.32,60,ACTIVATED
6972,AW3289,TLL - CDG,2025-01-12 20:45:00,2025-01-12 22:45:00,2024-11-25,-48,OPEN,2,189,192,X,124.0,52,6513.0,5317.0,0.27,52,SCHEDULED
6026,AW4630,CDG - VIE,2025-01-13 06:05:00,2025-01-13 08:15:00,2024-11-25,-49,OPEN,2,186,188,A,47.0,15,738.0,197.19,0.08,15,ACTIVATED
6770,AW3280,CDG - TLL,2025-01-13 06:20:00,2025-01-13 12:00:00,2024-11-25,-49,OPEN,2,186,189,A,76.0,40,3173.0,679.89,0.21,40,SCHEDULED
5693,AW7640,CDG - OSL,2025-01-13 07:25:00,2025-01-13 09:05:00,2024-11-25,-49,OPEN,2,189,190,N,50.0,10,450.0,91.75,0.05,10,ACTIVATED
7103,AW4631,VIE - CDG,2025-01-13 09:00:00,2025-01-13 11:10:00,2024-11-25,-49,OPEN,2,186,187,G,50.0,63,3779.0,2594.6,0.34,63,ACTIVATED
6096,AW7641,OSL - CDG,2025-01-13 09:45:00,2025-01-13 13:20:00,2024-11-25,-50,OPEN,2,189,189,G,49.0,16,637.0,273.62,0.08,16,ACTIVATED
7277,AW4634,CDG - VIE,2025-01-13 10:25:00,2025-01-13 12:35:00,2024-11-25,-49,OPEN,2,189,192,N,52.0,77,3970.0,1139.34,0.4,77,ACTIVATED
2599,AW7644,CDG - OSL,2025-01-13 11:35:00,2025-01-13 13:15:00,2024-11-25,-49,CANCELLED,2,189,189,,,0,0.0,0.0,0.0,0,UNAVAILABLE
6877,AW7646,CDG - OSL,2025-01-13 12:40:00,2025-01-13 14:20:00,2024-11-25,-49,OPEN,2,189,193,N,50.0,46,2128.0,486.92,0.24,46,ACTIVATED
6577,AW3281,TLL - CDG,2025-01-13 12:55:00,2025-01-13 14:55:00,2024-11-25,-49,OPEN,2,186,190,T,96.0,31,3329.0,2616.0,0.16,31,SCHEDULED
6771,AW3288,CDG - TLL,2025-01-13 13:10:00,2025-01-13 18:50:00,2024-11-25,-49,OPEN,2,186,192,A,76.0,40,3045.0,529.42,0.21,40,SCHEDULED
6772,AW4635,VIE - CDG,2025-01-13 13:20:00,2025-01-13 15:30:00,2024-11-25,-49,OPEN,2,189,191,N,44.0,40,1963.0,1211.0,0.21,40,ACTIVATED
2610,AW7645,OSL - CDG,2025-01-13 13:55:00,2025-01-13 17:30:00,2024-11-25,-50,CANCELLED,2,189,189,,,0,0.0,0.0,0.0,0,UNAVAILABLE
2601,AW4636,CDG - VIE,2025-01-13 14:45:00,2025-01-13 16:55:00,2024-11-25,-49,CANCELLED,2,189,189,,,0,0.0,0.0,0.0,0,UNAVAILABLE
6921,AW7647,OSL - CDG,2025-01-13 15:00:00,2025-01-13 18:35:00,2024-11-25,-50,OPEN,2,189,192,G,49.0,49,2450.0,1341.03,0.26,49,ACTIVATED
2600,AW7650,CDG - OSL,2025-01-13 15:35:00,2025-01-13 17:15:00,2024-11-25,-49,CANCELLED,2,189,189,,,0,0.0,0.0,0.0,0,UNAVAILABLE
6938,AW7648,CDG - OSL,2025-01-13 16:20:00,2025-01-13 18:00:00,2024-11-25,-49,OPEN,2,189,192,A,45.0,50,2106.0,273.53,0.26,50,ACTIVATED
7578,AW4638,CDG - VIE,2025-01-13 17:25:00,2025-01-13 19:35:00,2024-11-25,-49,OPEN,2,186,188,G,59.0,99,5236.0,1596.58,0.53,99,ACTIVATED
2602,AW4637,VIE - CDG,2025-01-13 17:40:00,2025-01-13 19:50:00,2024-11-25,-49,CANCELLED,2,189,189,,,0,0.0,0.0,0.0,0,UNAVAILABLE
2611,AW7651,OSL - CDG,2025-01-13 17:55:00,2025-01-13 21:30:00,2024-11-25,-50,CANCELLED,2,189,189,,,0,0.0,0.0,0.0,0,UNAVAILABLE
6752,AW7649,OSL - CDG,2025-01-13 18:40:00,2025-01-13 22:15:00,2024-11-25,-50,OPEN,2,189,192,G,49.0,39,1795.0,912.13,0.2,39,ACTIVATED
6521,AW3289,TLL - CDG,2025-01-13 19:45:00,2025-01-13 21:45:00,2024-11-25,-49,OPEN,2,186,193,T,96.0,29,3001.0,2334.0,0.15,29,SCHEDULED
6682,AW4639,VIE - CDG,2025-01-13 20:20:00,2025-01-13 22:30:00,2024-11-25,-49,OPEN,2,186,188,N,44.0,35,1518.0,860.0,0.19,35,ACTIVATED
6604,AW3280,CDG - TLL,2025-01-14 07:15:00,2025-01-14 12:55:00,2024-11-25,-50,OPEN,2,186,191,N,83.0,32,3059.0,1080.99,0.17,32,SCHEDULED
5059,AW7640,CDG - OSL,2025-01-14 07:25:00,2025-01-14 09:05:00,2024-11-25,-50,OPEN,2,189,189,G,56.0,5,418.0,228.57,0.03,5,ACTIVATED
6141,AW7641,OSL - CDG,2025-01-14 09:45:00,2025-01-14 13:20:00,2024-11-25,-51,OPEN,2,189,190,G,49.0,17,1005.0,620.45,0.09,17,ACTIVATED
2612,AW7644,CDG - OSL,2025-01-14 11:35:00,2025-01-14 13:15:00,2024-11-25,-50,CANCELLED,2,189,189,,,0,0.0,0.0,0.0,0,UNAVAILABLE
6939,AW4634,CDG - VIE,2025-01-14 11:55:00,2025-01-14 14:05:00,2024-11-25,-50,OPEN,2,189,188,N,52.0,50,2400.0,526.31,0.27,50,ACTIVATED
6027,AW7646,CDG - OSL,2025-01-14 13:00:00,2025-01-14 14:40:00,2024-11-25,-50,OPEN,2,189,193,N,50.0,15,787.0,239.32,0.08,15,ACTIVATED
6773,AW3281,TLL - CDG,2025-01-14 13:50:00,2025-01-14 15:50:00,2024-11-25,-50,OPEN,2,186,186,T,96.0,40,3726.0,2806.0,0.22,40,SCHEDULED
2615,AW7645,OSL - CDG,2025-01-14 13:55:00,2025-01-14 17:30:00,2024-11-25,-51,CANCELLED,2,189,189,,,0,0.0,0.0,0.0,0,UNAVAILABLE
6261,AW3288,CDG - TLL,2025-01-14 14:05:00,2025-01-14 19:45:00,2024-11-25,-50,OPEN,2,186,191,A,76.0,20,1763.0,527.68,0.1,20,SCHEDULED
6940,AW4635,VIE - CDG,2025-01-14 14:50:00,2025-01-14 17:00:00,2024-11-25,-50,OPEN,2,189,189,N,44.0,50,2252.6,1312.6,0.26,50,ACTIVATED
6499,AW7647,OSL - CDG,2025-01-14 15:20:00,2025-01-14 18:55:00,2024-11-25,-51,OPEN,2,189,190,A,32.0,28,1012.0,377.66,0.15,28,ACTIVATED
6293,AW7648,CDG - OSL,2025-01-14 16:20:00,2025-01-14 18:00:00,2024-11-25,-50,OPEN,2,189,189,A,45.0,21,1082.0,333.11,0.11,21,ACTIVATED
2613,AW4636,CDG - VIE,2025-01-14 17:25:00,2025-01-14 19:35:00,2024-11-25,-50,CANCELLED,2,189,189,,,0,0.0,0.0,0.0,0,UNAVAILABLE
6028,AW7649,OSL - CDG,2025-01-14 18:40:00,2025-01-14 22:15:00,2024-11-25,-51,OPEN,2,189,187,N,40.0,15,541.0,200.77,0.08,15,ACTIVATED
2614,AW4637,VIE - CDG,2025-01-14 20:20:00,2025-01-14 22:30:00,2024-11-25,-50,CANCELLED,2,189,189,,,0,0.0,0.0,0.0,0,UNAVAILABLE
6553,AW3289,TLL - CDG,2025-01-14 20:40:00,2025-01-14 22:40:00,2024-11-25,-50,OPEN,2,186,186,R,109.0,30,2823.0,2133.0,0.16,30,SCHEDULED
2616,AW3280,CDG - TLL,2025-01-15 07:20:00,2025-01-15 13:00:00,2024-11-25,-51,CANCELLED,2,186,186,,,0,0.0,0.0,0.0,0,UNAVAILABLE
6445,AW7640,CDG - OSL,2025-01-15 07:25:00,2025-01-15 09:05:00,2024-11-25,-51,OPEN,2,186,191,N,50.0,26,1308.0,417.77,0.14,26,ACTIVATED
6578,AW7641,OSL - CDG,2025-01-15 09:45:00,2025-01-15 13:20:00,2024-11-25,-52,OPEN,2,186,191,N,40.0,31,1464.0,762.19,0.16,31,ACTIVATED
2619,AW4634,CDG - VIE,2025-01-15 10:35:00,2025-01-15 12:45:00,2024-11-25,-51,CANCELLED,2,189,189,,,0,0.0,0.0,0.0,0,UNAVAILABLE
2618,AW7644,CDG - OSL,2025-01-15 11:30:00,2025-01-15 13:10:00,2024-11-25,-51,CANCELLED,2,189,189,,,0,0.0,0.0,0.0,0,UNAVAILABLE
6358,AW3288,CDG - TLL,2025-01-15 12:30:00,2025-01-15 18:10:00,2024-11-25,-51,OPEN,2,186,191,N,83.0,23,1912.54,455.97,0.12,23,SCHEDULED
6262,AW7646,CDG - OSL,2025-01-15 12:50:00,2025-01-15 14:30:00,2024-11-25,-51,OPEN,2,186,189,N,50.0,20,968.0,203.41,0.11,20,ACTIVATED
2620,AW4635,VIE - CDG,2025-01-15 13:30:00,2025-01-15 15:40:00,2024-11-25,-51,CANCELLED,2,189,189,,,0,0.0,0.0,0.0,0,UNAVAILABLE
2621,AW7645,OSL - CDG,2025-01-15 13:50:00,2025-01-15 17:25:00,2024-11-25,-52,CANCELLED,2,189,189,,,0,0.0,0.0,0.0,0,UNAVAILABLE
6522,AW4638,CDG - VIE,2025-01-15 13:55:00,2025-01-15 16:05:00,2024-11-25,-51,OPEN,2,189,192,N,52.0,29,1532.0,462.16,0.15,29,ACTIVATED
2617,AW3281,TLL - CDG,2025-01-15 13:55:00,2025-01-15 15:55:00,2024-11-25,-51,CANCELLED,2,186,186,,,0,0.0,0.0,0.0,0,UNAVAILABLE
6825,AW7647,OSL - CDG,2025-01-15 15:10:00,2025-01-15 18:45:00,2024-11-25,-52,OPEN,2,186,188,G,49.0,43,1873.0,903.95,0.23,43,ACTIVATED
7002,AW4630,CDG - VIE,2025-01-15 16:20:00,2025-01-15 18:30:00,2024-11-25,-51,OPEN,2,189,191,N,52.0,54,2757.52,768.01,0.28,54,ACTIVATED
6699,AW7648,CDG - OSL,2025-01-15 16:20:00,2025-01-15 18:00:00,2024-11-25,-51,OPEN,2,186,192,N,50.0,36,1645.0,272.86,0.19,36,ACTIVATED
6878,AW4639,VIE - CDG,2025-01-15 16:50:00,2025-01-15 19:00:00,2024-11-25,-51,OPEN,2,189,191,N,44.0,46,1938.0,1073.2,0.24,46,ACTIVATED
5919,AW7649,OSL - CDG,2025-01-15 18:40:00,2025-01-15 22:15:00,2024-11-25,-52,OPEN,2,186,191,N,40.0,13,533.0,238.17,0.07,13,ACTIVATED
6824,AW3289,TLL - CDG,2025-01-15 19:05:00,2025-01-15 21:05:00,2024-11-25,-51,OPEN,2,186,190,R,109.0,43,4576.0,3587.0,0.23,43,SCHEDULED
6500,AW4631,VIE - CDG,2025-01-15 19:15:00,2025-01-15 21:25:00,2024-11-25,-51,OPEN,2,189,192,N,44.0,28,1249.0,722.6,0.15,28,ACTIVATED
5974,AW4630,CDG - VIE,2025-01-16 06:05:00,2025-01-16 08:15:00,2024-11-25,-52,OPEN,2,189,186,N,52.0,14,828.0,278.36,0.08,14,ACTIVATED
6605,AW3280,CDG - TLL,2025-01-16 07:00:00,2025-01-16 12:40:00,2024-11-25,-52,OPEN,2,186,192,G,92.0,32,3111.0,1088.05,0.17,32,SCHEDULED
5774,AW7640,CDG - OSL,2025-01-16 07:25:00,2025-01-16 09:05:00,2024-11-25,-52,OPEN,2,189,188,N,50.0,11,780.0,396.23,0.06,11,ACTIVATED
7230,AW4631,VIE - CDG,2025-01-16 09:00:00,2025-01-16 11:10:00,2024-11-25,-52,OPEN,2,189,188,T,57.0,73,3891.0,2518.6,0.39,73,ACTIVATED
6029,AW7641,OSL - CDG,2025-01-16 09:45:00,2025-01-16 13:20:00,2024-11-25,-53,OPEN,2,189,186,G,49.0,15,539.0,198.95,0.08,15,ACTIVATED
2622,AW4634,CDG - VIE,2025-01-16 11:55:00,2025-01-16 14:05:00,2024-11-25,-52,CANCELLED,2,186,189,,,0,0.0,0.0,0.0,0,UNAVAILABLE
6662,AW7646,CDG - OSL,2025-01-16 12:20:00,2025-01-16 14:00:00,2024-11-25,-52,OPEN,2,189,191,N,50.0,34,1730.0,525.69,0.18,34,ACTIVATED
6408,AW3281,TLL - CDG,2025-01-16 13:35:00,2025-01-16 15:35:00,2024-11-25,-52,OPEN,2,186,193,T,96.0,25,2872.0,2297.0,0.13,25,SCHEDULED
6579,AW3288,CDG - TLL,2025-01-16 14:10:00,2025-01-16 19:50:00,2024-11-25,-52,OPEN,2,186,190,N,83.0,31,3191.0,1271.76,0.16,31,SCHEDULED
6329,AW7647,OSL - CDG,2025-01-16 14:35:00,2025-01-16 18:10:00,2024-11-25,-53,OPEN,2,189,193,N,40.0,22,810.0,311.68,0.11,22,ACTIVATED
2623,AW4635,VIE - CDG,2025-01-16 14:50:00,2025-01-16 17:00:00,2024-11-25,-52,CANCELLED,2,186,189,,,0,0.0,0.0,0.0,0,UNAVAILABLE
6471,AW7656,CDG - OSL,2025-01-16 15:30:00,2025-01-16 17:10:00,2024-11-25,-52,OPEN,2,189,186,N,50.0,27,1344.0,338.94,0.15,27,ACTIVATED
5920,AW7648,CDG - OSL,2025-01-16 16:25:00,2025-01-16 18:05:00,2024-11-25,-52,OPEN,2,186,188,N,50.0,13,648.0,144.49,0.07,13,ACTIVATED
7134,AW4638,CDG - VIE,2025-01-16 17:05:00,2025-01-16 19:15:00,2024-11-25,-52,OPEN,2,186,193,G,59.0,66,3667.0,1302.55,0.34,66,ACTIVATED
6263,AW7657,OSL - CDG,2025-01-16 17:50:00,2025-01-16 21:25:00,2024-11-25,-53,OPEN,2,189,189,G,49.0,20,799.0,346.62,0.11,20,ACTIVATED
6142,AW7649,OSL - CDG,2025-01-16 18:40:00,2025-01-16 22:15:00,2024-11-25,-53,OPEN,2,186,189,G,49.0,17,805.0,420.09,0.09,17,ACTIVATED
6879,AW4639,VIE - CDG,2025-01-16 20:00:00,2025-01-16 22:10:00,2024-11-25,-52,OPEN,2,186,191,N,44.0,46,2008.0,1143.2,0.24,46,ACTIVATED
6446,AW3289,TLL - CDG,2025-01-16 20:45:00,2025-01-16 22:45:00,2024-11-25,-52,OPEN,2,186,190,G,85.0,26,2815.0,2217.0,0.14,26,SCHEDULED
2627,AW4630,CDG - VIE,2025-01-17 06:15:00,2025-01-17 08:25:00,2024-11-25,-53,CANCELLED,2,189,189,,,0,0.0,0.0,0.0,0,UNAVAILABLE
6523,AW3280,CDG - TLL,2025-01-17 07:05:00,2025-01-17 12:45:00,2024-11-25,-53,OPEN,2,186,190,N,83.0,29,2381.0,504.4,0.15,29,SCHEDULED
6554,AW7640,CDG - OSL,2025-01-17 07:20:00,2025-01-17 09:00:00,2024-11-25,-53,OPEN,2,186,190,N,50.0,30,1363.0,274.51,0.16,30,ACTIVATED
2628,AW4631,VIE - CDG,2025-01-17 09:10:00,2025-01-17 11:20:00,2024-11-25,-53,CANCELLED,2,189,189,,,0,0.0,0.0,0.0,0,UNAVAILABLE
6606,AW7641,OSL - CDG,2025-01-17 09:40:00,2025-01-17 13:15:00,2024-11-25,-54,OPEN,2,186,188,N,40.0,32,1589.0,864.04,0.17,32,ACTIVATED
7082,AW4634,CDG - VIE,2025-01-17 10:25:00,2025-01-17 12:35:00,2024-11-25,-53,OPEN,2,189,194,N,52.0,61,3718.26,1536.37,0.31,61,ACTIVATED
2626,AW7644,CDG - OSL,2025-01-17 11:30:00,2025-01-17 13:10:00,2024-11-25,-53,CANCELLED,2,186,186,,,0,0.0,0.0,0.0,0,UNAVAILABLE
6294,AW3288,CDG - TLL,2025-01-17 12:20:00,2025-01-17 18:00:00,2024-11-25,-53,OPEN,2,189,193,N,83.0,21,1837.0,460.52,0.11,21,SCHEDULED
6296,AW7650,CDG - OSL,2025-01-17 13:15:00,2025-01-17 14:55:00,2024-11-25,-53,OPEN,2,189,193,N,50.0,21,1029.0,225.15,0.11,21,ACTIVATED
6973,AW4635,VIE - CDG,2025-01-17 13:20:00,2025-01-17 15:30:00,2024-11-25,-53,OPEN,2,189,191,G,50.0,52,2410.0,1432.4,0.27,52,ACTIVATED
6030,AW3281,TLL - CDG,2025-01-17 13:40:00,2025-01-17 15:40:00,2024-11-25,-53,OPEN,2,186,188,N,75.0,15,1429.0,1084.0,0.08,15,SCHEDULED
2629,AW7645,OSL - CDG,2025-01-17 13:50:00,2025-01-17 17:25:00,2024-11-25,-54,CANCELLED,2,186,186,,,0,0.0,0.0,0.0,0,UNAVAILABLE
2624,AW4636,CDG - VIE,2025-01-17 14:45:00,2025-01-17 16:55:00,2024-11-25,-53,CANCELLED,2,189,189,,,0,0.0,0.0,0.0,0,UNAVAILABLE
6753,AW7651,OSL - CDG,2025-01-17 15:35:00,2025-01-17 19:10:00,2024-11-25,-54,OPEN,2,189,191,G,49.0,39,2290.0,1405.69,0.2,39,ACTIVATED
6409,AW7646,CDG - OSL,2025-01-17 16:10:00,2025-01-17 17:50:00,2024-11-25,-53,OPEN,2,189,193,N,50.0,25,1115.39,175.11,0.13,25,ACTIVATED
6524,AW7648,CDG - OSL,2025-01-17 16:20:00,2025-01-17 18:00:00,2024-11-25,-53,OPEN,2,189,193,G,56.0,29,1438.0,375.03,0.15,29,ACTIVATED
2625,AW4637,VIE - CDG,2025-01-17 17:40:00,2025-01-17 19:50:00,2024-11-25,-53,CANCELLED,2,189,189,,,0,0.0,0.0,0.0,0,UNAVAILABLE
7047,AW4638,CDG - VIE,2025-01-17 17:45:00,2025-01-17 19:55:00,2024-11-25,-53,OPEN,2,186,191,G,59.0,58,3433.26,1396.63,0.3,58,ACTIVATED
5481,AW7647,OSL - CDG,2025-01-17 18:30:00,2025-01-17 22:05:00,2024-11-25,-54,OPEN,2,189,191,A,32.0,8,309.0,127.76,0.04,8,ACTIVATED
5060,AW7649,OSL - CDG,2025-01-17 18:40:00,2025-01-17 22:15:00,2024-11-25,-54,OPEN,2,189,189,N,40.0,5,184.0,70.95,0.03,5,ACTIVATED
6295,AW3289,TLL - CDG,2025-01-17 18:55:00,2025-01-17 20:55:00,2024-11-25,-53,OPEN,2,189,191,R,109.0,21,2217.0,1734.0,0.11,21,SCHEDULED
6974,AW4639,VIE - CDG,2025-01-17 20:40:00,2025-01-17 22:50:00,2024-11-25,-53,OPEN,2,186,188,T,57.0,52,2410.0,1432.4,0.28,52,ACTIVATED
6826,AW4630,CDG - VIE,2025-01-18 06:00:00,2025-01-18 08:10:00,2024-11-25,-54,OPEN,2,189,189,N,52.0,43,2333.0,768.48,0.23,43,ACTIVATED
6880,AW4670,CDG - BUD,2025-01-18 06:20:00,2025-01-18 09:25:00,2024-11-25,-54,OPEN,2,186,141,G,53.0,46,2566.56,1062.88,0.33,46,SCHEDULED
6223,AW3282,CDG - TLL,2025-01-18 07:35:00,2025-01-18 13:15:00,2024-11-25,-54,OPEN,2,186,187,A,76.0,19,1881.85,690.32,0.1,19,SCHEDULED
6410,AW7640,CDG - OSL,2025-01-18 07:35:00,2025-01-18 09:15:00,2024-11-25,-54,OPEN,2,189,190,N,50.0,25,1308.0,415.81,0.13,25,ACTIVATED
7355,AW4676,CDG - BUD,2025-01-18 07:45:00,2025-01-18 10:50:00,2024-11-25,-54,OPEN,2,186,189,N,48.0,83,4754.0,1852.66,0.44,83,SCHEDULED
6525,AW4631,VIE - CDG,2025-01-18 08:55:00,2025-01-18 11:05:00,2024-11-25,-54,OPEN,2,189,188,G,50.0,29,1452.0,906.8,0.15,29,ACTIVATED
2631,AW4634,CDG - VIE,2025-01-18 09:35:00,2025-01-18 11:45:00,2024-11-25,-54,CANCELLED,2,189,189,,,0,0.0,0.0,0.0,0,UNAVAILABLE
6382,AW7641,OSL - CDG,2025-01-18 09:55:00,2025-01-18 13:30:00,2024-11-25,-55,OPEN,2,189,189,G,49.0,24,792.0,248.1,0.13,24,ACTIVATED
7172,AW4671,BUD - CDG,2025-01-18 10:10:00,2025-01-18 15:15:00,2024-11-25,-55,OPEN,2,186,118,T,49.0,69,3176.0,2498.42,0.58,69,DEACTIVATED
2630,AW7644,CDG - OSL,2025-01-18 11:35:00,2025-01-18 13:15:00,2024-11-25,-54,CANCELLED,2,186,186,,,0,0.0,0.0,0.0,0,UNAVAILABLE
7345,AW4677,BUD - CDG,2025-01-18 11:40:00,2025-01-18 16:45:00,2024-11-25,-55,OPEN,2,186,189,T,49.0,82,5326.82,4521.58,0.43,82,DEACTIVATED
2632,AW4635,VIE - CDG,2025-01-18 12:30:00,2025-01-18 14:40:00,2024-11-25,-54,CANCELLED,2,189,189,,,0,0.0,0.0,0.0,0,UNAVAILABLE
6501,AW7646,CDG - OSL,2025-01-18 12:45:00,2025-01-18 14:25:00,2024-11-25,-54,OPEN,2,189,190,G,56.0,28,2103.0,1058.68,0.15,28,ACTIVATED
5921,AW3280,CDG - TLL,2025-01-18 13:40:00,2025-01-18 19:20:00,2024-11-25,-54,OPEN,2,186,186,G,92.0,13,1282.0,458.07,0.07,13,SCHEDULED
2633,AW7645,OSL - CDG,2025-01-18 13:55:00,2025-01-18 17:30:00,2024-11-25,-55,CANCELLED,2,186,186,,,0,0.0,0.0,0.0,0,UNAVAILABLE
7072,AW3283,TLL - CDG,2025-01-18 14:10:00,2025-01-18 16:10:00,2024-11-25,-54,OPEN,2,186,190,T,96.0,60,6922.0,5542.0,0.32,60,SCHEDULED
6786,AW7647,OSL - CDG,2025-01-18 15:05:00,2025-01-18 18:40:00,2024-11-25,-55,OPEN,2,189,191,G,49.0,41,1815.0,885.65,0.21,41,ACTIVATED
6381,AW7648,CDG - OSL,2025-01-18 16:20:00,2025-01-18 18:00:00,2024-11-25,-54,OPEN,2,186,187,G,56.0,24,1270.0,375.85,0.13,24,ACTIVATED
6264,AW4638,CDG - VIE,2025-01-18 17:45:00,2025-01-18 19:55:00,2024-11-25,-54,OPEN,2,186,193,A,47.0,20,1342.0,611.76,0.1,20,ACTIVATED
6265,AW7649,OSL - CDG,2025-01-18 18:40:00,2025-01-18 22:15:00,2024-11-25,-55,OPEN,2,186,186,G,49.0,20,647.0,193.54,0.11,20,ACTIVATED
6863,AW3281,TLL - CDG,2025-01-18 20:15:00,2025-01-18 22:15:00,2024-11-25,-54,OPEN,2,186,190,R,109.0,45,4512.0,3477.0,0.24,45,SCHEDULED
6502,AW4639,VIE - CDG,2025-01-18 20:40:00,2025-01-18 22:50:00,2024-11-25,-54,OPEN,2,186,191,N,44.0,28,1478.0,951.6,0.15,28,ACTIVATED
2635,AW4630,CDG - VIE,2025-01-19 06:15:00,2025-01-19 08:25:00,2024-11-25,-55,CANCELLED,2,189,189,,,0,0.0,0.0,0.0,0,UNAVAILABLE
6447,AW4670,CDG - BUD,2025-01-19 06:45:00,2025-01-19 09:50:00,2024-11-25,-55,OPEN,2,186,186,N,48.0,26,1632.0,707.42,0.14,26,SCHEDULED
6411,AW3280,CDG - TLL,2025-01-19 07:00:00,2025-01-19 12:40:00,2024-11-25,-55,OPEN,2,189,191,N,83.0,25,2809.54,1257.9,0.13,25,SCHEDULED
2637,AW4634,CDG - VIE,2025-01-19 07:45:00,2025-01-19 09:55:00,2024-11-25,-55,CANCELLED,2,189,189,,,0,0.0,0.0,0.0,0,UNAVAILABLE
2636,AW4631,VIE - CDG,2025-01-19 09:10:00,2025-01-19 11:20:00,2024-11-25,-55,CANCELLED,2,189,189,,,0,0.0,0.0,0.0,0,UNAVAILABLE
6961,AW4671,BUD - CDG,2025-01-19 10:35:00,2025-01-19 15:40:00,2024-11-25,-56,OPEN,2,186,187,X,66.0,51,5114.0,4613.18,0.27,51,DEACTIVATED
6683,AW7642,CDG - OSL,2025-01-19 10:35:00,2025-01-19 12:15:00,2024-11-25,-55,OPEN,2,189,192,G,56.0,35,2567.0,1378.39,0.18,35,ACTIVATED
2638,AW4635,VIE - CDG,2025-01-19 10:40:00,2025-01-19 12:50:00,2024-11-25,-55,CANCELLED,2,189,189,,,0,0.0,0.0,0.0,0,UNAVAILABLE
7263,AW4636,CDG - VIE,2025-01-19 11:15:00,2025-01-19 13:25:00,2024-11-25,-55,OPEN,2,189,193,T,66.0,76,5238.75,2715.28,0.39,76,ACTIVATED
2634,AW7646,CDG - OSL,2025-01-19 11:35:00,2025-01-19 13:15:00,2024-11-25,-55,CANCELLED,2,189,189,,,0,0.0,0.0,0.0,0,UNAVAILABLE
5975,AW7643,OSL - CDG,2025-01-19 12:55:00,2025-01-19 16:30:00,2024-11-25,-56,OPEN,2,189,193,G,49.0,14,776.0,459.1,0.07,14,ACTIVATED
5775,AW7644,CDG - OSL,2025-01-19 13:20:00,2025-01-19 15:00:00,2024-11-25,-55,OPEN,2,189,189,A,45.0,11,555.0,164.36,0.06,11,ACTIVATED
6526,AW3281,TLL - CDG,2025-01-19 13:35:00,2025-01-19 15:35:00,2024-11-25,-55,OPEN,2,189,189,R,109.0,29,3569.0,2902.0,0.15,29,SCHEDULED
2639,AW7647,OSL - CDG,2025-01-19 13:55:00,2025-01-19 17:30:00,2024-11-25,-56,CANCELLED,2,189,189,,,0,0.0,0.0,0.0,0,UNAVAILABLE
6663,AW3288,CDG - TLL,2025-01-19 14:10:00,2025-01-19 19:50:00,2024-11-25,-55,OPEN,2,186,194,G,92.0,34,3510.0,1406.96,0.18,34,SCHEDULED
6808,AW4637,VIE - CDG,2025-01-19 14:10:00,2025-01-19 16:20:00,2024-11-25,-55,OPEN,2,189,191,N,44.0,42,1936.6,1147.0,0.22,42,ACTIVATED
6754,AW7645,OSL - CDG,2025-01-19 15:40:00,2025-01-19 19:15:00,2024-11-25,-56,OPEN,2,189,192,G,49.0,39,2067.61,1183.84,0.2,39,ACTIVATED
6031,AW7648,CDG - OSL,2025-01-19 16:20:00,2025-01-19 18:00:00,2024-11-25,-55,OPEN,2,186,189,N,50.0,15,769.0,200.71,0.08,15,ACTIVATED
7509,AW4638,CDG - VIE,2025-01-19 16:30:00,2025-01-19 18:40:00,2024-11-25,-55,OPEN,2,189,190,X,87.0,95,5923.0,2454.36,0.5,95,ACTIVATED
6827,AW7649,OSL - CDG,2025-01-19 18:40:00,2025-01-19 22:15:00,2024-11-25,-56,OPEN,2,186,190,T,59.0,43,2534.0,1560.15,0.23,43,ACTIVATED
7104,AW4639,VIE - CDG,2025-01-19 19:25:00,2025-01-19 21:35:00,2024-11-25,-55,OPEN,2,189,188,T,57.0,63,3805.4,2621.0,0.34,63,ACTIVATED
6960,AW3289,TLL - CDG,2025-01-19 20:45:00,2025-01-19 22:45:00,2024-11-25,-55,OPEN,2,186,192,L,140.0,51,5457.0,4284.0,0.27,51,SCHEDULED
6143,AW4630,CDG - VIE,2025-01-20 06:05:00,2025-01-20 08:15:00,2024-11-25,-56,OPEN,2,189,189,A,47.0,17,896.0,276.67,0.09,17,ACTIVATED
2640,AW3280,CDG - TLL,2025-01-20 06:20:00,2025-01-20 12:00:00,2024-11-25,-56,CANCELLED,2,186,186,,,0,0.0,0.0,0.0,0,UNAVAILABLE
6864,AW7640,CDG - OSL,2025-01-20 07:25:00,2025-01-20 09:05:00,2024-11-25,-56,OPEN,2,189,189,T,63.0,45,2487.04,727.21,0.24,45,ACTIVATED
7038,AW4631,VIE - CDG,2025-01-20 09:00:00,2025-01-20 11:10:00,2024-11-25,-56,OPEN,2,189,188,R,66.0,57,3225.0,2153.4,0.3,57,ACTIVATED
6097,AW7641,OSL - CDG,2025-01-20 09:45:00,2025-01-20 13:20:00,2024-11-25,-57,OPEN,2,189,188,A,32.0,16,830.0,467.7,0.09,16,ACTIVATED
6580,AW4634,CDG - VIE,2025-01-20 10:25:00,2025-01-20 12:35:00,2024-11-25,-56,OPEN,2,186,191,T,66.0,31,1930.0,809.12,0.16,31,ACTIVATED
2642,AW7644,CDG - OSL,2025-01-20 11:35:00,2025-01-20 13:15:00,2024-11-25,-56,CANCELLED,2,189,189,,,0,0.0,0.0,0.0,0,UNAVAILABLE
6608,AW7646,CDG - OSL,2025-01-20 12:40:00,2025-01-20 14:20:00,2024-11-25,-56,OPEN,2,189,192,N,50.0,32,1850.0,669.25,0.17,32,ACTIVATED
2641,AW3281,TLL - CDG,2025-01-20 12:55:00,2025-01-20 14:55:00,2024-11-25,-56,CANCELLED,2,186,186,,,0,0.0,0.0,0.0,0,UNAVAILABLE
6607,AW3288,CDG - TLL,2025-01-20 13:10:00,2025-01-20 18:50:00,2024-11-25,-56,OPEN,2,186,189,N,83.0,32,2843.0,722.68,0.17,32,SCHEDULED
6787,AW4635,VIE - CDG,2025-01-20 13:20:00,2025-01-20 15:30:00,2024-11-25,-56,OPEN,2,186,191,G,50.0,41,2301.0,1530.2,0.21,41,ACTIVATED
2646,AW7645,OSL - CDG,2025-01-20 13:55:00,2025-01-20 17:30:00,2024-11-25,-57,CANCELLED,2,189,189,,,0,0.0,0.0,0.0,0,UNAVAILABLE
2644,AW4636,CDG - VIE,2025-01-20 14:45:00,2025-01-20 16:55:00,2024-11-25,-56,CANCELLED,2,189,189,,,0,0.0,0.0,0.0,0,UNAVAILABLE
6555,AW7647,OSL - CDG,2025-01-20 15:00:00,2025-01-20 18:35:00,2024-11-25,-57,OPEN,2,189,192,T,59.0,30,1404.0,724.44,0.16,30,ACTIVATED
2643,AW7650,CDG - OSL,2025-01-20 15:35:00,2025-01-20 17:15:00,2024-11-25,-56,CANCELLED,2,189,189,,,0,0.0,0.0,0.0,0,UNAVAILABLE
6182,AW7648,CDG - OSL,2025-01-20 16:20:00,2025-01-20 18:00:00,2024-11-25,-56,OPEN,2,189,189,G,56.0,18,797.0,110.93,0.1,18,ACTIVATED
6755,AW4638,CDG - VIE,2025-01-20 17:25:00,2025-01-20 19:35:00,2024-11-25,-56,OPEN,2,189,188,N,52.0,39,2364.0,990.87,0.21,39,ACTIVATED
2645,AW4637,VIE - CDG,2025-01-20 17:40:00,2025-01-20 19:50:00,2024-11-25,-56,CANCELLED,2,189,189,,,0,0.0,0.0,0.0,0,UNAVAILABLE
2647,AW7651,OSL - CDG,2025-01-20 17:55:00,2025-01-20 21:30:00,2024-11-25,-57,CANCELLED,2,189,189,,,0,0.0,0.0,0.0,0,UNAVAILABLE
6412,AW7649,OSL - CDG,2025-01-20 18:40:00,2025-01-20 22:15:00,2024-11-25,-57,OPEN,2,189,192,G,49.0,25,972.0,404.77,0.13,25,ACTIVATED
6838,AW3289,TLL - CDG,2025-01-20 19:45:00,2025-01-20 21:45:00,2024-11-25,-56,OPEN,2,186,190,R,109.0,44,4569.0,3557.0,0.23,44,SCHEDULED
6904,AW4639,VIE - CDG,2025-01-20 20:20:00,2025-01-20 22:30:00,2024-11-25,-56,OPEN,2,189,188,T,57.0,48,2743.97,1841.57,0.26,48,ACTIVATED
6224,AW3280,CDG - TLL,2025-01-21 07:15:00,2025-01-21 12:55:00,2024-11-25,-57,OPEN,2,186,191,A,76.0,19,1620.0,406.0,0.1,19,SCHEDULED
5776,AW7640,CDG - OSL,2025-01-21 07:25:00,2025-01-21 09:05:00,2024-11-25,-57,OPEN,2,186,189,N,50.0,11,490.0,92.49,0.06,11,ACTIVATED
6448,AW7641,OSL - CDG,2025-01-21 09:45:00,2025-01-21 13:20:00,2024-11-25,-58,OPEN,2,186,187,N,40.0,26,1106.0,522.04,0.14,26,ACTIVATED
2648,AW7644,CDG - OSL,2025-01-21 11:35:00,2025-01-21 13:15:00,2024-11-25,-57,CANCELLED,2,189,189,,,0,0.0,0.0,0.0,0,UNAVAILABLE
7062,AW4634,CDG - VIE,2025-01-21 11:55:00,2025-01-21 14:05:00,2024-11-25,-57,OPEN,2,189,188,T,66.0,59,3629.0,1683.64,0.31,59,ACTIVATED
7083,AW7646,CDG - OSL,2025-01-21 13:00:00,2025-01-21 14:40:00,2024-11-25,-57,OPEN,2,189,189,G,56.0,61,3936.0,1568.62,0.32,61,ACTIVATED
6183,AW3281,TLL - CDG,2025-01-21 13:50:00,2025-01-21 15:50:00,2024-11-25,-57,OPEN,2,186,189,R,109.0,18,1972.0,1558.0,0.1,18,SCHEDULED
2651,AW7645,OSL - CDG,2025-01-21 13:55:00,2025-01-21 17:30:00,2024-11-25,-58,CANCELLED,2,189,189,,,0,0.0,0.0,0.0,0,UNAVAILABLE
5061,AW3288,CDG - TLL,2025-01-21 14:05:00,2025-01-21 19:45:00,2024-11-25,-57,OPEN,2,186,191,A,76.0,5,735.0,426.17,0.03,5,SCHEDULED
6891,AW4635,VIE - CDG,2025-01-21 14:50:00,2025-01-21 17:00:00,2024-11-25,-57,OPEN,2,189,188,G,50.0,47,2585.16,1701.56,0.25,47,ACTIVATED
5850,AW7647,OSL - CDG,2025-01-21 15:20:00,2025-01-21 18:55:00,2024-11-25,-58,OPEN,2,189,190,G,49.0,12,447.0,175.68,0.06,12,ACTIVATED
5210,AW7648,CDG - OSL,2025-01-21 16:20:00,2025-01-21 18:00:00,2024-11-25,-57,OPEN,2,186,186,N,50.0,6,261.0,59.79,0.03,6,ACTIVATED
2649,AW4636,CDG - VIE,2025-01-21 17:25:00,2025-01-21 19:35:00,2024-11-25,-57,CANCELLED,2,189,189,,,0,0.0,0.0,0.0,0,UNAVAILABLE
5595,AW7649,OSL - CDG,2025-01-21 18:40:00,2025-01-21 22:15:00,2024-11-25,-58,OPEN,2,186,186,N,40.0,9,306.0,102.15,0.05,9,ACTIVATED
2650,AW4637,VIE - CDG,2025-01-21 20:20:00,2025-01-21 22:30:00,2024-11-25,-57,CANCELLED,2,189,189,,,0,0.0,0.0,0.0,0,UNAVAILABLE
6032,AW3289,TLL - CDG,2025-01-21 20:40:00,2025-01-21 22:40:00,2024-11-25,-57,OPEN,2,186,186,T,96.0,15,1378.0,1033.0,0.08,15,SCHEDULED
2652,AW3280,CDG - TLL,2025-01-22 07:20:00,2025-01-22 13:00:00,2024-11-25,-58,CANCELLED,2,186,186,,,0,0.0,0.0,0.0,0,UNAVAILABLE
5851,AW7640,CDG - OSL,2025-01-22 07:25:00,2025-01-22 09:05:00,2024-11-25,-58,OPEN,2,189,188,N,50.0,12,669.0,218.49,0.06,12,ACTIVATED
6609,AW7641,OSL - CDG,2025-01-22 09:45:00,2025-01-22 13:20:00,2024-11-25,-59,OPEN,2,189,188,G,49.0,32,1120.0,393.78,0.17,32,ACTIVATED
2655,AW4634,CDG - VIE,2025-01-22 10:35:00,2025-01-22 12:45:00,2024-11-25,-58,CANCELLED,2,189,189,,,0,0.0,0.0,0.0,0,UNAVAILABLE
2654,AW7644,CDG - OSL,2025-01-22 11:30:00,2025-01-22 13:10:00,2024-11-25,-58,CANCELLED,2,189,189,,,0,0.0,0.0,0.0,0,UNAVAILABLE
6664,AW3288,CDG - TLL,2025-01-22 12:30:00,2025-01-22 18:10:00,2024-11-25,-58,OPEN,2,186,191,N,83.0,34,2976.0,857.98,0.18,34,SCHEDULED
6225,AW7646,CDG - OSL,2025-01-22 12:50:00,2025-01-22 14:30:00,2024-11-25,-58,OPEN,2,189,188,N,50.0,19,1168.0,504.5,0.1,19,ACTIVATED
2656,AW4635,VIE - CDG,2025-01-22 13:30:00,2025-01-22 15:40:00,2024-11-25,-58,CANCELLED,2,189,189,,,0,0.0,0.0,0.0,0,UNAVAILABLE
2657,AW7645,OSL - CDG,2025-01-22 13:50:00,2025-01-22 17:25:00,2024-11-25,-59,CANCELLED,2,189,189,,,0,0.0,0.0,0.0,0,UNAVAILABLE
2653,AW3281,TLL - CDG,2025-01-22 13:55:00,2025-01-22 15:55:00,2024-11-25,-58,CANCELLED,2,186,186,,,0,0.0,0.0,0.0,0,UNAVAILABLE
6962,AW4638,CDG - VIE,2025-01-22 13:55:00,2025-01-22 16:05:00,2024-11-25,-58,OPEN,2,189,191,N,52.0,51,2762.0,842.18,0.27,51,ACTIVATED
6185,AW7647,OSL - CDG,2025-01-22 15:10:00,2025-01-22 18:45:00,2024-11-25,-59,OPEN,2,189,188,N,40.0,18,884.0,476.84,0.1,18,ACTIVATED
5482,AW7648,CDG - OSL,2025-01-22 16:20:00,2025-01-22 18:00:00,2024-11-25,-58,OPEN,2,189,191,N,50.0,8,356.0,69.4,0.04,8,ACTIVATED
6503,AW4630,CDG - VIE,2025-01-22 16:20:00,2025-01-22 18:30:00,2024-11-25,-58,OPEN,2,189,191,N,52.0,28,1456.0,466.64,0.15,28,ACTIVATED
6033,AW4639,VIE - CDG,2025-01-22 16:50:00,2025-01-22 19:00:00,2024-11-25,-58,OPEN,2,189,192,G,50.0,15,865.0,583.0,0.08,15,ACTIVATED
5922,AW7649,OSL - CDG,2025-01-22 18:40:00,2025-01-22 22:15:00,2024-11-25,-59,OPEN,2,189,189,G,49.0,13,451.0,156.17,0.07,13,ACTIVATED
6184,AW3289,TLL - CDG,2025-01-22 19:05:00,2025-01-22 21:05:00,2024-11-25,-58,OPEN,2,186,189,G,85.0,18,1618.0,1204.0,0.1,18,SCHEDULED
6527,AW4631,VIE - CDG,2025-01-22 19:15:00,2025-01-22 21:25:00,2024-11-25,-58,OPEN,2,189,192,G,50.0,29,1442.8,897.6,0.15,29,ACTIVATED
6144,AW4630,CDG - VIE,2025-01-23 06:05:00,2025-01-23 08:15:00,2024-11-25,-59,OPEN,2,189,190,G,59.0,17,941.0,321.67,0.09,17,ACTIVATED
7159,AW3280,CDG - TLL,2025-01-23 07:00:00,2025-01-23 12:40:00,2024-11-25,-59,OPEN,2,186,192,T,102.0,68,6110.0,1881.45,0.35,68,SCHEDULED
6186,AW7640,CDG - OSL,2025-01-23 07:25:00,2025-01-23 09:05:00,2024-11-25,-59,OPEN,2,186,188,G,56.0,18,990.0,331.41,0.1,18,ACTIVATED
6975,AW4631,VIE - CDG,2025-01-23 09:00:00,2025-01-23 11:10:00,2024-11-25,-59,OPEN,2,189,189,K,99.0,52,3158.0,2180.4,0.28,52,ACTIVATED
6637,AW7641,OSL - CDG,2025-01-23 09:45:00,2025-01-23 13:20:00,2024-11-25,-60,OPEN,2,186,186,T,59.0,33,1187.0,438.53,0.18,33,ACTIVATED
2659,AW4634,CDG - VIE,2025-01-23 11:55:00,2025-01-23 14:05:00,2024-11-25,-59,CANCELLED,2,186,189,,,0,0.0,0.0,0.0,0,UNAVAILABLE
2658,AW7646,CDG - OSL,2025-01-23 12:15:00,2025-01-23 13:55:00,2024-11-25,-59,CANCELLED,2,189,189,,,0,0.0,0.0,0.0,0,UNAVAILABLE
6739,AW3281,TLL - CDG,2025-01-23 13:35:00,2025-01-23 15:35:00,2024-11-25,-59,OPEN,2,186,194,G,85.0,38,3578.0,2704.0,0.2,38,SCHEDULED
6528,AW3288,CDG - TLL,2025-01-23 14:10:00,2025-01-23 19:50:00,2024-11-25,-59,OPEN,2,186,190,N,83.0,29,2251.0,381.89,0.15,29,SCHEDULED
2668,AW7647,OSL - CDG,2025-01-23 14:35:00,2025-01-23 18:10:00,2024-11-25,-60,CANCELLED,2,189,189,,,0,0.0,0.0,0.0,0,UNAVAILABLE
2660,AW4635,VIE - CDG,2025-01-23 14:50:00,2025-01-23 17:00:00,2024-11-25,-59,CANCELLED,2,186,189,,,0,0.0,0.0,0.0,0,UNAVAILABLE
6034,AW7656,CDG - OSL,2025-01-23 15:30:00,2025-01-23 17:10:00,2024-11-25,-59,OPEN,2,186,188,G,56.0,15,996.0,468.93,0.08,15,ACTIVATED
5694,AW7648,CDG - OSL,2025-01-23 16:25:00,2025-01-23 18:05:00,2024-11-25,-59,OPEN,2,186,188,G,56.0,10,441.0,69.01,0.05,10,ACTIVATED
6556,AW4638,CDG - VIE,2025-01-23 17:05:00,2025-01-23 19:15:00,2024-11-25,-59,OPEN,2,189,190,T,66.0,30,1847.0,785.99,0.16,30,ACTIVATED
6035,AW7657,OSL - CDG,2025-01-23 17:50:00,2025-01-23 21:25:00,2024-11-25,-60,OPEN,2,186,186,G,49.0,15,510.0,169.77,0.08,15,ACTIVATED
6581,AW7649,OSL - CDG,2025-01-23 18:40:00,2025-01-23 22:15:00,2024-11-25,-60,OPEN,2,186,188,T,59.0,31,2099.0,1397.37,0.16,31,ACTIVATED
7460,AW4639,VIE - CDG,2025-01-23 20:00:00,2025-01-23 22:10:00,2024-11-25,-59,OPEN,2,189,188,K,99.0,91,5721.77,4010.97,0.48,91,ACTIVATED
6740,AW3289,TLL - CDG,2025-01-23 20:45:00,2025-01-23 22:45:00,2024-11-25,-59,OPEN,2,186,191,G,85.0,38,2875.0,2001.0,0.2,38,SCHEDULED
2671,AW4630,CDG - VIE,2025-01-24 06:15:00,2025-01-24 08:25:00,2024-11-25,-60,CANCELLED,2,189,189,,,0,0.0,0.0,0.0,0,UNAVAILABLE
6756,AW3280,CDG - TLL,2025-01-24 07:05:00,2025-01-24 12:45:00,2024-11-25,-60,OPEN,2,186,190,T,102.0,39,3945.8,1511.46,0.21,39,SCHEDULED
6449,AW7640,CDG - OSL,2025-01-24 07:20:00,2025-01-24 09:00:00,2024-11-25,-60,OPEN,2,189,189,G,56.0,26,1151.0,157.72,0.14,26,ACTIVATED
2672,AW4631,VIE - CDG,2025-01-24 09:10:00,2025-01-24 11:20:00,2024-11-25,-60,CANCELLED,2,189,189,,,0,0.0,0.0,0.0,0,UNAVAILABLE
6360,AW7641,OSL - CDG,2025-01-24 09:40:00,2025-01-24 13:15:00,2024-11-25,-61,OPEN,2,189,188,G,49.0,23,1284.0,762.71,0.12,23,ACTIVATED
7073,AW4634,CDG - VIE,2025-01-24 10:25:00,2025-01-24 12:35:00,2024-11-25,-60,OPEN,2,186,194,T,66.0,60,3688.0,1531.63,0.31,60,ACTIVATED
2669,AW7644,CDG - OSL,2025-01-24 11:30:00,2025-01-24 13:10:00,2024-11-25,-60,CANCELLED,2,186,186,,,0,0.0,0.0,0.0,0,UNAVAILABLE
6359,AW3288,CDG - TLL,2025-01-24 12:20:00,2025-01-24 18:00:00,2024-11-25,-60,OPEN,2,189,193,N,83.0,23,2025.54,576.46,0.12,23,SCHEDULED
2670,AW7650,CDG - OSL,2025-01-24 13:15:00,2025-01-24 14:55:00,2024-11-25,-60,CANCELLED,2,189,189,,,0,0.0,0.0,0.0,0,UNAVAILABLE
6610,AW4635,VIE - CDG,2025-01-24 13:20:00,2025-01-24 15:30:00,2024-11-25,-60,OPEN,2,186,191,R,66.0,32,1815.0,1213.4,0.17,32,ACTIVATED
6036,AW3281,TLL - CDG,2025-01-24 13:40:00,2025-01-24 15:40:00,2024-11-25,-60,OPEN,2,186,188,G,85.0,15,1206.0,861.0,0.08,15,SCHEDULED
2673,AW7645,OSL - CDG,2025-01-24 13:50:00,2025-01-24 17:25:00,2024-11-25,-61,CANCELLED,2,186,186,,,0,0.0,0.0,0.0,0,UNAVAILABLE
2666,AW4636,CDG - VIE,2025-01-24 14:45:00,2025-01-24 16:55:00,2024-11-25,-60,CANCELLED,2,189,189,,,0,0.0,0.0,0.0,0,UNAVAILABLE
2674,AW7651,OSL - CDG,2025-01-24 15:35:00,2025-01-24 19:10:00,2024-11-25,-61,CANCELLED,2,189,189,,,0,0.0,0.0,0.0,0,UNAVAILABLE
5483,AW7646,CDG - OSL,2025-01-24 16:10:00,2025-01-24 17:50:00,2024-11-25,-60,OPEN,2,189,189,N,50.0,8,429.0,142.4,0.04,8,ACTIVATED
5853,AW7648,CDG - OSL,2025-01-24 16:20:00,2025-01-24 18:00:00,2024-11-25,-60,OPEN,2,189,192,N,50.0,12,693.0,269.97,0.06,12,ACTIVATED
2667,AW4637,VIE - CDG,2025-01-24 17:40:00,2025-01-24 19:50:00,2024-11-25,-60,CANCELLED,2,189,189,,,0,0.0,0.0,0.0,0,UNAVAILABLE
6809,AW4638,CDG - VIE,2025-01-24 17:45:00,2025-01-24 19:55:00,2024-11-25,-60,OPEN,2,186,194,G,59.0,42,2730.0,1239.09,0.22,42,ACTIVATED
6187,AW7647,OSL - CDG,2025-01-24 18:30:00,2025-01-24 22:05:00,2024-11-25,-61,OPEN,2,189,191,G,49.0,18,673.0,264.04,0.09,18,ACTIVATED
6905,AW7649,OSL - CDG,2025-01-24 18:40:00,2025-01-24 22:15:00,2024-11-25,-61,OPEN,2,189,189,R,72.0,48,2214.09,1122.69,0.25,48,ACTIVATED
5852,AW3289,TLL - CDG,2025-01-24 18:55:00,2025-01-24 20:55:00,2024-11-25,-60,OPEN,2,189,191,G,85.0,12,1123.0,847.0,0.06,12,SCHEDULED
6145,AW4639,VIE - CDG,2025-01-24 20:40:00,2025-01-24 22:50:00,2024-11-25,-60,OPEN,2,186,191,G,50.0,17,815.0,495.4,0.09,17,ACTIVATED
6188,AW4630,CDG - VIE,2025-01-25 06:00:00,2025-01-25 08:10:00,2024-11-25,-61,OPEN,2,186,192,N,52.0,18,889.0,271.63,0.09,18,ACTIVATED
6963,AW4670,CDG - BUD,2025-01-25 06:20:00,2025-01-25 09:25:00,2024-11-25,-61,OPEN,2,186,141,N,48.0,51,2455.0,748.15,0.36,51,SCHEDULED
6665,AW3282,CDG - TLL,2025-01-25 07:35:00,2025-01-25 13:15:00,2024-11-25,-61,OPEN,2,189,186,T,102.0,34,2859.0,628.63,0.18,34,SCHEDULED
6684,AW7640,CDG - OSL,2025-01-25 07:35:00,2025-01-25 09:15:00,2024-11-25,-61,OPEN,2,189,190,T,63.0,35,2427.59,1080.97,0.18,35,ACTIVATED
7479,AW4676,CDG - BUD,2025-01-25 07:45:00,2025-01-25 10:50:00,2024-11-25,-61,OPEN,2,186,189,G,53.0,92,4443.56,1271.32,0.49,92,SCHEDULED
6774,AW4631,VIE - CDG,2025-01-25 08:55:00,2025-01-25 11:05:00,2024-11-25,-61,OPEN,2,186,191,T,57.0,40,1587.0,835.0,0.21,40,ACTIVATED
2676,AW4634,CDG - VIE,2025-01-25 09:35:00,2025-01-25 11:45:00,2024-11-25,-61,CANCELLED,2,189,189,,,0,0.0,0.0,0.0,0,UNAVAILABLE
7039,AW7641,OSL - CDG,2025-01-25 09:55:00,2025-01-25 13:30:00,2024-11-25,-62,OPEN,2,189,191,R,72.0,57,3243.0,1954.23,0.3,57,ACTIVATED
7231,AW4671,BUD - CDG,2025-01-25 10:10:00,2025-01-25 15:15:00,2024-11-25,-62,OPEN,2,186,141,G,41.0,73,3137.0,2420.14,0.52,73,DEACTIVATED
2675,AW7644,CDG - OSL,2025-01-25 11:35:00,2025-01-25 13:15:00,2024-11-25,-61,CANCELLED,2,186,186,,,0,0.0,0.0,0.0,0,UNAVAILABLE
7320,AW4677,BUD - CDG,2025-01-25 11:40:00,2025-01-25 16:45:00,2024-11-25,-62,OPEN,2,186,189,T,49.0,80,3829.0,3043.4,0.42,80,DEACTIVATED
2677,AW4635,VIE - CDG,2025-01-25 12:30:00,2025-01-25 14:40:00,2024-11-25,-61,CANCELLED,2,189,189,,,0,0.0,0.0,0.0,0,UNAVAILABLE
6226,AW7646,CDG - OSL,2025-01-25 12:45:00,2025-01-25 14:25:00,2024-11-25,-61,OPEN,2,189,190,T,63.0,19,1082.0,370.41,0.1,19,ACTIVATED
6472,AW3280,CDG - TLL,2025-01-25 13:40:00,2025-01-25 19:20:00,2024-11-25,-61,OPEN,2,186,186,G,92.0,27,2204.0,437.45,0.15,27,SCHEDULED
2679,AW7645,OSL - CDG,2025-01-25 13:55:00,2025-01-25 17:30:00,2024-11-25,-62,CANCELLED,2,186,186,,,0,0.0,0.0,0.0,0,UNAVAILABLE
6037,AW3283,TLL - CDG,2025-01-25 14:10:00,2025-01-25 16:10:00,2024-11-25,-61,OPEN,2,189,190,T,96.0,15,1366.0,1021.0,0.08,15,SCHEDULED
6189,AW7647,OSL - CDG,2025-01-25 15:05:00,2025-01-25 18:40:00,2024-11-25,-62,OPEN,2,189,191,T,59.0,18,839.0,431.48,0.09,18,ACTIVATED
5484,AW7648,CDG - OSL,2025-01-25 16:20:00,2025-01-25 18:00:00,2024-11-25,-61,OPEN,2,186,190,G,56.0,8,416.0,136.27,0.04,8,ACTIVATED
6098,AW4638,CDG - VIE,2025-01-25 17:45:00,2025-01-25 19:55:00,2024-11-25,-61,OPEN,2,186,192,N,52.0,16,844.26,312.28,0.08,16,ACTIVATED
5854,AW7649,OSL - CDG,2025-01-25 18:40:00,2025-01-25 22:15:00,2024-11-25,-62,OPEN,2,186,191,A,32.0,12,471.0,198.96,0.06,12,ACTIVATED
6361,AW3281,TLL - CDG,2025-01-25 20:15:00,2025-01-25 22:15:00,2024-11-25,-61,OPEN,2,186,186,G,85.0,23,2372.0,1843.0,0.12,23,SCHEDULED
6146,AW4639,VIE - CDG,2025-01-25 20:40:00,2025-01-25 22:50:00,2024-11-25,-61,OPEN,2,186,191,N,44.0,17,827.0,507.4,0.09,17,ACTIVATED
2681,AW4630,CDG - VIE,2025-01-26 06:15:00,2025-01-26 08:25:00,2024-11-25,-62,CANCELLED,2,189,189,,,0,0.0,0.0,0.0,0,UNAVAILABLE
6330,AW4670,CDG - BUD,2025-01-26 06:45:00,2025-01-26 09:50:00,2024-11-25,-62,OPEN,2,186,187,T,60.0,22,1773.78,992.5,0.12,22,SCHEDULED
7084,AW3280,CDG - TLL,2025-01-26 07:00:00,2025-01-26 12:40:00,2024-11-25,-62,OPEN,2,186,191,N,83.0,61,4620.0,840.29,0.32,61,SCHEDULED
2683,AW4634,CDG - VIE,2025-01-26 07:45:00,2025-01-26 09:55:00,2024-11-25,-62,CANCELLED,2,189,189,,,0,0.0,0.0,0.0,0,UNAVAILABLE
2682,AW4631,VIE - CDG,2025-01-26 09:10:00,2025-01-26 11:20:00,2024-11-25,-62,CANCELLED,2,189,189,,,0,0.0,0.0,0.0,0,UNAVAILABLE
2678,AW7642,CDG - OSL,2025-01-26 10:35:00,2025-01-26 12:15:00,2024-11-25,-62,OPEN,2,189,189,N,50.0,0,0.0,0.0,0.0,0,ACTIVATED
6741,AW4671,BUD - CDG,2025-01-26 10:35:00,2025-01-26 15:40:00,2024-11-25,-63,OPEN,2,186,187,X,66.0,38,3020.0,2646.84,0.2,38,DEACTIVATED
2684,AW4635,VIE - CDG,2025-01-26 10:40:00,2025-01-26 12:50:00,2024-11-25,-62,CANCELLED,2,189,189,,,0,0.0,0.0,0.0,0,UNAVAILABLE
6227,AW4636,CDG - VIE,2025-01-26 11:15:00,2025-01-26 13:25:00,2024-11-25,-62,OPEN,2,189,193,N,52.0,19,1139.0,454.89,0.1,19,ACTIVATED
2680,AW7646,CDG - OSL,2025-01-26 11:35:00,2025-01-26 13:15:00,2024-11-25,-62,CANCELLED,2,189,189,,,0,0.0,0.0,0.0,0,UNAVAILABLE
6190,AW7643,OSL - CDG,2025-01-26 12:55:00,2025-01-26 16:30:00,2024-11-25,-63,OPEN,2,189,193,T,59.0,18,1035.0,627.99,0.09,18,ACTIVATED
6413,AW7644,CDG - OSL,2025-01-26 13:20:00,2025-01-26 15:00:00,2024-11-25,-62,OPEN,2,189,192,R,71.0,25,1237.0,276.11,0.13,25,ACTIVATED
7003,AW3281,TLL - CDG,2025-01-26 13:35:00,2025-01-26 15:35:00,2024-11-25,-62,OPEN,2,186,189,G,85.0,54,4667.0,3425.0,0.29,54,SCHEDULED
2685,AW7647,OSL - CDG,2025-01-26 13:55:00,2025-01-26 17:30:00,2024-11-25,-63,CANCELLED,2,189,189,,,0,0.0,0.0,0.0,0,UNAVAILABLE
6638,AW4637,VIE - CDG,2025-01-26 14:10:00,2025-01-26 16:20:00,2024-11-25,-62,OPEN,2,189,191,G,50.0,33,1792.0,1171.6,0.17,33,ACTIVATED
6991,AW3288,CDG - TLL,2025-01-26 14:10:00,2025-01-26 19:50:00,2024-11-25,-62,OPEN,2,189,194,G,92.0,53,4886.29,1621.68,0.27,53,SCHEDULED
5855,AW7645,OSL - CDG,2025-01-26 15:40:00,2025-01-26 19:15:00,2024-11-25,-63,OPEN,2,189,193,T,59.0,12,583.0,311.68,0.06,12,ACTIVATED
6099,AW7648,CDG - OSL,2025-01-26 16:20:00,2025-01-26 18:00:00,2024-11-25,-62,OPEN,2,189,189,G,56.0,16,913.0,332.93,0.08,16,ACTIVATED
7255,AW4638,CDG - VIE,2025-01-26 16:30:00,2025-01-26 18:40:00,2024-11-25,-62,OPEN,2,189,193,T,66.0,75,4428.39,1696.86,0.39,75,ACTIVATED
6865,AW7649,OSL - CDG,2025-01-26 18:40:00,2025-01-26 22:15:00,2024-11-25,-63,OPEN,2,189,189,R,72.0,45,3564.5,2545.79,0.24,45,ACTIVATED
7202,AW4639,VIE - CDG,2025-01-26 19:25:00,2025-01-26 21:35:00,2024-11-25,-62,OPEN,2,189,191,T,57.0,71,4361.0,3026.2,0.37,71,ACTIVATED
7091,AW3289,TLL - CDG,2025-01-26 20:45:00,2025-01-26 22:45:00,2024-11-25,-62,OPEN,2,189,192,R,109.0,62,5379.0,3953.0,0.32,62,SCHEDULED
5695,AW4630,CDG - VIE,2025-01-27 06:05:00,2025-01-27 08:15:00,2024-11-25,-63,OPEN,2,186,186,A,47.0,10,403.0,58.49,0.05,10,ACTIVATED
2686,AW3280,CDG - TLL,2025-01-27 06:20:00,2025-01-27 12:00:00,2024-11-25,-63,CANCELLED,2,186,186,,,0,0.0,0.0,0.0,0,UNAVAILABLE
5596,AW7640,CDG - OSL,2025-01-27 07:25:00,2025-01-27 09:05:00,2024-11-25,-63,OPEN,2,189,189,G,56.0,9,399.0,52.53,0.05,9,ACTIVATED
6906,AW4631,VIE - CDG,2025-01-27 09:00:00,2025-01-27 11:10:00,2024-11-25,-63,OPEN,2,186,188,T,57.0,48,2336.0,1433.6,0.26,48,ACTIVATED
5211,AW7641,OSL - CDG,2025-01-27 09:45:00,2025-01-27 13:20:00,2024-11-25,-64,OPEN,2,189,186,G,49.0,6,199.0,62.44,0.03,6,ACTIVATED
6331,AW4634,CDG - VIE,2025-01-27 10:25:00,2025-01-27 12:35:00,2024-11-25,-63,OPEN,2,189,189,A,47.0,22,1073.0,284.85,0.12,22,ACTIVATED
2688,AW7644,CDG - OSL,2025-01-27 11:35:00,2025-01-27 13:15:00,2024-11-25,-63,CANCELLED,2,189,189,,,0,0.0,0.0,0.0,0,UNAVAILABLE
5777,AW7646,CDG - OSL,2025-01-27 12:40:00,2025-01-27 14:20:00,2024-11-25,-63,OPEN,2,189,189,G,56.0,11,482.0,84.49,0.06,11,ACTIVATED
2687,AW3281,TLL - CDG,2025-01-27 12:55:00,2025-01-27 14:55:00,2024-11-25,-63,CANCELLED,2,186,186,,,0,0.0,0.0,0.0,0,UNAVAILABLE
6038,AW3288,CDG - TLL,2025-01-27 13:10:00,2025-01-27 18:50:00,2024-11-25,-63,OPEN,2,186,189,T,102.0,15,1586.0,667.0,0.08,15,SCHEDULED
6685,AW4635,VIE - CDG,2025-01-27 13:20:00,2025-01-27 15:30:00,2024-11-25,-63,OPEN,2,189,188,T,57.0,35,1543.0,885.0,0.19,35,ACTIVATED
2692,AW7645,OSL - CDG,2025-01-27 13:55:00,2025-01-27 17:30:00,2024-11-25,-64,CANCELLED,2,189,189,,,0,0.0,0.0,0.0,0,UNAVAILABLE
6742,AW4636,CDG - VIE,2025-01-27 14:45:00,2025-01-27 16:55:00,2024-11-25,-63,OPEN,2,189,192,N,52.0,38,1729.0,381.39,0.2,38,ACTIVATED
6297,AW7647,OSL - CDG,2025-01-27 15:00:00,2025-01-27 18:35:00,2024-11-25,-64,OPEN,2,189,192,G,49.0,21,1090.0,614.47,0.11,21,ACTIVATED
5923,AW7650,CDG - OSL,2025-01-27 15:35:00,2025-01-27 17:15:00,2024-11-25,-63,OPEN,2,186,186,G,56.0,13,739.0,228.62,0.07,13,ACTIVATED
5856,AW7648,CDG - OSL,2025-01-27 16:20:00,2025-01-27 18:00:00,2024-11-25,-63,OPEN,2,189,191,A,45.0,12,1207.0,770.23,0.06,12,ACTIVATED
2689,AW4638,CDG - VIE,2025-01-27 17:25:00,2025-01-27 19:35:00,2024-11-25,-63,CANCELLED,2,186,186,,,0,0.0,0.0,0.0,0,UNAVAILABLE
6557,AW4637,VIE - CDG,2025-01-27 17:40:00,2025-01-27 19:50:00,2024-11-25,-63,OPEN,2,189,191,N,44.0,30,1294.0,730.0,0.16,30,ACTIVATED
6039,AW7651,OSL - CDG,2025-01-27 17:55:00,2025-01-27 21:30:00,2024-11-25,-64,OPEN,2,186,189,N,40.0,15,588.0,247.59,0.08,15,ACTIVATED
6191,AW7649,OSL - CDG,2025-01-27 18:40:00,2025-01-27 22:15:00,2024-11-25,-64,OPEN,2,189,192,N,40.0,18,791.0,383.3,0.09,18,ACTIVATED
6775,AW3289,TLL - CDG,2025-01-27 19:45:00,2025-01-27 21:45:00,2024-11-25,-63,OPEN,2,186,190,T,96.0,40,3655.0,2735.0,0.21,40,SCHEDULED
2690,AW4639,VIE - CDG,2025-01-27 20:20:00,2025-01-27 22:30:00,2024-11-25,-63,CANCELLED,2,186,186,,,0,0.0,0.0,0.0,0,UNAVAILABLE
6639,AW3280,CDG - TLL,2025-01-28 07:15:00,2025-01-28 12:55:00,2024-11-25,-64,OPEN,2,186,191,N,83.0,33,2523.0,426.3,0.17,33,SCHEDULED
2691,AW7640,CDG - OSL,2025-01-28 07:25:00,2025-01-28 09:05:00,2024-11-25,-64,OPEN,2,186,186,N,50.0,0,0.0,0.0,0.0,0,ACTIVATED
6414,AW7641,OSL - CDG,2025-01-28 09:45:00,2025-01-28 13:20:00,2024-11-25,-65,OPEN,2,186,187,N,40.0,25,846.0,278.41,0.13,25,ACTIVATED
2693,AW7644,CDG - OSL,2025-01-28 11:35:00,2025-01-28 13:15:00,2024-11-25,-64,CANCELLED,2,189,189,,,0,0.0,0.0,0.0,0,UNAVAILABLE
6666,AW4634,CDG - VIE,2025-01-28 11:55:00,2025-01-28 14:05:00,2024-11-25,-64,OPEN,2,189,189,N,52.0,34,1752.0,520.21,0.18,34,ACTIVATED
5857,AW7646,CDG - OSL,2025-01-28 13:00:00,2025-01-28 14:40:00,2024-11-25,-64,OPEN,2,189,192,G,56.0,12,824.0,380.36,0.06,12,ACTIVATED
6504,AW3281,TLL - CDG,2025-01-28 13:50:00,2025-01-28 15:50:00,2024-11-25,-64,OPEN,2,186,189,T,96.0,28,1926.0,1282.0,0.15,28,SCHEDULED
2696,AW7645,OSL - CDG,2025-01-28 13:55:00,2025-01-28 17:30:00,2024-11-25,-65,CANCELLED,2,189,189,,,0,0.0,0.0,0.0,0,UNAVAILABLE
6192,AW3288,CDG - TLL,2025-01-28 14:05:00,2025-01-28 19:45:00,2024-11-25,-64,OPEN,2,186,191,N,83.0,18,1587.0,439.26,0.09,18,SCHEDULED
6362,AW4635,VIE - CDG,2025-01-28 14:50:00,2025-01-28 17:00:00,2024-11-25,-64,OPEN,2,189,189,T,57.0,23,996.0,563.6,0.12,23,ACTIVATED
5338,AW7647,OSL - CDG,2025-01-28 15:20:00,2025-01-28 18:55:00,2024-11-25,-65,OPEN,2,189,189,G,49.0,7,234.0,75.73,0.04,7,ACTIVATED
5778,AW7648,CDG - OSL,2025-01-28 16:20:00,2025-01-28 18:00:00,2024-11-25,-64,OPEN,2,189,190,G,56.0,11,620.0,222.49,0.06,11,ACTIVATED
2694,AW4636,CDG - VIE,2025-01-28 17:25:00,2025-01-28 19:35:00,2024-11-25,-64,CANCELLED,2,189,189,,,0,0.0,0.0,0.0,0,UNAVAILABLE
5779,AW7649,OSL - CDG,2025-01-28 18:40:00,2025-01-28 22:15:00,2024-11-25,-65,OPEN,2,189,186,N,40.0,11,393.0,143.57,0.06,11,ACTIVATED
2695,AW4637,VIE - CDG,2025-01-28 20:20:00,2025-01-28 22:30:00,2024-11-25,-64,CANCELLED,2,189,189,,,0,0.0,0.0,0.0,0,UNAVAILABLE
6147,AW3289,TLL - CDG,2025-01-28 20:40:00,2025-01-28 22:40:00,2024-11-25,-64,OPEN,2,186,190,T,96.0,17,1657.0,1266.0,0.09,17,SCHEDULED
6148,AW4634,CDG - VIE,2025-01-29 07:00:00,2025-01-29 09:05:00,2024-11-25,-65,OPEN,2,189,191,N,52.0,17,978.0,351.8,0.09,17,ACTIVATED
2697,AW3280,CDG - TLL,2025-01-29 07:20:00,2025-01-29 13:00:00,2024-11-25,-65,CANCELLED,2,186,186,,,0,0.0,0.0,0.0,0,UNAVAILABLE
4871,AW7640,CDG - OSL,2025-01-29 07:25:00,2025-01-29 09:05:00,2024-11-25,-65,OPEN,2,189,186,N,50.0,4,170.0,12.96,0.02,4,ACTIVATED
6529,AW7641,OSL - CDG,2025-01-29 09:45:00,2025-01-29 13:20:00,2024-11-25,-66,OPEN,2,189,186,G,49.0,29,1206.0,549.05,0.16,29,ACTIVATED
6505,AW4635,VIE - CDG,2025-01-29 09:50:00,2025-01-29 12:00:00,2024-11-25,-65,OPEN,2,189,191,G,50.0,28,1194.0,667.6,0.15,28,ACTIVATED
5486,AW7644,CDG - OSL,2025-01-29 11:30:00,2025-01-29 13:10:00,2024-11-25,-65,OPEN,2,189,188,A,45.0,8,603.0,343.88,0.04,8,ACTIVATED
5485,AW3288,CDG - TLL,2025-01-29 12:30:00,2025-01-29 18:10:00,2024-11-25,-65,OPEN,2,186,191,G,92.0,8,708.0,207.88,0.04,8,SCHEDULED
6041,AW7646,CDG - OSL,2025-01-29 12:50:00,2025-01-29 14:30:00,2024-11-25,-65,OPEN,2,189,186,N,50.0,15,702.0,168.06,0.08,15,ACTIVATED
6193,AW7645,OSL - CDG,2025-01-29 13:50:00,2025-01-29 17:25:00,2024-11-25,-66,OPEN,2,189,188,G,49.0,18,786.0,378.66,0.1,18,ACTIVATED
2699,AW4638,CDG - VIE,2025-01-29 13:55:00,2025-01-29 16:05:00,2024-11-25,-65,CANCELLED,2,189,189,,,0,0.0,0.0,0.0,0,UNAVAILABLE
2698,AW3281,TLL - CDG,2025-01-29 13:55:00,2025-01-29 15:55:00,2024-11-25,-65,CANCELLED,2,186,186,,,0,0.0,0.0,0.0,0,UNAVAILABLE
5062,AW7647,OSL - CDG,2025-01-29 15:10:00,2025-01-29 18:45:00,2024-11-25,-66,OPEN,2,189,186,A,32.0,5,193.0,79.95,0.03,5,ACTIVATED
7048,AW4630,CDG - VIE,2025-01-29 16:20:00,2025-01-29 18:30:00,2024-11-25,-65,OPEN,2,189,191,G,59.0,58,3289.08,1293.67,0.3,58,ACTIVATED
6042,AW7648,CDG - OSL,2025-01-29 16:20:00,2025-01-29 18:00:00,2024-11-25,-65,OPEN,2,186,189,N,50.0,15,675.0,134.19,0.08,15,ACTIVATED
2700,AW4639,VIE - CDG,2025-01-29 16:50:00,2025-01-29 19:00:00,2024-11-25,-65,CANCELLED,2,189,189,,,0,0.0,0.0,0.0,0,UNAVAILABLE
4602,AW7649,OSL - CDG,2025-01-29 18:40:00,2025-01-29 22:15:00,2024-11-25,-66,OPEN,2,186,186,A,32.0,3,90.0,21.63,0.02,3,ACTIVATED
6040,AW3289,TLL - CDG,2025-01-29 19:05:00,2025-01-29 21:05:00,2024-11-25,-65,OPEN,2,186,190,T,96.0,15,1387.0,1042.0,0.08,15,SCHEDULED
5339,AW4631,VIE - CDG,2025-01-29 19:15:00,2025-01-29 21:25:00,2024-11-25,-65,OPEN,2,189,189,N,44.0,7,434.0,302.4,0.04,7,ACTIVATED
6415,AW4630,CDG - VIE,2025-01-30 06:05:00,2025-01-30 08:15:00,2024-11-25,-66,OPEN,2,189,191,N,52.0,25,1218.0,346.42,0.13,25,ACTIVATED
6640,AW3280,CDG - TLL,2025-01-30 07:00:00,2025-01-30 12:40:00,2024-11-25,-66,OPEN,2,186,193,T,102.0,33,2790.0,670.83,0.17,33,SCHEDULED
5597,AW7640,CDG - OSL,2025-01-30 07:25:00,2025-01-30 09:05:00,2024-11-25,-66,OPEN,2,186,188,G,56.0,9,461.0,121.4,0.05,9,ACTIVATED
6907,AW4631,VIE - CDG,2025-01-30 09:00:00,2025-01-30 11:10:00,2024-11-25,-66,OPEN,2,189,188,G,50.0,48,2165.0,1262.6,0.26,48,ACTIVATED
6298,AW7641,OSL - CDG,2025-01-30 09:45:00,2025-01-30 13:20:00,2024-11-25,-67,OPEN,2,186,186,G,49.0,21,1008.0,531.03,0.11,21,ACTIVATED
2702,AW4634,CDG - VIE,2025-01-30 11:55:00,2025-01-30 14:05:00,2024-11-25,-66,CANCELLED,2,186,189,,,0,0.0,0.0,0.0,0,UNAVAILABLE
2701,AW7646,CDG - OSL,2025-01-30 12:15:00,2025-01-30 13:55:00,2024-11-25,-66,CANCELLED,2,189,189,,,0,0.0,0.0,0.0,0,UNAVAILABLE
6776,AW3281,TLL - CDG,2025-01-30 13:35:00,2025-01-30 15:35:00,2024-11-25,-66,OPEN,2,186,194,A,67.0,40,2717.0,1797.0,0.21,40,SCHEDULED
5976,AW3288,CDG - TLL,2025-01-30 14:10:00,2025-01-30 19:50:00,2024-11-25,-66,OPEN,2,186,189,T,102.0,14,1369.26,479.07,0.07,14,SCHEDULED
2704,AW7647,OSL - CDG,2025-01-30 14:35:00,2025-01-30 18:10:00,2024-11-25,-67,CANCELLED,2,189,189,,,0,0.0,0.0,0.0,0,UNAVAILABLE
2703,AW4635,VIE - CDG,2025-01-30 14:50:00,2025-01-30 17:00:00,2024-11-25,-66,CANCELLED,2,186,189,,,0,0.0,0.0,0.0,0,UNAVAILABLE
5212,AW7656,CDG - OSL,2025-01-30 15:30:00,2025-01-30 17:10:00,2024-11-25,-66,OPEN,2,186,186,G,56.0,6,255.56,47.48,0.03,6,ACTIVATED
5977,AW7648,CDG - OSL,2025-01-30 16:25:00,2025-01-30 18:05:00,2024-11-25,-66,OPEN,2,186,188,G,56.0,14,971.0,455.71,0.07,14,ACTIVATED
6810,AW4638,CDG - VIE,2025-01-30 17:05:00,2025-01-30 19:15:00,2024-11-25,-66,OPEN,2,189,193,G,59.0,42,2209.0,697.48,0.22,42,ACTIVATED
5598,AW7657,OSL - CDG,2025-01-30 17:50:00,2025-01-30 21:25:00,2024-11-25,-67,OPEN,2,186,186,A,32.0,9,574.0,370.33,0.05,9,ACTIVATED
5213,AW7649,OSL - CDG,2025-01-30 18:40:00,2025-01-30 22:15:00,2024-11-25,-67,OPEN,2,186,186,N,40.0,6,184.0,47.8,0.03,6,ACTIVATED
6788,AW4639,VIE - CDG,2025-01-30 20:00:00,2025-01-30 22:10:00,2024-11-25,-66,OPEN,2,189,192,N,44.0,41,1792.0,1021.2,0.21,41,ACTIVATED
7063,AW3289,TLL - CDG,2025-01-30 20:45:00,2025-01-30 22:45:00,2024-11-25,-66,OPEN,2,186,191,N,75.0,59,4131.0,2774.0,0.31,59,SCHEDULED
6530,AW4630,CDG - VIE,2025-01-31 06:05:00,2025-01-31 08:15:00,2024-11-25,-67,OPEN,2,189,195,N,52.0,29,1320.0,305.12,0.15,29,ACTIVATED
6266,AW3280,CDG - TLL,2025-01-31 07:05:00,2025-01-31 12:45:00,2024-11-25,-67,OPEN,2,186,190,T,102.0,20,1967.0,731.68,0.11,20,SCHEDULED
5599,AW7640,CDG - OSL,2025-01-31 07:20:00,2025-01-31 09:00:00,2024-11-25,-67,OPEN,2,186,189,R,71.0,9,585.0,245.4,0.05,9,ACTIVATED
7004,AW4631,VIE - CDG,2025-01-31 09:00:00,2025-01-31 11:10:00,2024-11-25,-67,OPEN,2,189,191,T,57.0,54,2509.0,1493.8,0.28,54,ACTIVATED
6299,AW7641,OSL - CDG,2025-01-31 09:40:00,2025-01-31 13:15:00,2024-11-25,-68,OPEN,2,186,188,G,49.0,21,738.0,260.31,0.11,21,ACTIVATED
6892,AW4634,CDG - VIE,2025-01-31 10:25:00,2025-01-31 12:35:00,2024-11-25,-67,OPEN,2,186,193,R,76.0,47,2970.34,1317.48,0.24,47,ACTIVATED
5924,AW7644,CDG - OSL,2025-01-31 11:30:00,2025-01-31 13:10:00,2024-11-25,-67,OPEN,2,189,189,G,56.0,13,1022.0,552.84,0.07,13,ACTIVATED
6149,AW3288,CDG - TLL,2025-01-31 12:20:00,2025-01-31 18:00:00,2024-11-25,-67,OPEN,2,189,193,T,102.0,17,1785.0,711.01,0.09,17,SCHEDULED
2705,AW7650,CDG - OSL,2025-01-31 13:15:00,2025-01-31 14:55:00,2024-11-25,-67,CANCELLED,2,189,189,,,0,0.0,0.0,0.0,0,UNAVAILABLE
6450,AW4635,VIE - CDG,2025-01-31 13:20:00,2025-01-31 15:30:00,2024-11-25,-67,OPEN,2,186,191,A,38.0,26,1210.0,721.2,0.14,26,ACTIVATED
5340,AW3281,TLL - CDG,2025-01-31 13:40:00,2025-01-31 15:40:00,2024-11-25,-67,OPEN,2,186,188,G,85.0,7,801.0,640.0,0.04,7,SCHEDULED
6332,AW7645,OSL - CDG,2025-01-31 13:50:00,2025-01-31 17:25:00,2024-11-25,-68,OPEN,2,189,186,G,49.0,22,820.0,321.86,0.12,22,ACTIVATED
2706,AW4636,CDG - VIE,2025-01-31 14:45:00,2025-01-31 16:55:00,2024-11-25,-67,CANCELLED,2,189,189,,,0,0.0,0.0,0.0,0,UNAVAILABLE
2708,AW7651,OSL - CDG,2025-01-31 15:35:00,2025-01-31 19:10:00,2024-11-25,-68,CANCELLED,2,189,189,,,0,0.0,0.0,0.0,0,UNAVAILABLE
6150,AW7646,CDG - OSL,2025-01-31 16:10:00,2025-01-31 17:50:00,2024-11-25,-67,OPEN,2,189,192,T,63.0,17,968.0,355.54,0.09,17,ACTIVATED
5600,AW7648,CDG - OSL,2025-01-31 16:20:00,2025-01-31 18:00:00,2024-11-25,-67,OPEN,2,186,192,T,63.0,9,532.0,192.4,0.05,9,ACTIVATED
2707,AW4637,VIE - CDG,2025-01-31 17:40:00,2025-01-31 19:50:00,2024-11-25,-67,CANCELLED,2,189,189,,,0,0.0,0.0,0.0,0,UNAVAILABLE
6789,AW4638,CDG - VIE,2025-01-31 17:45:00,2025-01-31 19:55:00,2024-11-25,-67,OPEN,2,189,194,T,66.0,41,2625.39,1166.87,0.21,41,ACTIVATED
5487,AW7647,OSL - CDG,2025-01-31 18:30:00,2025-01-31 22:05:00,2024-11-25,-68,OPEN,2,189,189,G,49.0,8,248.0,66.4,0.04,8,ACTIVATED
6383,AW7649,OSL - CDG,2025-01-31 18:40:00,2025-01-31 22:15:00,2024-11-25,-68,OPEN,2,186,189,G,49.0,24,800.0,257.36,0.13,24,ACTIVATED
6267,AW3289,TLL - CDG,2025-01-31 18:55:00,2025-01-31 20:55:00,2024-11-25,-67,OPEN,2,189,192,G,85.0,20,1462.0,1002.0,0.1,20,SCHEDULED
6582,AW4639,VIE - CDG,2025-01-31 20:40:00,2025-01-31 22:50:00,2024-11-25,-67,OPEN,2,189,191,N,44.0,31,1355.0,772.2,0.16,31,ACTIVATED
6268,AW4630,CDG - VIE,2025-02-01 06:00:00,2025-02-01 08:10:00,2024-11-25,-68,OPEN,2,189,192,N,52.0,20,967.0,223.02,0.1,20,ACTIVATED
7173,AW4670,CDG - BUD,2025-02-01 06:20:00,2025-02-01 09:25:00,2024-11-25,-68,OPEN,2,186,141,G,53.0,69,3748.0,1382.56,0.49,69,SCHEDULED
6686,AW7640,CDG - OSL,2025-02-01 07:35:00,2025-02-01 09:15:00,2024-11-25,-68,OPEN,2,189,190,R,71.0,35,2480.0,1160.86,0.18,35,ACTIVATED
6531,AW3282,CDG - TLL,2025-02-01 07:35:00,2025-02-01 13:15:00,2024-11-25,-68,OPEN,2,186,186,T,102.0,29,3003.0,1208.79,0.16,29,SCHEDULED
7218,AW4676,CDG - BUD,2025-02-01 07:45:00,2025-02-01 10:50:00,2024-11-25,-68,OPEN,2,186,189,T,60.0,72,4109.56,1701.91,0.38,72,SCHEDULED
6532,AW4631,VIE - CDG,2025-02-01 08:55:00,2025-02-01 11:05:00,2024-11-25,-68,OPEN,2,189,191,G,50.0,29,1279.0,733.8,0.15,29,ACTIVATED
2709,AW4634,CDG - VIE,2025-02-01 09:35:00,2025-02-01 11:45:00,2024-11-25,-68,CANCELLED,2,189,189,,,0,0.0,0.0,0.0,0,UNAVAILABLE
5858,AW7641,OSL - CDG,2025-02-01 09:55:00,2025-02-01 13:30:00,2024-11-25,-69,OPEN,2,189,189,G,49.0,12,416.0,143.78,0.06,12,ACTIVATED
6976,AW4671,BUD - CDG,2025-02-01 10:10:00,2025-02-01 15:15:00,2024-11-25,-69,OPEN,2,186,141,R,56.0,52,3396.64,2886.0,0.37,52,DEACTIVATED
4603,AW7644,CDG - OSL,2025-02-01 11:35:00,2025-02-01 13:15:00,2024-11-25,-68,OPEN,2,186,186,T,63.0,3,299.0,188.09,0.02,3,ACTIVATED
7321,AW4677,BUD - CDG,2025-02-01 11:40:00,2025-02-01 16:45:00,2024-11-25,-69,OPEN,2,186,189,X,66.0,80,5069.0,4283.4,0.42,80,DEACTIVATED
2710,AW4635,VIE - CDG,2025-02-01 12:30:00,2025-02-01 14:40:00,2024-11-25,-68,CANCELLED,2,189,189,,,0,0.0,0.0,0.0,0,UNAVAILABLE
5063,AW7646,CDG - OSL,2025-02-01 12:45:00,2025-02-01 14:25:00,2024-11-25,-68,OPEN,2,189,186,T,63.0,5,501.0,332.18,0.03,5,ACTIVATED
6583,AW3280,CDG - TLL,2025-02-01 13:40:00,2025-02-01 19:20:00,2024-11-25,-68,OPEN,2,189,186,T,102.0,31,3110.0,1123.35,0.17,31,SCHEDULED
5859,AW7645,OSL - CDG,2025-02-01 13:55:00,2025-02-01 17:30:00,2024-11-25,-69,OPEN,2,186,188,A,32.0,12,532.0,259.78,0.06,12,ACTIVATED
5925,AW3283,TLL - CDG,2025-02-01 14:10:00,2025-02-01 16:10:00,2024-11-25,-68,OPEN,2,186,190,T,96.0,13,1269.0,970.0,0.07,13,SCHEDULED
2711,AW7647,OSL - CDG,2025-02-01 15:05:00,2025-02-01 18:40:00,2024-11-25,-69,OPEN,2,189,186,A,32.0,0,0.0,0.0,0.0,0,ACTIVATED
5601,AW7648,CDG - OSL,2025-02-01 16:20:00,2025-02-01 18:00:00,2024-11-25,-68,OPEN,2,186,186,T,63.0,9,546.0,199.53,0.05,9,ACTIVATED
6300,AW4638,CDG - VIE,2025-02-01 17:45:00,2025-02-01 19:55:00,2024-11-25,-68,OPEN,2,189,192,G,59.0,21,1118.0,334.76,0.11,21,ACTIVATED
4604,AW7649,OSL - CDG,2025-02-01 18:40:00,2025-02-01 22:15:00,2024-11-25,-69,OPEN,2,186,186,N,40.0,3,128.0,59.99,0.02,3,ACTIVATED
5780,AW3281,TLL - CDG,2025-02-01 20:15:00,2025-02-01 22:15:00,2024-11-25,-68,OPEN,2,189,190,T,96.0,11,1116.0,863.0,0.06,11,SCHEDULED
6043,AW4639,VIE - CDG,2025-02-01 20:40:00,2025-02-01 22:50:00,2024-11-25,-68,OPEN,2,189,191,G,50.0,15,628.0,346.0,0.08,15,ACTIVATED
6667,AW4630,CDG - VIE,2025-02-02 06:05:00,2025-02-02 08:15:00,2024-11-25,-69,OPEN,2,186,193,A,47.0,34,1780.0,500.12,0.18,34,ACTIVATED
6228,AW4670,CDG - BUD,2025-02-02 06:45:00,2025-02-02 09:50:00,2024-11-25,-69,OPEN,2,189,186,G,53.0,19,1633.0,969.5,0.1,19,SCHEDULED
6584,AW3280,CDG - TLL,2025-02-02 07:00:00,2025-02-02 12:40:00,2024-11-25,-69,OPEN,2,186,191,T,102.0,31,2873.0,908.82,0.16,31,SCHEDULED
2712,AW4634,CDG - VIE,2025-02-02 07:45:00,2025-02-02 09:55:00,2024-11-25,-69,CANCELLED,2,189,189,,,0,0.0,0.0,0.0,0,UNAVAILABLE
6668,AW4631,VIE - CDG,2025-02-02 09:00:00,2025-02-02 11:10:00,2024-11-25,-69,OPEN,2,186,192,T,57.0,34,1505.0,865.8,0.18,34,ACTIVATED
5064,AW7642,CDG - OSL,2025-02-02 10:35:00,2025-02-02 12:15:00,2024-11-25,-69,OPEN,2,189,191,R,71.0,5,404.0,214.57,0.03,5,ACTIVATED
6941,AW4671,BUD - CDG,2025-02-02 10:35:00,2025-02-02 15:40:00,2024-11-25,-70,OPEN,2,189,187,T,49.0,50,3765.0,3274.0,0.27,50,DEACTIVATED
2713,AW4635,VIE - CDG,2025-02-02 10:40:00,2025-02-02 12:50:00,2024-11-25,-69,CANCELLED,2,189,189,,,0,0.0,0.0,0.0,0,UNAVAILABLE
2714,AW4636,CDG - VIE,2025-02-02 11:15:00,2025-02-02 13:25:00,2024-11-25,-69,CANCELLED,2,189,189,,,0,0.0,0.0,0.0,0,UNAVAILABLE
5696,AW7646,CDG - OSL,2025-02-02 11:35:00,2025-02-02 13:15:00,2024-11-25,-69,OPEN,2,189,189,T,63.0,10,522.0,129.4,0.05,10,ACTIVATED
5602,AW7643,OSL - CDG,2025-02-02 12:55:00,2025-02-02 16:30:00,2024-11-25,-70,OPEN,2,189,189,T,59.0,9,767.0,563.51,0.05,9,ACTIVATED
5214,AW7644,CDG - OSL,2025-02-02 13:20:00,2025-02-02 15:00:00,2024-11-25,-69,OPEN,2,189,189,R,71.0,6,516.0,301.05,0.03,6,ACTIVATED
6641,AW3281,TLL - CDG,2025-02-02 13:35:00,2025-02-02 15:35:00,2024-11-25,-69,OPEN,2,186,189,R,109.0,33,3200.0,2441.0,0.17,33,SCHEDULED
5341,AW7647,OSL - CDG,2025-02-02 13:55:00,2025-02-02 17:30:00,2024-11-25,-70,OPEN,2,189,193,G,49.0,7,341.0,182.55,0.04,7,ACTIVATED
6721,AW3288,CDG - TLL,2025-02-02 14:10:00,2025-02-02 19:50:00,2024-11-25,-69,OPEN,2,186,194,T,102.0,37,3872.0,1457.83,0.19,37,SCHEDULED
2715,AW4637,VIE - CDG,2025-02-02 14:10:00,2025-02-02 16:20:00,2024-11-25,-69,CANCELLED,2,189,189,,,0,0.0,0.0,0.0,0,UNAVAILABLE
6229,AW7645,OSL - CDG,2025-02-02 15:40:00,2025-02-02 19:15:00,2024-11-25,-70,OPEN,2,189,192,G,49.0,19,1089.44,659.13,0.1,19,ACTIVATED
6301,AW7648,CDG - OSL,2025-02-02 16:20:00,2025-02-02 18:00:00,2024-11-25,-69,OPEN,2,186,189,R,71.0,21,1405.0,594.28,0.11,21,ACTIVATED
7264,AW4638,CDG - VIE,2025-02-02 16:30:00,2025-02-02 18:40:00,2024-11-25,-69,OPEN,2,186,192,R,76.0,76,5649.0,2857.6,0.4,76,ACTIVATED
6384,AW7649,OSL - CDG,2025-02-02 18:40:00,2025-02-02 22:15:00,2024-11-25,-70,OPEN,2,186,190,T,59.0,24,1137.0,596.31,0.13,24,ACTIVATED
7256,AW4639,VIE - CDG,2025-02-02 19:25:00,2025-02-02 21:35:00,2024-11-25,-69,OPEN,2,186,191,L,87.0,75,5271.8,3861.8,0.39,75,ACTIVATED
6533,AW3289,TLL - CDG,2025-02-02 20:45:00,2025-02-02 22:45:00,2024-11-25,-69,OPEN,2,186,192,G,85.0,29,2584.0,1917.0,0.15,29,SCHEDULED
6416,AW4630,CDG - VIE,2025-02-03 06:05:00,2025-02-03 08:15:00,2024-11-25,-70,OPEN,2,186,188,T,66.0,25,1387.0,460.46,0.13,25,ACTIVATED
2722,AW3280,CDG - TLL,2025-02-03 06:20:00,2025-02-03 12:00:00,2024-11-25,-70,CANCELLED,2,186,186,,,0,0.0,0.0,0.0,0,UNAVAILABLE
5860,AW7640,CDG - OSL,2025-02-03 07:25:00,2025-02-03 09:05:00,2024-11-25,-70,OPEN,2,189,186,T,63.0,12,584.0,112.88,0.06,12,ACTIVATED
6743,AW4631,VIE - CDG,2025-02-03 09:00:00,2025-02-03 11:10:00,2024-11-25,-70,OPEN,2,186,188,G,50.0,38,2402.0,1687.6,0.2,38,ACTIVATED
5861,AW7641,OSL - CDG,2025-02-03 09:45:00,2025-02-03 13:20:00,2024-11-25,-71,OPEN,2,189,188,G,49.0,12,563.0,290.42,0.06,12,ACTIVATED
7113,AW4634,CDG - VIE,2025-02-03 10:25:00,2025-02-03 12:35:00,2024-11-25,-70,OPEN,2,189,191,T,66.0,64,3862.04,1713.51,0.34,64,ACTIVATED
5488,AW7644,CDG - OSL,2025-02-03 11:35:00,2025-02-03 13:15:00,2024-11-25,-70,OPEN,2,189,192,T,63.0,8,448.0,161.4,0.04,8,ACTIVATED
4605,AW7646,CDG - OSL,2025-02-03 12:40:00,2025-02-03 14:20:00,2024-11-25,-70,OPEN,2,189,189,G,56.0,3,175.0,70.96,0.02,3,ACTIVATED
2723,AW3281,TLL - CDG,2025-02-03 12:55:00,2025-02-03 14:55:00,2024-11-25,-70,CANCELLED,2,186,186,,,0,0.0,0.0,0.0,0,UNAVAILABLE
7092,AW3288,CDG - TLL,2025-02-03 13:10:00,2025-02-03 18:50:00,2024-11-25,-70,OPEN,2,189,192,N,83.0,62,5048.0,1179.56,0.32,62,SCHEDULED
6417,AW4635,VIE - CDG,2025-02-03 13:20:00,2025-02-03 15:30:00,2024-11-25,-70,OPEN,2,189,190,N,44.0,25,1420.0,950.0,0.13,25,ACTIVATED
5216,AW7645,OSL - CDG,2025-02-03 13:55:00,2025-02-03 17:30:00,2024-11-25,-71,OPEN,2,189,189,N,40.0,6,237.0,100.8,0.03,6,ACTIVATED
6418,AW4636,CDG - VIE,2025-02-03 14:45:00,2025-02-03 16:55:00,2024-11-25,-70,OPEN,2,189,191,T,66.0,25,1496.0,590.07,0.13,25,ACTIVATED
5697,AW7647,OSL - CDG,2025-02-03 15:00:00,2025-02-03 18:35:00,2024-11-25,-71,OPEN,2,189,193,N,40.0,10,420.0,193.0,0.05,10,ACTIVATED
3968,AW7650,CDG - OSL,2025-02-03 15:35:00,2025-02-03 17:15:00,2024-11-25,-70,OPEN,2,189,189,G,56.0,1,49.0,16.61,0.01,1,ACTIVATED
5215,AW7648,CDG - OSL,2025-02-03 16:20:00,2025-02-03 18:00:00,2024-11-25,-70,OPEN,2,189,189,G,56.0,6,462.0,226.44,0.03,6,ACTIVATED
2724,AW4638,CDG - VIE,2025-02-03 17:25:00,2025-02-03 19:35:00,2024-11-25,-70,CANCELLED,2,186,186,,,0,0.0,0.0,0.0,0,UNAVAILABLE
5978,AW4637,VIE - CDG,2025-02-03 17:40:00,2025-02-03 19:50:00,2024-11-25,-70,OPEN,2,189,191,T,57.0,14,766.0,502.8,0.07,14,ACTIVATED
6044,AW7651,OSL - CDG,2025-02-03 17:55:00,2025-02-03 21:30:00,2024-11-25,-71,OPEN,2,189,193,G,49.0,15,849.0,509.85,0.08,15,ACTIVATED
5489,AW7649,OSL - CDG,2025-02-03 18:40:00,2025-02-03 22:15:00,2024-11-25,-71,OPEN,2,189,192,N,40.0,8,431.0,250.12,0.04,8,ACTIVATED
6922,AW3289,TLL - CDG,2025-02-03 19:45:00,2025-02-03 21:45:00,2024-11-25,-70,OPEN,2,189,193,A,67.0,49,3240.0,2113.0,0.25,49,SCHEDULED
2725,AW4639,VIE - CDG,2025-02-03 20:20:00,2025-02-03 22:30:00,2024-11-25,-70,CANCELLED,2,186,186,,,0,0.0,0.0,0.0,0,UNAVAILABLE
7239,AW3280,CDG - TLL,2025-02-04 07:15:00,2025-02-04 12:55:00,2024-11-25,-71,OPEN,2,189,191,N,83.0,74,5549.0,900.42,0.39,74,SCHEDULED
5603,AW7640,CDG - OSL,2025-02-04 07:25:00,2025-02-04 09:05:00,2024-11-25,-71,OPEN,2,186,189,G,56.0,9,569.0,236.27,0.05,9,ACTIVATED
5217,AW7641,OSL - CDG,2025-02-04 09:45:00,2025-02-04 13:20:00,2024-11-25,-72,OPEN,2,186,186,G,49.0,6,209.0,72.98,0.03,6,ACTIVATED
5342,AW7644,CDG - OSL,2025-02-04 11:35:00,2025-02-04 13:15:00,2024-11-25,-71,OPEN,2,189,189,T,63.0,7,366.0,98.05,0.04,7,ACTIVATED
5926,AW4634,CDG - VIE,2025-02-04 11:55:00,2025-02-04 14:05:00,2024-11-25,-71,OPEN,2,186,188,G,59.0,13,956.0,500.58,0.07,13,ACTIVATED
5980,AW7646,CDG - OSL,2025-02-04 13:00:00,2025-02-04 14:40:00,2024-11-25,-71,OPEN,2,189,193,G,56.0,14,653.0,117.1,0.07,14,ACTIVATED
5979,AW3281,TLL - CDG,2025-02-04 13:50:00,2025-02-04 15:50:00,2024-11-25,-71,OPEN,2,189,190,N,75.0,14,1065.0,743.0,0.07,14,SCHEDULED
5490,AW7645,OSL - CDG,2025-02-04 13:55:00,2025-02-04 17:30:00,2024-11-25,-72,OPEN,2,189,186,N,40.0,8,338.0,156.94,0.04,8,ACTIVATED
6045,AW3288,CDG - TLL,2025-02-04 14:05:00,2025-02-04 19:45:00,2024-11-25,-71,OPEN,2,186,192,A,76.0,15,1422.0,443.08,0.08,15,SCHEDULED
5927,AW4635,VIE - CDG,2025-02-04 14:50:00,2025-02-04 17:00:00,2024-11-25,-71,OPEN,2,186,189,A,38.0,13,572.0,327.6,0.07,13,ACTIVATED
5698,AW7647,OSL - CDG,2025-02-04 15:20:00,2025-02-04 18:55:00,2024-11-25,-72,OPEN,2,189,190,N,40.0,10,608.0,381.54,0.05,10,ACTIVATED
5343,AW7648,CDG - OSL,2025-02-04 16:20:00,2025-02-04 18:00:00,2024-11-25,-71,OPEN,2,189,186,N,50.0,7,344.0,96.66,0.04,7,ACTIVATED
5781,AW4636,CDG - VIE,2025-02-04 17:25:00,2025-02-04 19:35:00,2024-11-25,-71,OPEN,2,189,191,N,52.0,11,586.0,195.36,0.06,11,ACTIVATED
4384,AW7649,OSL - CDG,2025-02-04 18:40:00,2025-02-04 22:15:00,2024-11-25,-72,OPEN,2,189,186,A,32.0,2,64.0,18.42,0.01,2,ACTIVATED
5344,AW4637,VIE - CDG,2025-02-04 20:20:00,2025-02-04 22:30:00,2024-11-25,-71,OPEN,2,189,189,G,50.0,7,284.0,152.4,0.04,7,ACTIVATED
5862,AW3289,TLL - CDG,2025-02-04 20:40:00,2025-02-04 22:40:00,2024-11-25,-71,OPEN,2,186,189,N,75.0,12,952.0,676.0,0.06,12,SCHEDULED
5347,AW4634,CDG - VIE,2025-02-05 07:00:00,2025-02-05 09:05:00,2024-11-25,-72,OPEN,2,189,189,G,59.0,7,464.0,209.79,0.04,7,ACTIVATED
6828,AW3280,CDG - TLL,2025-02-05 07:20:00,2025-02-05 13:00:00,2024-11-25,-72,OPEN,2,186,191,A,76.0,43,3282.0,537.68,0.23,43,SCHEDULED
4872,AW7640,CDG - OSL,2025-02-05 07:25:00,2025-02-05 09:05:00,2024-11-25,-72,OPEN,2,186,188,T,63.0,4,176.0,25.83,0.02,4,ACTIVATED
3969,AW7641,OSL - CDG,2025-02-05 09:45:00,2025-02-05 13:20:00,2024-11-25,-73,OPEN,2,186,188,G,49.0,1,30.0,7.21,0.01,1,ACTIVATED
5699,AW4635,VIE - CDG,2025-02-05 09:50:00,2025-02-05 12:00:00,2024-11-25,-72,OPEN,2,189,192,G,50.0,10,505.0,317.0,0.05,10,ACTIVATED
4873,AW7644,CDG - OSL,2025-02-05 11:30:00,2025-02-05 13:10:00,2024-11-25,-72,OPEN,2,186,186,G,56.0,4,261.0,103.96,0.02,4,ACTIVATED
6866,AW3288,CDG - TLL,2025-02-05 12:30:00,2025-02-05 18:10:00,2024-11-25,-72,OPEN,2,186,191,A,76.0,45,3462.0,555.2,0.24,45,SCHEDULED
5345,AW7646,CDG - OSL,2025-02-05 12:50:00,2025-02-05 14:30:00,2024-11-25,-72,OPEN,2,189,188,N,50.0,7,508.0,260.66,0.04,7,ACTIVATED
5065,AW7645,OSL - CDG,2025-02-05 13:50:00,2025-02-05 17:25:00,2024-11-25,-73,OPEN,2,186,186,G,49.0,5,158.0,44.59,0.03,5,ACTIVATED
2726,AW4638,CDG - VIE,2025-02-05 13:55:00,2025-02-05 16:05:00,2024-11-25,-72,CANCELLED,2,189,189,,,0,0.0,0.0,0.0,0,UNAVAILABLE
6151,AW3281,TLL - CDG,2025-02-05 13:55:00,2025-02-05 15:55:00,2024-11-25,-72,OPEN,2,186,190,N,75.0,17,1261.0,870.0,0.09,17,SCHEDULED
5218,AW7647,OSL - CDG,2025-02-05 15:10:00,2025-02-05 18:45:00,2024-11-25,-73,OPEN,2,189,188,G,49.0,6,428.0,292.34,0.03,6,ACTIVATED
5981,AW7648,CDG - OSL,2025-02-05 16:20:00,2025-02-05 18:00:00,2024-11-25,-72,OPEN,2,189,191,G,56.0,14,670.0,154.71,0.07,14,ACTIVATED
6642,AW4630,CDG - VIE,2025-02-05 16:20:00,2025-02-05 18:30:00,2024-11-25,-72,OPEN,2,189,191,G,59.0,33,1656.0,415.38,0.17,33,ACTIVATED
2727,AW4639,VIE - CDG,2025-02-05 16:50:00,2025-02-05 19:00:00,2024-11-25,-72,CANCELLED,2,189,189,,,0,0.0,0.0,0.0,0,UNAVAILABLE
4874,AW7649,OSL - CDG,2025-02-05 18:40:00,2025-02-05 22:15:00,2024-11-25,-73,OPEN,2,189,191,G,49.0,4,178.0,87.56,0.02,4,ACTIVATED
6302,AW3289,TLL - CDG,2025-02-05 19:05:00,2025-02-05 21:05:00,2024-11-25,-72,OPEN,2,186,190,G,85.0,21,1803.0,1320.0,0.11,21,SCHEDULED
5346,AW4631,VIE - CDG,2025-02-05 19:15:00,2025-02-05 21:25:00,2024-11-25,-72,OPEN,2,189,191,R,66.0,7,311.0,179.4,0.04,7,ACTIVATED
5604,AW4630,CDG - VIE,2025-02-06 06:05:00,2025-02-06 08:15:00,2024-11-25,-73,OPEN,2,186,191,R,76.0,9,512.0,186.14,0.05,9,ACTIVATED
6669,AW3280,CDG - TLL,2025-02-06 07:00:00,2025-02-06 12:40:00,2024-11-25,-73,OPEN,2,186,192,T,102.0,34,4417.0,2403.84,0.18,34,SCHEDULED
4875,AW7640,CDG - OSL,2025-02-06 07:25:00,2025-02-06 09:05:00,2024-11-25,-73,OPEN,2,186,186,G,56.0,4,238.0,94.7,0.02,4,ACTIVATED
6506,AW4631,VIE - CDG,2025-02-06 09:00:00,2025-02-06 11:10:00,2024-11-25,-73,OPEN,2,186,189,R,66.0,28,1426.0,899.6,0.15,28,ACTIVATED
4876,AW7641,OSL - CDG,2025-02-06 09:45:00,2025-02-06 13:20:00,2024-11-25,-74,OPEN,2,186,189,G,49.0,4,158.0,67.2,0.02,4,ACTIVATED
6333,AW4634,CDG - VIE,2025-02-06 11:55:00,2025-02-06 14:05:00,2024-11-25,-73,OPEN,2,186,190,G,59.0,22,1417.0,601.37,0.12,22,ACTIVATED
2728,AW7646,CDG - OSL,2025-02-06 12:15:00,2025-02-06 13:55:00,2024-11-25,-73,CANCELLED,2,189,189,,,0,0.0,0.0,0.0,0,UNAVAILABLE
6269,AW3281,TLL - CDG,2025-02-06 13:35:00,2025-02-06 15:35:00,2024-11-25,-73,OPEN,2,186,194,A,67.0,20,1641.0,1181.0,0.1,20,SCHEDULED
6152,AW3288,CDG - TLL,2025-02-06 14:10:00,2025-02-06 19:50:00,2024-11-25,-73,OPEN,2,186,190,T,102.0,17,1540.0,443.54,0.09,17,SCHEDULED
2731,AW7647,OSL - CDG,2025-02-06 14:35:00,2025-02-06 18:10:00,2024-11-25,-74,CANCELLED,2,189,189,,,0,0.0,0.0,0.0,0,UNAVAILABLE
6867,AW4635,VIE - CDG,2025-02-06 14:50:00,2025-02-06 17:00:00,2024-11-25,-73,OPEN,2,186,189,X,77.0,45,2079.8,1233.8,0.24,45,ACTIVATED
4385,AW7656,CDG - OSL,2025-02-06 15:30:00,2025-02-06 17:10:00,2024-11-25,-73,OPEN,2,186,186,T,63.0,2,134.0,55.48,0.01,2,ACTIVATED
7005,AW7648,CDG - OSL,2025-02-06 16:25:00,2025-02-06 18:05:00,2024-11-25,-73,OPEN,2,189,186,K,103.0,54,3890.0,1783.7,0.29,54,ACTIVATED
2729,AW4638,CDG - VIE,2025-02-06 17:05:00,2025-02-06 19:15:00,2024-11-25,-73,CANCELLED,2,189,189,,,0,0.0,0.0,0.0,0,UNAVAILABLE
5348,AW7657,OSL - CDG,2025-02-06 17:50:00,2025-02-06 21:25:00,2024-11-25,-74,OPEN,2,186,186,G,49.0,7,255.0,96.55,0.04,7,ACTIVATED
5605,AW7649,OSL - CDG,2025-02-06 18:40:00,2025-02-06 22:15:00,2024-11-25,-74,OPEN,2,189,190,N,40.0,9,316.0,112.15,0.05,9,ACTIVATED
2730,AW4639,VIE - CDG,2025-02-06 20:00:00,2025-02-06 22:10:00,2024-11-25,-73,CANCELLED,2,189,189,,,0,0.0,0.0,0.0,0,UNAVAILABLE
5700,AW3289,TLL - CDG,2025-02-06 20:45:00,2025-02-06 22:45:00,2024-11-25,-73,OPEN,2,186,191,A,67.0,10,677.0,447.0,0.05,10,SCHEDULED
6893,AW4630,CDG - VIE,2025-02-07 06:05:00,2025-02-07 08:15:00,2024-11-25,-74,OPEN,2,189,194,T,66.0,47,2944.0,1346.1,0.24,47,ACTIVATED
6611,AW3280,CDG - TLL,2025-02-07 07:05:00,2025-02-07 12:45:00,2024-11-25,-74,OPEN,2,186,190,T,102.0,32,2878.0,825.09,0.17,32,SCHEDULED
5606,AW7640,CDG - OSL,2025-02-07 07:20:00,2025-02-07 09:00:00,2024-11-25,-74,OPEN,2,186,189,G,56.0,9,498.0,192.75,0.05,9,ACTIVATED
6670,AW4631,VIE - CDG,2025-02-07 09:00:00,2025-02-07 11:10:00,2024-11-25,-74,OPEN,2,189,191,G,50.0,34,1811.0,1171.8,0.18,34,ACTIVATED
5784,AW7641,OSL - CDG,2025-02-07 09:40:00,2025-02-07 13:15:00,2024-11-25,-75,OPEN,2,186,188,N,40.0,11,462.0,213.29,0.06,11,ACTIVATED
7219,AW4634,CDG - VIE,2025-02-07 10:25:00,2025-02-07 12:35:00,2024-11-25,-74,OPEN,2,189,193,R,76.0,72,5845.87,3472.57,0.37,72,ACTIVATED
5928,AW7644,CDG - OSL,2025-02-07 11:30:00,2025-02-07 13:10:00,2024-11-25,-74,OPEN,2,186,188,T,63.0,13,1185.0,715.84,0.07,13,ACTIVATED
5983,AW3288,CDG - TLL,2025-02-07 12:20:00,2025-02-07 18:00:00,2024-11-25,-74,OPEN,2,189,193,T,102.0,14,1452.0,546.83,0.07,14,SCHEDULED
2732,AW7650,CDG - OSL,2025-02-07 13:15:00,2025-02-07 14:55:00,2024-11-25,-74,CANCELLED,2,189,189,,,0,0.0,0.0,0.0,0,UNAVAILABLE
5350,AW4635,VIE - CDG,2025-02-07 13:20:00,2025-02-07 15:30:00,2024-11-25,-74,OPEN,2,189,189,G,50.0,7,467.0,335.4,0.04,7,ACTIVATED
5982,AW3281,TLL - CDG,2025-02-07 13:40:00,2025-02-07 15:40:00,2024-11-25,-74,OPEN,2,186,189,N,75.0,14,1082.0,760.0,0.07,14,SCHEDULED
5701,AW7645,OSL - CDG,2025-02-07 13:50:00,2025-02-07 17:25:00,2024-11-25,-75,OPEN,2,186,188,N,40.0,10,332.0,105.18,0.05,10,ACTIVATED
2733,AW4636,CDG - VIE,2025-02-07 14:45:00,2025-02-07 16:55:00,2024-11-25,-74,CANCELLED,2,189,189,,,0,0.0,0.0,0.0,0,UNAVAILABLE
2735,AW7651,OSL - CDG,2025-02-07 15:35:00,2025-02-07 19:10:00,2024-11-25,-75,CANCELLED,2,189,189,,,0,0.0,0.0,0.0,0,UNAVAILABLE
5783,AW7646,CDG - OSL,2025-02-07 16:10:00,2025-02-07 17:50:00,2024-11-25,-74,OPEN,2,189,192,T,63.0,11,862.0,464.49,0.06,11,ACTIVATED
5349,AW7648,CDG - OSL,2025-02-07 16:20:00,2025-02-07 18:00:00,2024-11-25,-74,OPEN,2,189,189,X,81.0,7,452.0,197.79,0.04,7,ACTIVATED
2734,AW4637,VIE - CDG,2025-02-07 17:40:00,2025-02-07 19:50:00,2024-11-25,-74,CANCELLED,2,189,189,,,0,0.0,0.0,0.0,0,UNAVAILABLE
6908,AW4638,CDG - VIE,2025-02-07 17:45:00,2025-02-07 19:55:00,2024-11-25,-74,OPEN,2,189,194,X,87.0,48,3516.26,1769.18,0.25,48,ACTIVATED
5491,AW7647,OSL - CDG,2025-02-07 18:30:00,2025-02-07 22:05:00,2024-11-25,-75,OPEN,2,189,189,A,32.0,8,262.0,81.12,0.04,8,ACTIVATED
3970,AW7649,OSL - CDG,2025-02-07 18:40:00,2025-02-07 22:15:00,2024-11-25,-75,OPEN,2,189,189,A,32.0,1,115.0,92.39,0.01,1,ACTIVATED
5782,AW3289,TLL - CDG,2025-02-07 18:55:00,2025-02-07 20:55:00,2024-11-25,-74,OPEN,2,189,191,G,85.0,11,1428.0,1175.0,0.06,11,SCHEDULED
6303,AW4639,VIE - CDG,2025-02-07 20:40:00,2025-02-07 22:50:00,2024-11-25,-74,OPEN,2,189,190,R,66.0,21,1209.0,814.2,0.11,21,ACTIVATED
6643,AW4630,CDG - VIE,2025-02-08 06:00:00,2025-02-08 08:10:00,2024-11-25,-75,OPEN,2,189,192,X,87.0,33,2039.0,922.04,0.17,33,ACTIVATED
7185,AW4670,CDG - BUD,2025-02-08 06:20:00,2025-02-08 09:25:00,2024-11-25,-75,OPEN,2,189,126,I,193.0,70,7210.0,4894.61,0.56,70,SCHEDULED
7016,AW3282,CDG - TLL,2025-02-08 07:35:00,2025-02-08 13:15:00,2024-11-25,-75,OPEN,2,189,186,R,115.0,55,5230.0,1855.34,0.3,55,SCHEDULED
6304,AW7640,CDG - OSL,2025-02-08 07:35:00,2025-02-08 09:15:00,2024-11-25,-75,OPEN,2,189,190,R,71.0,21,1455.0,651.15,0.11,21,ACTIVATED
8433,AW4676,CDG - BUD,2025-02-08 07:45:00,2025-02-08 10:50:00,2024-11-25,-75,OPEN,2,189,189,I,193.0,131,14377.0,9941.55,0.69,131,SCHEDULED
5493,AW4631,VIE - CDG,2025-02-08 08:55:00,2025-02-08 11:05:00,2024-11-25,-75,OPEN,2,189,189,G,50.0,8,376.0,225.6,0.04,8,ACTIVATED
6812,AW4634,CDG - VIE,2025-02-08 09:35:00,2025-02-08 11:45:00,2024-11-25,-75,OPEN,2,189,191,X,87.0,42,2906.78,1429.61,0.22,42,ACTIVATED
5494,AW7641,OSL - CDG,2025-02-08 09:55:00,2025-02-08 13:30:00,2024-11-25,-76,OPEN,2,189,192,G,49.0,8,362.0,180.76,0.04,8,ACTIVATED
7257,AW4671,BUD - CDG,2025-02-08 10:10:00,2025-02-08 15:15:00,2024-11-25,-76,OPEN,2,189,141,R,56.0,75,3840.64,3104.14,0.53,75,DEACTIVATED
5492,AW7644,CDG - OSL,2025-02-08 11:35:00,2025-02-08 13:15:00,2024-11-25,-75,OPEN,2,186,187,R,71.0,8,667.0,387.27,0.04,8,ACTIVATED
7203,AW4677,BUD - CDG,2025-02-08 11:40:00,2025-02-08 16:45:00,2024-11-25,-76,OPEN,2,189,189,R,56.0,71,4085.1,3387.88,0.38,71,DEACTIVATED
5702,AW4635,VIE - CDG,2025-02-08 12:30:00,2025-02-08 14:40:00,2024-11-25,-75,OPEN,2,189,189,G,50.0,10,416.0,228.0,0.05,10,ACTIVATED
5929,AW7646,CDG - OSL,2025-02-08 12:45:00,2025-02-08 14:25:00,2024-11-25,-75,OPEN,2,189,189,R,71.0,13,844.0,333.62,0.07,13,ACTIVATED
6811,AW3280,CDG - TLL,2025-02-08 13:40:00,2025-02-08 19:20:00,2024-11-25,-75,OPEN,2,189,186,T,102.0,42,4063.0,1474.82,0.23,42,SCHEDULED
5607,AW7645,OSL - CDG,2025-02-08 13:55:00,2025-02-08 17:30:00,2024-11-25,-76,OPEN,2,186,186,G,49.0,9,279.0,74.61,0.05,9,ACTIVATED
6790,AW3283,TLL - CDG,2025-02-08 14:10:00,2025-02-08 16:10:00,2024-11-25,-75,OPEN,2,189,190,G,85.0,41,3840.0,2897.0,0.22,41,SCHEDULED
4877,AW7647,OSL - CDG,2025-02-08 15:05:00,2025-02-08 18:40:00,2024-11-25,-76,OPEN,2,189,189,A,32.0,4,128.0,37.2,0.02,4,ACTIVATED
4606,AW7648,CDG - OSL,2025-02-08 16:20:00,2025-02-08 18:00:00,2024-11-25,-75,OPEN,2,186,186,X,81.0,3,189.0,71.22,0.02,3,ACTIVATED
2736,AW4638,CDG - VIE,2025-02-08 17:45:00,2025-02-08 19:55:00,2024-11-25,-75,CANCELLED,2,189,189,,,0,0.0,0.0,0.0,0,UNAVAILABLE
4386,AW7649,OSL - CDG,2025-02-08 18:40:00,2025-02-08 22:15:00,2024-11-25,-76,OPEN,2,186,186,N,40.0,2,98.0,52.42,0.01,2,ACTIVATED
6419,AW3281,TLL - CDG,2025-02-08 20:15:00,2025-02-08 22:15:00,2024-11-25,-75,OPEN,2,189,190,R,109.0,25,3515.0,2940.0,0.13,25,SCHEDULED
2737,AW4639,VIE - CDG,2025-02-08 20:40:00,2025-02-08 22:50:00,2024-11-25,-75,CANCELLED,2,189,189,,,0,0.0,0.0,0.0,0,UNAVAILABLE
7049,AW4630,CDG - VIE,2025-02-09 06:05:00,2025-02-09 08:15:00,2024-11-25,-76,OPEN,2,189,192,T,66.0,58,3753.0,1757.59,0.3,58,ACTIVATED
8403,AW4670,CDG - BUD,2025-02-09 06:45:00,2025-02-09 09:50:00,2024-11-25,-76,OPEN,2,186,187,M,170.0,130,12685.78,8399.51,0.7,130,SCHEDULED
6687,AW3280,CDG - TLL,2025-02-09 07:00:00,2025-02-09 12:40:00,2024-11-25,-76,OPEN,2,186,191,G,92.0,35,3090.0,853.29,0.18,35,SCHEDULED
2739,AW4634,CDG - VIE,2025-02-09 07:45:00,2025-02-09 09:55:00,2024-11-25,-76,CANCELLED,2,189,189,,,0,0.0,0.0,0.0,0,UNAVAILABLE
5785,AW4631,VIE - CDG,2025-02-09 09:00:00,2025-02-09 11:10:00,2024-11-25,-76,OPEN,2,189,191,R,66.0,11,473.0,266.2,0.06,11,ACTIVATED
6385,AW4671,BUD - CDG,2025-02-09 10:35:00,2025-02-09 15:40:00,2024-11-25,-77,OPEN,2,186,187,H,138.0,24,3636.1,3400.42,0.13,24,DEACTIVATED
5495,AW7642,CDG - OSL,2025-02-09 10:35:00,2025-02-09 12:15:00,2024-11-25,-76,OPEN,2,189,192,R,71.0,8,679.0,399.27,0.04,8,ACTIVATED
2740,AW4635,VIE - CDG,2025-02-09 10:40:00,2025-02-09 12:50:00,2024-11-25,-76,CANCELLED,2,189,189,,,0,0.0,0.0,0.0,0,UNAVAILABLE
2741,AW4636,CDG - VIE,2025-02-09 11:15:00,2025-02-09 13:25:00,2024-11-25,-76,CANCELLED,2,189,189,,,0,0.0,0.0,0.0,0,UNAVAILABLE
2738,AW7646,CDG - OSL,2025-02-09 11:35:00,2025-02-09 13:15:00,2024-11-25,-76,OPEN,2,186,186,R,71.0,0,0.0,0.0,0.0,0,ACTIVATED
4387,AW7643,OSL - CDG,2025-02-09 12:55:00,2025-02-09 16:30:00,2024-11-25,-77,OPEN,2,189,193,G,49.0,2,150.0,104.6,0.01,2,ACTIVATED
5066,AW7644,CDG - OSL,2025-02-09 13:20:00,2025-02-09 15:00:00,2024-11-25,-76,OPEN,2,189,192,X,81.0,5,404.0,228.31,0.03,5,ACTIVATED
6100,AW3281,TLL - CDG,2025-02-09 13:35:00,2025-02-09 15:35:00,2024-11-25,-76,OPEN,2,186,189,G,85.0,16,1476.0,1108.0,0.08,16,SCHEDULED
4878,AW7647,OSL - CDG,2025-02-09 13:55:00,2025-02-09 17:30:00,2024-11-25,-77,OPEN,2,186,189,T,59.0,4,382.0,291.2,0.02,4,ACTIVATED
2742,AW4637,VIE - CDG,2025-02-09 14:10:00,2025-02-09 16:20:00,2024-11-25,-76,CANCELLED,2,189,189,,,0,0.0,0.0,0.0,0,UNAVAILABLE
7040,AW3288,CDG - TLL,2025-02-09 14:10:00,2025-02-09 19:50:00,2024-11-25,-76,OPEN,2,186,194,R,115.0,57,6065.0,2542.84,0.29,57,SCHEDULED
5067,AW7645,OSL - CDG,2025-02-09 15:40:00,2025-02-09 19:15:00,2024-11-25,-77,OPEN,2,189,193,T,59.0,5,285.0,171.41,0.03,5,ACTIVATED
5863,AW7648,CDG - OSL,2025-02-09 16:20:00,2025-02-09 18:00:00,2024-11-25,-76,OPEN,2,186,189,X,81.0,12,1153.0,743.71,0.06,12,ACTIVATED
7278,AW4638,CDG - VIE,2025-02-09 16:30:00,2025-02-09 18:40:00,2024-11-25,-76,OPEN,2,186,193,R,76.0,77,4927.0,2185.65,0.4,77,ACTIVATED
7051,AW7649,OSL - CDG,2025-02-09 18:40:00,2025-02-09 22:15:00,2024-11-25,-77,OPEN,2,186,190,X,85.0,58,3543.0,2222.62,0.31,58,ACTIVATED
7050,AW4639,VIE - CDG,2025-02-09 19:25:00,2025-02-09 21:35:00,2024-11-25,-76,OPEN,2,186,191,X,77.0,58,3915.8,2825.4,0.3,58,ACTIVATED
6334,AW3289,TLL - CDG,2025-02-09 20:45:00,2025-02-09 22:45:00,2024-11-25,-76,OPEN,2,186,192,T,96.0,22,2193.0,1687.0,0.11,22,SCHEDULED
7240,AW4630,CDG - VIE,2025-02-10 06:05:00,2025-02-10 08:15:00,2024-11-25,-77,OPEN,2,186,189,R,76.0,74,6162.01,3758.28,0.39,74,ACTIVATED
7085,AW3280,CDG - TLL,2025-02-10 06:20:00,2025-02-10 12:00:00,2024-11-25,-77,OPEN,2,186,188,T,102.0,61,6468.2,2838.29,0.32,61,SCHEDULED
5496,AW7640,CDG - OSL,2025-02-10 07:25:00,2025-02-10 09:05:00,2024-11-25,-77,OPEN,2,189,189,R,71.0,8,448.0,175.14,0.04,8,ACTIVATED
6671,AW4631,VIE - CDG,2025-02-10 09:00:00,2025-02-10 11:10:00,2024-11-25,-77,OPEN,2,186,188,G,50.0,34,1634.0,994.8,0.18,34,ACTIVATED
5351,AW7641,OSL - CDG,2025-02-10 09:45:00,2025-02-10 13:20:00,2024-11-25,-78,OPEN,2,189,186,G,49.0,7,226.0,67.19,0.04,7,ACTIVATED
6942,AW4634,CDG - VIE,2025-02-10 10:25:00,2025-02-10 12:35:00,2024-11-25,-77,OPEN,2,189,191,G,59.0,50,3425.92,1765.2,0.26,50,ACTIVATED
6585,AW7644,CDG - OSL,2025-02-10 11:35:00,2025-02-10 13:15:00,2024-11-25,-77,OPEN,2,189,192,G,56.0,31,2129.0,1069.95,0.16,31,ACTIVATED
5219,AW7646,CDG - OSL,2025-02-10 12:40:00,2025-02-10 14:20:00,2024-11-25,-77,OPEN,2,189,189,G,56.0,6,378.0,142.44,0.03,6,ACTIVATED
6791,AW3281,TLL - CDG,2025-02-10 12:55:00,2025-02-10 14:55:00,2024-11-25,-77,OPEN,2,186,190,A,67.0,41,2934.0,1991.0,0.22,41,SCHEDULED
6700,AW3288,CDG - TLL,2025-02-10 13:10:00,2025-02-10 18:50:00,2024-11-25,-77,OPEN,2,186,192,G,92.0,36,3290.77,1032.74,0.19,36,SCHEDULED
6792,AW4635,VIE - CDG,2025-02-10 13:20:00,2025-02-10 15:30:00,2024-11-25,-77,OPEN,2,189,190,G,50.0,41,1814.6,1043.8,0.22,41,ACTIVATED
5786,AW7645,OSL - CDG,2025-02-10 13:55:00,2025-02-10 17:30:00,2024-11-25,-78,OPEN,2,189,192,G,49.0,11,417.0,167.75,0.06,11,ACTIVATED
6335,AW4636,CDG - VIE,2025-02-10 14:45:00,2025-02-10 16:55:00,2024-11-25,-77,OPEN,2,189,189,T,66.0,22,993.0,184.24,0.12,22,ACTIVATED
6420,AW7647,OSL - CDG,2025-02-10 15:00:00,2025-02-10 18:35:00,2024-11-25,-78,OPEN,2,189,189,T,59.0,25,786.0,218.59,0.13,25,ACTIVATED
4879,AW7650,CDG - OSL,2025-02-10 15:35:00,2025-02-10 17:15:00,2024-11-25,-77,OPEN,2,189,192,G,56.0,4,217.0,66.83,0.02,4,ACTIVATED
5220,AW7648,CDG - OSL,2025-02-10 16:20:00,2025-02-10 18:00:00,2024-11-25,-77,OPEN,2,189,189,G,56.0,6,352.0,137.05,0.03,6,ACTIVATED
6305,AW4638,CDG - VIE,2025-02-10 17:25:00,2025-02-10 19:35:00,2024-11-25,-77,OPEN,2,186,188,N,52.0,21,1190.0,454.85,0.11,21,ACTIVATED
6701,AW4637,VIE - CDG,2025-02-10 17:40:00,2025-02-10 19:50:00,2024-11-25,-77,OPEN,2,189,191,A,38.0,36,1764.0,1087.2,0.19,36,ACTIVATED
5608,AW7651,OSL - CDG,2025-02-10 17:55:00,2025-02-10 21:30:00,2024-11-25,-78,OPEN,2,189,192,G,49.0,9,568.0,363.79,0.05,9,ACTIVATED
5068,AW7649,OSL - CDG,2025-02-10 18:40:00,2025-02-10 22:15:00,2024-11-25,-78,OPEN,2,189,189,N,40.0,5,160.0,46.95,0.03,5,ACTIVATED
6829,AW3289,TLL - CDG,2025-02-10 19:45:00,2025-02-10 21:45:00,2024-11-25,-77,OPEN,2,186,193,A,67.0,43,3130.0,2141.0,0.22,43,SCHEDULED
6702,AW4639,VIE - CDG,2025-02-10 20:20:00,2025-02-10 22:30:00,2024-11-25,-77,OPEN,2,186,188,A,38.0,36,1680.0,1003.2,0.19,36,ACTIVATED
6558,AW3280,CDG - TLL,2025-02-11 07:15:00,2025-02-11 12:55:00,2024-11-25,-78,OPEN,2,186,191,G,92.0,30,2642.0,744.08,0.16,30,SCHEDULED
7093,AW7640,CDG - OSL,2025-02-11 07:25:00,2025-02-11 09:05:00,2024-11-25,-78,OPEN,2,186,186,L,91.0,62,5025.1,3016.92,0.33,62,ACTIVATED
5221,AW7641,OSL - CDG,2025-02-11 09:45:00,2025-02-11 13:20:00,2024-11-25,-79,OPEN,2,186,186,N,40.0,6,288.0,151.98,0.03,6,ACTIVATED
5703,AW7644,CDG - OSL,2025-02-11 11:35:00,2025-02-11 13:15:00,2024-11-25,-78,OPEN,2,186,190,G,56.0,10,616.0,264.62,0.05,10,ACTIVATED
5930,AW4634,CDG - VIE,2025-02-11 11:55:00,2025-02-11 14:05:00,2024-11-25,-78,OPEN,2,186,188,N,52.0,13,734.0,264.84,0.07,13,ACTIVATED
6194,AW7646,CDG - OSL,2025-02-11 13:00:00,2025-02-11 14:40:00,2024-11-25,-78,OPEN,2,189,189,T,63.0,18,735.0,28.32,0.1,18,ACTIVATED
6386,AW3281,TLL - CDG,2025-02-11 13:50:00,2025-02-11 15:50:00,2024-11-25,-78,OPEN,2,186,189,N,75.0,24,1495.0,943.0,0.13,24,SCHEDULED
4880,AW7645,OSL - CDG,2025-02-11 13:55:00,2025-02-11 17:30:00,2024-11-25,-79,OPEN,2,186,186,A,32.0,4,128.0,37.56,0.02,4,ACTIVATED
6230,AW3288,CDG - TLL,2025-02-11 14:05:00,2025-02-11 19:45:00,2024-11-25,-78,OPEN,2,186,191,G,92.0,19,1806.0,636.94,0.1,19,SCHEDULED
6046,AW4635,VIE - CDG,2025-02-11 14:50:00,2025-02-11 17:00:00,2024-11-25,-78,OPEN,2,186,189,N,44.0,15,750.0,468.0,0.08,15,ACTIVATED
4388,AW7647,OSL - CDG,2025-02-11 15:20:00,2025-02-11 18:55:00,2024-11-25,-79,OPEN,2,189,189,A,32.0,2,60.0,14.42,0.01,2,ACTIVATED
5787,AW7648,CDG - OSL,2025-02-11 16:20:00,2025-02-11 18:00:00,2024-11-25,-78,OPEN,2,189,189,G,56.0,11,661.0,249.75,0.06,11,ACTIVATED
5864,AW4636,CDG - VIE,2025-02-11 17:25:00,2025-02-11 19:35:00,2024-11-25,-78,OPEN,2,189,189,N,52.0,12,579.0,121.62,0.06,12,ACTIVATED
5353,AW7649,OSL - CDG,2025-02-11 18:40:00,2025-02-11 22:15:00,2024-11-25,-79,OPEN,2,189,187,A,32.0,7,289.0,130.73,0.04,7,ACTIVATED
5352,AW4637,VIE - CDG,2025-02-11 20:20:00,2025-02-11 22:30:00,2024-11-25,-78,OPEN,2,189,189,N,44.0,7,268.0,136.4,0.04,7,ACTIVATED
6270,AW3289,TLL - CDG,2025-02-11 20:40:00,2025-02-11 22:40:00,2024-11-25,-78,OPEN,2,186,189,G,85.0,20,1544.0,1084.0,0.11,20,SCHEDULED
4883,AW4634,CDG - VIE,2025-02-12 07:00:00,2025-02-12 09:05:00,2024-11-25,-79,OPEN,2,189,189,N,52.0,4,218.0,81.57,0.02,4,ACTIVATED
6153,AW3280,CDG - TLL,2025-02-12 07:20:00,2025-02-12 13:00:00,2024-11-25,-79,OPEN,2,186,191,T,102.0,17,1862.0,750.56,0.09,17,SCHEDULED
5222,AW7640,CDG - OSL,2025-02-12 07:25:00,2025-02-12 09:05:00,2024-11-25,-79,OPEN,2,186,186,N,50.0,6,322.0,113.92,0.03,6,ACTIVATED
4607,AW7641,OSL - CDG,2025-02-12 09:45:00,2025-02-12 13:20:00,2024-11-25,-80,OPEN,2,186,188,A,32.0,3,110.0,41.99,0.02,3,ACTIVATED
5610,AW4635,VIE - CDG,2025-02-12 09:50:00,2025-02-12 12:00:00,2024-11-25,-79,OPEN,2,189,189,G,50.0,9,352.8,183.6,0.05,9,ACTIVATED
5223,AW7644,CDG - OSL,2025-02-12 11:30:00,2025-02-12 13:10:00,2024-11-25,-79,OPEN,2,189,188,N,50.0,6,351.0,129.18,0.03,6,ACTIVATED
5069,AW3288,CDG - TLL,2025-02-12 12:30:00,2025-02-12 18:10:00,2024-11-25,-79,OPEN,2,186,191,T,102.0,5,641.0,332.17,0.03,5,SCHEDULED
5224,AW7646,CDG - OSL,2025-02-12 12:50:00,2025-02-12 14:30:00,2024-11-25,-79,OPEN,2,189,186,N,50.0,6,330.0,94.44,0.03,6,ACTIVATED
4884,AW7645,OSL - CDG,2025-02-12 13:50:00,2025-02-12 17:25:00,2024-11-25,-80,OPEN,2,189,186,N,40.0,4,125.0,34.38,0.02,4,ACTIVATED
6197,AW4638,CDG - VIE,2025-02-12 13:55:00,2025-02-12 16:05:00,2024-11-25,-79,OPEN,2,189,192,N,52.0,18,896.0,264.89,0.09,18,ACTIVATED
6195,AW3281,TLL - CDG,2025-02-12 13:55:00,2025-02-12 15:55:00,2024-11-25,-79,OPEN,2,186,190,N,75.0,18,1497.0,1083.0,0.09,18,SCHEDULED
4885,AW7647,OSL - CDG,2025-02-12 15:10:00,2025-02-12 18:45:00,2024-11-25,-80,OPEN,2,189,186,N,40.0,4,120.0,28.84,0.02,4,ACTIVATED
4881,AW7648,CDG - OSL,2025-02-12 16:20:00,2025-02-12 18:00:00,2024-11-25,-79,OPEN,2,189,192,T,63.0,4,234.0,90.7,0.02,4,ACTIVATED
5609,AW4630,CDG - VIE,2025-02-12 16:20:00,2025-02-12 18:30:00,2024-11-25,-79,OPEN,2,189,189,N,52.0,9,408.0,61.53,0.05,9,ACTIVATED
5497,AW4639,VIE - CDG,2025-02-12 16:50:00,2025-02-12 19:00:00,2024-11-25,-79,OPEN,2,189,191,A,38.0,8,341.0,190.6,0.04,8,ACTIVATED
5498,AW7649,OSL - CDG,2025-02-12 18:40:00,2025-02-12 22:15:00,2024-11-25,-80,OPEN,2,189,189,A,32.0,8,482.0,300.4,0.04,8,ACTIVATED
6196,AW3289,TLL - CDG,2025-02-12 19:05:00,2025-02-12 21:05:00,2024-11-25,-79,OPEN,2,186,190,N,75.0,18,1225.0,811.0,0.09,18,SCHEDULED
4882,AW4631,VIE - CDG,2025-02-12 19:15:00,2025-02-12 21:25:00,2024-11-25,-79,OPEN,2,189,192,A,38.0,4,176.0,100.8,0.02,4,ACTIVATED
6793,AW4630,CDG - VIE,2025-02-13 06:05:00,2025-02-13 08:15:00,2024-11-25,-80,OPEN,2,186,186,T,66.0,41,2170.08,574.16,0.22,41,ACTIVATED
6231,AW3280,CDG - TLL,2025-02-13 07:00:00,2025-02-13 12:40:00,2024-11-25,-80,OPEN,2,186,192,R,115.0,19,1993.0,749.04,0.1,19,SCHEDULED
5611,AW7640,CDG - OSL,2025-02-13 07:25:00,2025-02-13 09:05:00,2024-11-25,-80,OPEN,2,186,188,N,50.0,9,645.0,353.49,0.05,9,ACTIVATED
6612,AW4631,VIE - CDG,2025-02-13 09:00:00,2025-02-13 11:10:00,2024-11-25,-80,OPEN,2,186,188,T,57.0,32,1369.0,767.4,0.17,32,ACTIVATED
5931,AW7641,OSL - CDG,2025-02-13 09:45:00,2025-02-13 13:20:00,2024-11-25,-81,OPEN,2,186,189,A,32.0,13,475.0,180.71,0.07,13,ACTIVATED
6722,AW4634,CDG - VIE,2025-02-13 11:55:00,2025-02-13 14:05:00,2024-11-25,-80,OPEN,2,189,190,T,66.0,37,2442.0,1126.78,0.19,37,ACTIVATED
5984,AW7646,CDG - OSL,2025-02-13 12:20:00,2025-02-13 14:00:00,2024-11-25,-80,OPEN,2,189,191,X,81.0,14,879.0,377.45,0.07,14,ACTIVATED
5704,AW3281,TLL - CDG,2025-02-13 13:35:00,2025-02-13 15:35:00,2024-11-25,-80,OPEN,2,186,194,G,85.0,10,850.0,620.0,0.05,10,SCHEDULED
6198,AW3288,CDG - TLL,2025-02-13 14:10:00,2025-02-13 19:50:00,2024-11-25,-80,OPEN,2,186,189,T,102.0,18,1854.29,684.08,0.1,18,SCHEDULED
6451,AW7647,OSL - CDG,2025-02-13 14:35:00,2025-02-13 18:10:00,2024-11-25,-81,OPEN,2,189,191,A,32.0,26,1191.0,603.14,0.14,26,ACTIVATED
6154,AW4635,VIE - CDG,2025-02-13 14:50:00,2025-02-13 17:00:00,2024-11-25,-80,OPEN,2,189,189,N,44.0,17,764.0,444.4,0.09,17,ACTIVATED
5225,AW7656,CDG - OSL,2025-02-13 15:30:00,2025-02-13 17:10:00,2024-11-25,-80,OPEN,2,189,186,T,63.0,6,426.0,217.92,0.03,6,ACTIVATED
5070,AW7648,CDG - OSL,2025-02-13 16:25:00,2025-02-13 18:05:00,2024-11-25,-80,OPEN,2,189,186,G,56.0,5,295.0,98.7,0.03,5,ACTIVATED
6336,AW4638,CDG - VIE,2025-02-13 17:05:00,2025-02-13 19:15:00,2024-11-25,-80,OPEN,2,189,193,G,59.0,22,1361.0,531.63,0.11,22,ACTIVATED
2751,AW7657,OSL - CDG,2025-02-13 17:50:00,2025-02-13 21:25:00,2024-11-25,-81,OPEN,2,189,186,A,32.0,0,0.0,0.0,0.0,0,ACTIVATED
2750,AW7649,OSL - CDG,2025-02-13 18:40:00,2025-02-13 22:15:00,2024-11-25,-81,OPEN,2,189,186,A,32.0,0,0.0,0.0,0.0,0,ACTIVATED
8343,AW4639,VIE - CDG,2025-02-13 20:00:00,2025-02-13 22:10:00,2024-11-25,-80,OPEN,2,189,191,H,143.0,128,10907.04,8500.64,0.67,128,ACTIVATED
6232,AW3289,TLL - CDG,2025-02-13 20:45:00,2025-02-13 22:45:00,2024-11-25,-80,OPEN,2,186,190,N,75.0,19,1431.0,994.0,0.1,19,SCHEDULED
5071,AW4630,CDG - VIE,2025-02-14 06:05:00,2025-02-14 08:15:00,2024-11-25,-81,OPEN,2,189,189,L,98.0,5,350.0,153.7,0.03,5,ACTIVATED
6233,AW3280,CDG - TLL,2025-02-14 07:05:00,2025-02-14 12:45:00,2024-11-25,-81,OPEN,2,186,189,R,115.0,19,2273.0,1044.02,0.1,19,SCHEDULED
5865,AW7640,CDG - OSL,2025-02-14 07:20:00,2025-02-14 09:00:00,2024-11-25,-81,OPEN,2,189,189,X,81.0,12,918.0,460.62,0.06,12,ACTIVATED
6688,AW4631,VIE - CDG,2025-02-14 09:00:00,2025-02-14 11:10:00,2024-11-25,-81,OPEN,2,189,191,G,50.0,35,1610.0,952.0,0.18,35,ACTIVATED
5613,AW7641,OSL - CDG,2025-02-14 09:40:00,2025-02-14 13:15:00,2024-11-25,-82,OPEN,2,189,188,N,40.0,9,347.0,142.79,0.05,9,ACTIVATED
6101,AW4634,CDG - VIE,2025-02-14 10:25:00,2025-02-14 12:35:00,2024-11-25,-81,OPEN,2,189,193,L,98.0,16,1693.0,1140.41,0.08,16,ACTIVATED
6421,AW7644,CDG - OSL,2025-02-14 11:30:00,2025-02-14 13:10:00,2024-11-25,-81,OPEN,2,186,189,X,81.0,25,1873.0,932.72,0.13,25,ACTIVATED
6473,AW3288,CDG - TLL,2025-02-14 12:20:00,2025-02-14 18:00:00,2024-11-25,-81,OPEN,2,189,192,X,130.0,27,3476.0,1701.96,0.14,27,SCHEDULED
6048,AW4670,CDG - BUD,2025-02-14 13:00:00,2025-02-14 16:05:00,2024-11-25,-81,OPEN,2,189,189,H,149.0,15,2095.0,1506.1,0.08,15,SCHEDULED
5499,AW7650,CDG - OSL,2025-02-14 13:15:00,2025-02-14 14:55:00,2024-11-25,-81,OPEN,2,189,192,R,71.0,8,641.39,354.79,0.04,8,ACTIVATED
6777,AW4635,VIE - CDG,2025-02-14 13:20:00,2025-02-14 15:30:00,2024-11-25,-81,OPEN,2,189,190,N,44.0,40,2604.15,1852.15,0.21,40,ACTIVATED
5612,AW3281,TLL - CDG,2025-02-14 13:40:00,2025-02-14 15:40:00,2024-11-25,-81,OPEN,2,186,186,G,85.0,9,755.0,548.0,0.05,9,SCHEDULED
5788,AW7645,OSL - CDG,2025-02-14 13:50:00,2025-02-14 17:25:00,2024-11-25,-82,OPEN,2,186,188,A,32.0,11,403.0,153.93,0.06,11,ACTIVATED
2753,AW4636,CDG - VIE,2025-02-14 14:45:00,2025-02-14 16:55:00,2024-11-25,-81,CANCELLED,2,189,189,,,0,0.0,0.0,0.0,0,UNAVAILABLE
4609,AW7651,OSL - CDG,2025-02-14 15:35:00,2025-02-14 19:10:00,2024-11-25,-82,OPEN,2,189,189,G,49.0,3,96.0,28.17,0.02,3,ACTIVATED
4608,AW7646,CDG - OSL,2025-02-14 16:10:00,2025-02-14 17:50:00,2024-11-25,-81,OPEN,2,189,189,R,71.0,3,226.0,115.09,0.02,3,ACTIVATED
6050,AW7648,CDG - OSL,2025-02-14 16:20:00,2025-02-14 18:00:00,2024-11-25,-81,OPEN,2,189,189,X,81.0,15,993.0,404.1,0.08,15,ACTIVATED
2754,AW4671,BUD - CDG,2025-02-14 16:50:00,2025-02-14 21:55:00,2024-11-25,-82,OPEN,2,189,189,T,49.0,0,0.0,0.0,0.0,0,DEACTIVATED
2752,AW4637,VIE - CDG,2025-02-14 17:40:00,2025-02-14 19:50:00,2024-11-25,-81,CANCELLED,2,189,189,,,0,0.0,0.0,0.0,0,UNAVAILABLE
6049,AW4638,CDG - VIE,2025-02-14 17:45:00,2025-02-14 19:55:00,2024-11-25,-81,OPEN,2,186,193,L,98.0,15,1320.0,786.06,0.08,15,ACTIVATED
5072,AW7647,OSL - CDG,2025-02-14 18:30:00,2025-02-14 22:05:00,2024-11-25,-82,OPEN,2,189,189,N,40.0,5,156.0,42.59,0.03,5,ACTIVATED
7094,AW7649,OSL - CDG,2025-02-14 18:40:00,2025-02-14 22:15:00,2024-11-25,-82,OPEN,2,189,189,X,85.0,62,3496.18,2094.36,0.33,62,ACTIVATED
6992,AW3289,TLL - CDG,2025-02-14 18:55:00,2025-02-14 20:55:00,2024-11-25,-81,OPEN,2,189,190,T,96.0,53,5656.92,4437.92,0.28,53,SCHEDULED
6047,AW4639,VIE - CDG,2025-02-14 20:40:00,2025-02-14 22:50:00,2024-11-25,-81,OPEN,2,186,191,N,44.0,15,775.0,493.0,0.08,15,ACTIVATED
5614,AW4630,CDG - VIE,2025-02-15 06:00:00,2025-02-15 08:10:00,2024-11-25,-82,OPEN,2,189,191,X,87.0,9,902.0,596.75,0.05,9,ACTIVATED
7403,AW4670,CDG - BUD,2025-02-15 06:20:00,2025-02-15 09:25:00,2024-11-25,-82,OPEN,2,186,126,J,357.0,87,15350.56,12512.02,0.69,87,SCHEDULED
6613,AW3282,CDG - TLL,2025-02-15 07:35:00,2025-02-15 13:15:00,2024-11-25,-82,OPEN,2,186,186,K,160.0,32,5095.52,3057.59,0.17,32,SCHEDULED
6644,AW7640,CDG - OSL,2025-02-15 07:35:00,2025-02-15 09:15:00,2024-11-25,-82,OPEN,2,189,190,K,103.0,33,3209.0,1940.9,0.17,33,ACTIVATED
7561,AW4676,CDG - BUD,2025-02-15 07:45:00,2025-02-15 10:50:00,2024-11-25,-82,OPEN,2,189,119,J,357.0,98,18475.17,15204.77,0.82,98,SCHEDULED
5985,AW4631,VIE - CDG,2025-02-15 08:55:00,2025-02-15 11:05:00,2024-11-25,-82,OPEN,2,189,191,N,44.0,14,642.0,378.8,0.07,14,ACTIVATED
6614,AW4634,CDG - VIE,2025-02-15 09:35:00,2025-02-15 11:45:00,2024-11-25,-82,OPEN,2,189,191,L,98.0,32,3496.0,2411.43,0.17,32,ACTIVATED
4610,AW7641,OSL - CDG,2025-02-15 09:55:00,2025-02-15 13:30:00,2024-11-25,-83,OPEN,2,189,189,N,40.0,3,113.0,45.17,0.02,3,ACTIVATED
7160,AW4671,BUD - CDG,2025-02-15 10:10:00,2025-02-15 15:15:00,2024-11-25,-83,OPEN,2,186,126,L,75.0,68,5401.64,4733.88,0.54,68,DEACTIVATED
6757,AW7644,CDG - OSL,2025-02-15 11:35:00,2025-02-15 13:15:00,2024-11-25,-82,OPEN,2,189,186,V,116.0,39,3994.0,2586.52,0.21,39,ACTIVATED
8243,AW4677,BUD - CDG,2025-02-15 11:40:00,2025-02-15 16:45:00,2024-11-25,-83,OPEN,2,189,189,L,75.0,125,10206.0,8978.5,0.66,125,DEACTIVATED
5705,AW4635,VIE - CDG,2025-02-15 12:30:00,2025-02-15 14:40:00,2024-11-25,-82,OPEN,2,189,191,N,44.0,10,476.0,288.0,0.05,10,ACTIVATED
6051,AW7646,CDG - OSL,2025-02-15 12:45:00,2025-02-15 14:25:00,2024-11-25,-82,OPEN,2,189,189,K,103.0,15,1334.78,787.1,0.08,15,ACTIVATED
7125,AW3284,CDG - TLL,2025-02-15 12:50:00,2025-02-15 18:30:00,2024-11-25,-82,OPEN,2,186,186,L,144.0,65,7741.0,3434.1,0.35,65,SCHEDULED
5706,AW3280,CDG - TLL,2025-02-15 13:40:00,2025-02-15 19:20:00,2024-11-25,-82,OPEN,2,186,186,K,160.0,10,1648.0,1015.36,0.05,10,SCHEDULED
5707,AW7645,OSL - CDG,2025-02-15 13:55:00,2025-02-15 17:30:00,2024-11-25,-83,OPEN,2,189,188,T,59.0,10,500.0,273.9,0.05,10,ACTIVATED
6271,AW3283,TLL - CDG,2025-02-15 14:10:00,2025-02-15 16:10:00,2024-11-25,-82,OPEN,2,186,190,T,96.0,20,1796.0,1336.0,0.11,20,SCHEDULED
5866,AW7647,OSL - CDG,2025-02-15 15:05:00,2025-02-15 18:40:00,2024-11-25,-83,OPEN,2,189,191,G,49.0,12,460.0,187.96,0.06,12,ACTIVATED
6645,AW7648,CDG - OSL,2025-02-15 16:20:00,2025-02-15 18:00:00,2024-11-25,-82,OPEN,2,186,186,X,81.0,33,2639.52,1385.16,0.18,33,ACTIVATED
6306,AW4638,CDG - VIE,2025-02-15 17:45:00,2025-02-15 19:55:00,2024-11-25,-82,OPEN,2,189,191,K,110.0,21,1889.0,1126.37,0.11,21,ACTIVATED
5500,AW7649,OSL - CDG,2025-02-15 18:40:00,2025-02-15 22:15:00,2024-11-25,-83,OPEN,2,186,188,G,49.0,8,498.0,317.12,0.04,8,ACTIVATED
6102,AW3285,TLL - CDG,2025-02-15 19:25:00,2025-02-15 21:25:00,2024-11-25,-82,OPEN,2,186,186,G,85.0,16,1186.0,818.0,0.09,16,SCHEDULED
6703,AW3281,TLL - CDG,2025-02-15 20:15:00,2025-02-15 22:15:00,2024-11-25,-82,OPEN,2,186,190,N,75.0,36,3006.0,2178.0,0.19,36,SCHEDULED
5226,AW4639,VIE - CDG,2025-02-15 20:40:00,2025-02-15 22:50:00,2024-11-25,-82,OPEN,2,189,191,G,50.0,6,255.0,142.2,0.03,6,ACTIVATED
5932,AW4630,CDG - VIE,2025-02-16 06:05:00,2025-02-16 08:15:00,2024-11-25,-83,OPEN,2,189,192,T,66.0,13,1482.0,1060.93,0.07,13,ACTIVATED
6944,AW4670,CDG - BUD,2025-02-16 06:45:00,2025-02-16 09:50:00,2024-11-25,-83,OPEN,2,189,186,S,318.0,50,13040.0,11248.75,0.27,50,SCHEDULED
6744,AW3280,CDG - TLL,2025-02-16 07:00:00,2025-02-16 12:40:00,2024-11-25,-83,OPEN,2,189,190,X,130.0,38,5099.0,2738.41,0.2,38,SCHEDULED
2755,AW4634,CDG - VIE,2025-02-16 07:45:00,2025-02-16 09:55:00,2024-11-25,-83,CANCELLED,2,189,189,,,0,0.0,0.0,0.0,0,UNAVAILABLE
5227,AW4631,VIE - CDG,2025-02-16 09:00:00,2025-02-16 11:10:00,2024-11-25,-83,OPEN,2,189,189,N,44.0,6,240.0,127.2,0.03,6,ACTIVATED
6422,AW7642,CDG - OSL,2025-02-16 10:35:00,2025-02-16 12:15:00,2024-11-25,-83,OPEN,2,189,189,L,91.0,25,2320.0,1400.33,0.13,25,ACTIVATED
7279,AW4671,BUD - CDG,2025-02-16 10:35:00,2025-02-16 15:40:00,2024-11-25,-84,OPEN,2,189,186,H,138.0,77,8268.46,7512.32,0.41,77,DEACTIVATED
2756,AW4635,VIE - CDG,2025-02-16 10:40:00,2025-02-16 12:50:00,2024-11-25,-83,CANCELLED,2,189,189,,,0,0.0,0.0,0.0,0,UNAVAILABLE
6363,AW4636,CDG - VIE,2025-02-16 11:15:00,2025-02-16 13:25:00,2024-11-25,-83,OPEN,2,189,192,L,98.0,23,2096.0,1323.55,0.12,23,ACTIVATED
7006,AW7646,CDG - OSL,2025-02-16 11:35:00,2025-02-16 13:15:00,2024-11-25,-83,OPEN,2,189,190,L,91.0,54,5468.78,3719.72,0.28,54,ACTIVATED
5228,AW7643,OSL - CDG,2025-02-16 12:55:00,2025-02-16 16:30:00,2024-11-25,-84,OPEN,2,189,193,T,59.0,6,269.0,133.34,0.03,6,ACTIVATED
6387,AW7644,CDG - OSL,2025-02-16 13:20:00,2025-02-16 15:00:00,2024-11-25,-83,OPEN,2,189,191,L,91.0,24,2185.0,1318.33,0.13,24,ACTIVATED
6778,AW3281,TLL - CDG,2025-02-16 13:35:00,2025-02-16 15:35:00,2024-11-25,-83,OPEN,2,189,188,G,85.0,40,3414.0,2494.0,0.21,40,SCHEDULED
6103,AW7647,OSL - CDG,2025-02-16 13:55:00,2025-02-16 17:30:00,2024-11-25,-84,OPEN,2,189,189,T,59.0,16,834.0,471.52,0.08,16,ACTIVATED
6534,AW4637,VIE - CDG,2025-02-16 14:10:00,2025-02-16 16:20:00,2024-11-25,-83,OPEN,2,189,191,G,50.0,29,1788.0,1242.8,0.15,29,ACTIVATED
6307,AW3288,CDG - TLL,2025-02-16 14:10:00,2025-02-16 19:50:00,2024-11-25,-83,OPEN,2,189,193,L,144.0,21,3466.0,2119.48,0.11,21,SCHEDULED
6234,AW7645,OSL - CDG,2025-02-16 15:40:00,2025-02-16 19:15:00,2024-11-25,-84,OPEN,2,189,192,R,72.0,19,1086.61,657.02,0.1,19,ACTIVATED
6423,AW7648,CDG - OSL,2025-02-16 16:20:00,2025-02-16 18:00:00,2024-11-25,-83,OPEN,2,186,188,X,81.0,25,2095.0,1140.98,0.13,25,ACTIVATED
6452,AW4638,CDG - VIE,2025-02-16 16:30:00,2025-02-16 18:40:00,2024-11-25,-83,OPEN,2,189,192,L,98.0,26,2017.0,1099.29,0.14,26,ACTIVATED
5501,AW7649,OSL - CDG,2025-02-16 18:40:00,2025-02-16 22:15:00,2024-11-25,-84,OPEN,2,186,188,R,72.0,8,595.22,414.34,0.04,8,ACTIVATED
6943,AW4639,VIE - CDG,2025-02-16 19:25:00,2025-02-16 21:35:00,2024-11-25,-83,OPEN,2,189,191,T,57.0,50,3677.0,2737.0,0.26,50,ACTIVATED
5615,AW3289,TLL - CDG,2025-02-16 20:45:00,2025-02-16 22:45:00,2024-11-25,-83,OPEN,2,189,191,T,96.0,9,666.0,459.0,0.05,9,SCHEDULED
5354,AW4630,CDG - VIE,2025-02-17 06:05:00,2025-02-17 08:15:00,2024-11-25,-84,OPEN,2,186,188,N,52.0,7,445.0,218.27,0.04,7,ACTIVATED
6646,AW3280,CDG - TLL,2025-02-17 06:20:00,2025-02-17 12:00:00,2024-11-25,-84,OPEN,2,189,188,R,115.0,33,4009.0,1927.28,0.18,33,SCHEDULED
6155,AW7640,CDG - OSL,2025-02-17 07:25:00,2025-02-17 09:05:00,2024-11-25,-84,OPEN,2,189,189,R,71.0,17,1261.0,621.06,0.09,17,ACTIVATED
6894,AW4631,VIE - CDG,2025-02-17 09:00:00,2025-02-17 11:10:00,2024-11-25,-84,OPEN,2,186,187,R,66.0,47,2659.85,1776.25,0.25,47,ACTIVATED
4389,AW7641,OSL - CDG,2025-02-17 09:45:00,2025-02-17 13:20:00,2024-11-25,-85,OPEN,2,189,186,A,32.0,2,98.0,52.78,0.01,2,ACTIVATED
6199,AW4634,CDG - VIE,2025-02-17 10:25:00,2025-02-17 12:35:00,2024-11-25,-84,OPEN,2,189,191,T,66.0,18,1366.0,700.54,0.09,18,ACTIVATED
6474,AW7644,CDG - OSL,2025-02-17 11:35:00,2025-02-17 13:15:00,2024-11-25,-84,OPEN,2,189,191,X,81.0,27,2255.0,1318.64,0.14,27,ACTIVATED
6156,AW7646,CDG - OSL,2025-02-17 12:40:00,2025-02-17 14:20:00,2024-11-25,-84,OPEN,2,189,189,L,91.0,17,1501.0,833.58,0.09,17,ACTIVATED
6723,AW3281,TLL - CDG,2025-02-17 12:55:00,2025-02-17 14:55:00,2024-11-25,-84,OPEN,2,189,189,N,75.0,37,2927.0,2076.0,0.2,37,SCHEDULED
6052,AW3288,CDG - TLL,2025-02-17 13:10:00,2025-02-17 18:50:00,2024-11-25,-84,OPEN,2,186,191,R,115.0,15,2153.0,1248.98,0.08,15,SCHEDULED
4886,AW4635,VIE - CDG,2025-02-17 13:20:00,2025-02-17 15:30:00,2024-11-25,-84,OPEN,2,189,190,T,57.0,4,182.0,106.8,0.02,4,ACTIVATED
6388,AW7645,OSL - CDG,2025-02-17 13:55:00,2025-02-17 17:30:00,2024-11-25,-85,OPEN,2,189,192,T,59.0,24,947.0,404.18,0.12,24,ACTIVATED
6053,AW4636,CDG - VIE,2025-02-17 14:45:00,2025-02-17 16:55:00,2024-11-25,-84,OPEN,2,189,191,N,52.0,15,965.0,382.97,0.08,15,ACTIVATED
5616,AW7647,OSL - CDG,2025-02-17 15:00:00,2025-02-17 18:35:00,2024-11-25,-85,OPEN,2,189,191,G,49.0,9,533.61,329.58,0.05,9,ACTIVATED
5073,AW7650,CDG - OSL,2025-02-17 15:35:00,2025-02-17 17:15:00,2024-11-25,-84,OPEN,2,189,190,R,71.0,5,511.0,335.31,0.03,5,ACTIVATED
5355,AW7648,CDG - OSL,2025-02-17 16:20:00,2025-02-17 18:00:00,2024-11-25,-84,OPEN,2,189,189,R,71.0,7,512.0,271.53,0.04,7,ACTIVATED
6200,AW4638,CDG - VIE,2025-02-17 17:25:00,2025-02-17 19:35:00,2024-11-25,-84,OPEN,2,186,186,G,59.0,18,1069.0,431.02,0.1,18,ACTIVATED
5789,AW4637,VIE - CDG,2025-02-17 17:40:00,2025-02-17 19:50:00,2024-11-25,-84,OPEN,2,189,191,X,77.0,11,684.0,477.2,0.06,11,ACTIVATED
4887,AW7651,OSL - CDG,2025-02-17 17:55:00,2025-02-17 21:30:00,2024-11-25,-85,OPEN,2,189,192,N,40.0,4,140.0,49.2,0.02,4,ACTIVATED
6308,AW7649,OSL - CDG,2025-02-17 18:40:00,2025-02-17 22:15:00,2024-11-25,-85,OPEN,2,189,191,T,59.0,21,882.0,406.47,0.11,21,ACTIVATED
6235,AW3289,TLL - CDG,2025-02-17 19:45:00,2025-02-17 21:45:00,2024-11-25,-84,OPEN,2,186,192,G,85.0,19,1400.0,963.0,0.1,19,SCHEDULED
5708,AW4639,VIE - CDG,2025-02-17 20:20:00,2025-02-17 22:30:00,2024-11-25,-84,OPEN,2,186,188,G,50.0,10,709.0,521.0,0.05,10,ACTIVATED
6724,AW3280,CDG - TLL,2025-02-18 07:15:00,2025-02-18 12:55:00,2024-11-25,-85,OPEN,2,186,190,R,115.0,37,4046.0,1706.73,0.19,37,SCHEDULED
5986,AW7640,CDG - OSL,2025-02-18 07:25:00,2025-02-18 09:05:00,2024-11-25,-85,OPEN,2,186,188,L,91.0,14,864.0,410.54,0.07,14,ACTIVATED
5502,AW7641,OSL - CDG,2025-02-18 09:45:00,2025-02-18 13:20:00,2024-11-25,-86,OPEN,2,186,186,N,40.0,8,256.0,74.22,0.04,8,ACTIVATED
6309,AW7644,CDG - OSL,2025-02-18 11:35:00,2025-02-18 13:15:00,2024-11-25,-85,OPEN,2,189,189,T,63.0,21,2147.0,1336.28,0.11,21,ACTIVATED
6475,AW4634,CDG - VIE,2025-02-18 11:55:00,2025-02-18 14:05:00,2024-11-25,-85,OPEN,2,186,186,L,98.0,27,3448.98,2388.96,0.15,27,ACTIVATED
4390,AW7646,CDG - OSL,2025-02-18 13:00:00,2025-02-18 14:40:00,2024-11-25,-85,OPEN,2,189,192,X,81.0,2,112.0,47.22,0.01,2,ACTIVATED
6104,AW3281,TLL - CDG,2025-02-18 13:50:00,2025-02-18 15:50:00,2024-11-25,-85,OPEN,2,186,189,G,85.0,16,1524.0,1156.0,0.08,16,SCHEDULED
5790,AW7645,OSL - CDG,2025-02-18 13:55:00,2025-02-18 17:30:00,2024-11-25,-86,OPEN,2,189,186,N,40.0,11,395.0,145.57,0.06,11,ACTIVATED
6054,AW3288,CDG - TLL,2025-02-18 14:05:00,2025-02-18 19:45:00,2024-11-25,-85,OPEN,2,186,186,R,115.0,15,1593.54,644.58,0.08,15,SCHEDULED
5617,AW4635,VIE - CDG,2025-02-18 14:50:00,2025-02-18 17:00:00,2024-11-25,-85,OPEN,2,186,189,T,57.0,9,505.0,335.8,0.05,9,ACTIVATED
5933,AW7647,OSL - CDG,2025-02-18 15:20:00,2025-02-18 18:55:00,2024-11-25,-86,OPEN,2,189,190,G,49.0,13,530.0,239.97,0.07,13,ACTIVATED
2757,AW7648,CDG - OSL,2025-02-18 16:20:00,2025-02-18 18:00:00,2024-11-25,-85,OPEN,2,186,186,T,63.0,0,0.0,0.0,0.0,0,ACTIVATED
4888,AW4636,CDG - VIE,2025-02-18 17:25:00,2025-02-18 19:35:00,2024-11-25,-85,OPEN,2,189,191,T,66.0,4,256.0,112.7,0.02,4,ACTIVATED
6055,AW7649,OSL - CDG,2025-02-18 18:40:00,2025-02-18 22:15:00,2024-11-25,-86,OPEN,2,186,186,G,49.0,15,534.0,193.23,0.08,15,ACTIVATED
6157,AW4637,VIE - CDG,2025-02-18 20:20:00,2025-02-18 22:30:00,2024-11-25,-85,OPEN,2,189,192,T,57.0,17,828.0,508.4,0.09,17,ACTIVATED
6201,AW3289,TLL - CDG,2025-02-18 20:40:00,2025-02-18 22:40:00,2024-11-25,-85,OPEN,2,186,186,G,85.0,18,1207.0,793.0,0.1,18,SCHEDULED
3973,AW4634,CDG - VIE,2025-02-19 07:00:00,2025-02-19 09:05:00,2024-11-25,-86,OPEN,2,189,189,R,76.0,1,101.0,61.74,0.01,1,ACTIVATED
6895,AW3280,CDG - TLL,2025-02-19 07:20:00,2025-02-19 13:00:00,2024-11-25,-86,OPEN,2,186,190,R,115.0,47,4996.08,2016.68,0.25,47,SCHEDULED
5356,AW7640,CDG - OSL,2025-02-19 07:25:00,2025-02-19 09:05:00,2024-11-25,-86,OPEN,2,186,188,R,71.0,7,508.0,267.53,0.04,7,ACTIVATED
5074,AW7641,OSL - CDG,2025-02-19 09:45:00,2025-02-19 13:20:00,2024-11-25,-87,OPEN,2,186,188,G,49.0,5,276.0,162.95,0.03,5,ACTIVATED
5229,AW4635,VIE - CDG,2025-02-19 09:50:00,2025-02-19 12:00:00,2024-11-25,-86,OPEN,2,189,191,N,44.0,6,252.0,139.2,0.03,6,ACTIVATED
6106,AW7644,CDG - OSL,2025-02-19 11:30:00,2025-02-19 13:10:00,2024-11-25,-86,OPEN,2,186,188,L,91.0,16,1314.0,768.28,0.09,16,ACTIVATED
6389,AW3288,CDG - TLL,2025-02-19 12:30:00,2025-02-19 18:10:00,2024-11-25,-86,OPEN,2,189,190,X,130.0,24,2941.0,1455.62,0.13,24,SCHEDULED
5709,AW7646,CDG - OSL,2025-02-19 12:50:00,2025-02-19 14:30:00,2024-11-25,-86,OPEN,2,186,188,R,71.0,10,786.0,441.49,0.05,10,ACTIVATED
5710,AW7645,OSL - CDG,2025-02-19 13:50:00,2025-02-19 17:25:00,2024-11-25,-87,OPEN,2,186,186,G,49.0,10,336.0,109.9,0.05,10,ACTIVATED
3974,AW4638,CDG - VIE,2025-02-19 13:55:00,2025-02-19 16:05:00,2024-11-25,-86,OPEN,2,189,189,N,52.0,1,66.0,26.74,0.01,1,ACTIVATED
6056,AW3281,TLL - CDG,2025-02-19 13:55:00,2025-02-19 15:55:00,2024-11-25,-86,OPEN,2,186,189,G,85.0,15,1283.0,938.0,0.08,15,SCHEDULED
6057,AW7647,OSL - CDG,2025-02-19 15:10:00,2025-02-19 18:45:00,2024-11-25,-87,OPEN,2,186,188,N,40.0,15,582.0,242.49,0.08,15,ACTIVATED
3971,AW4630,CDG - VIE,2025-02-19 16:20:00,2025-02-19 18:30:00,2024-11-25,-86,OPEN,2,189,191,N,52.0,1,59.0,26.61,0.01,1,ACTIVATED
5357,AW7648,CDG - OSL,2025-02-19 16:20:00,2025-02-19 18:00:00,2024-11-25,-86,OPEN,2,189,189,R,71.0,7,454.0,213.53,0.04,7,ACTIVATED
6107,AW4639,VIE - CDG,2025-02-19 16:50:00,2025-02-19 19:00:00,2024-11-25,-86,OPEN,2,189,191,G,50.0,16,961.0,660.2,0.08,16,ACTIVATED
5791,AW7649,OSL - CDG,2025-02-19 18:40:00,2025-02-19 22:15:00,2024-11-25,-87,OPEN,2,189,189,N,40.0,11,342.0,92.21,0.06,11,ACTIVATED
6105,AW3289,TLL - CDG,2025-02-19 19:05:00,2025-02-19 21:05:00,2024-11-25,-86,OPEN,2,189,189,G,85.0,16,1563.0,1195.0,0.08,16,SCHEDULED
3972,AW4631,VIE - CDG,2025-02-19 19:15:00,2025-02-19 21:25:00,2024-11-25,-86,OPEN,2,189,191,N,44.0,1,44.0,25.2,0.01,1,ACTIVATED
5793,AW4630,CDG - VIE,2025-02-20 06:05:00,2025-02-20 08:15:00,2024-11-25,-87,OPEN,2,186,190,R,76.0,11,607.0,230.1,0.06,11,ACTIVATED
6964,AW3280,CDG - TLL,2025-02-20 07:00:00,2025-02-20 12:40:00,2024-11-25,-87,OPEN,2,186,192,R,115.0,51,5429.0,2274.44,0.27,51,SCHEDULED
5792,AW7640,CDG - OSL,2025-02-20 07:25:00,2025-02-20 09:05:00,2024-11-25,-87,OPEN,2,186,187,X,81.0,11,766.0,368.49,0.06,11,ACTIVATED
6310,AW4631,VIE - CDG,2025-02-20 09:00:00,2025-02-20 11:10:00,2024-11-25,-87,OPEN,2,186,188,X,77.0,21,915.0,520.2,0.11,21,ACTIVATED
6108,AW7641,OSL - CDG,2025-02-20 09:45:00,2025-02-20 13:20:00,2024-11-25,-88,OPEN,2,186,188,G,49.0,16,621.0,257.62,0.09,16,ACTIVATED
6794,AW4634,CDG - VIE,2025-02-20 11:55:00,2025-02-20 14:05:00,2024-11-25,-87,OPEN,2,186,189,T,66.0,41,2872.0,1303.56,0.22,41,ACTIVATED
5867,AW7646,CDG - OSL,2025-02-20 12:20:00,2025-02-20 14:00:00,2024-11-25,-87,OPEN,2,189,190,X,81.0,12,1163.0,746.84,0.06,12,ACTIVATED
5934,AW3281,TLL - CDG,2025-02-20 13:35:00,2025-02-20 15:35:00,2024-11-25,-87,OPEN,2,186,189,T,96.0,13,1440.0,1141.0,0.07,13,SCHEDULED
5935,AW3288,CDG - TLL,2025-02-20 14:10:00,2025-02-20 19:50:00,2024-11-25,-87,OPEN,2,186,189,T,102.0,13,1387.0,570.56,0.07,13,SCHEDULED
6453,AW7647,OSL - CDG,2025-02-20 14:35:00,2025-02-20 18:10:00,2024-11-25,-88,OPEN,2,189,191,G,49.0,26,1434.0,846.14,0.14,26,ACTIVATED
5868,AW4635,VIE - CDG,2025-02-20 14:50:00,2025-02-20 17:00:00,2024-11-25,-87,OPEN,2,186,188,G,50.0,12,812.0,586.4,0.06,12,ACTIVATED
5358,AW7656,CDG - OSL,2025-02-20 15:30:00,2025-02-20 17:10:00,2024-11-25,-87,OPEN,2,186,187,R,71.0,7,557.0,309.66,0.04,7,ACTIVATED
5230,AW7648,CDG - OSL,2025-02-20 16:25:00,2025-02-20 18:05:00,2024-11-25,-87,OPEN,2,189,187,T,63.0,6,379.0,184.66,0.03,6,ACTIVATED
5359,AW4638,CDG - VIE,2025-02-20 17:05:00,2025-02-20 19:15:00,2024-11-25,-87,OPEN,2,189,192,A,47.0,7,417.0,176.53,0.04,7,ACTIVATED
6109,AW7657,OSL - CDG,2025-02-20 17:50:00,2025-02-20 21:25:00,2024-11-25,-88,OPEN,2,186,188,G,49.0,16,712.0,349.34,0.09,16,ACTIVATED
5711,AW7649,OSL - CDG,2025-02-20 18:40:00,2025-02-20 22:15:00,2024-11-25,-88,OPEN,2,189,186,G,49.0,10,438.0,210.46,0.05,10,ACTIVATED
5936,AW4639,VIE - CDG,2025-02-20 20:00:00,2025-02-20 22:10:00,2024-11-25,-87,OPEN,2,189,191,R,66.0,13,579.0,334.6,0.07,13,ACTIVATED
6535,AW3289,TLL - CDG,2025-02-20 20:45:00,2025-02-20 22:45:00,2024-11-25,-87,OPEN,2,186,190,G,85.0,29,2924.0,2257.0,0.15,29,SCHEDULED
5619,AW4630,CDG - VIE,2025-02-21 06:05:00,2025-02-21 08:15:00,2024-11-25,-88,OPEN,2,189,193,T,66.0,9,595.39,283.27,0.05,9,ACTIVATED
6272,AW3280,CDG - TLL,2025-02-21 07:05:00,2025-02-21 12:45:00,2024-11-25,-88,OPEN,2,186,186,X,130.0,20,2302.0,1089.15,0.11,20,SCHEDULED
5231,AW7640,CDG - OSL,2025-02-21 07:20:00,2025-02-21 09:00:00,2024-11-25,-88,OPEN,2,189,189,L,91.0,6,475.0,266.92,0.03,6,ACTIVATED
6559,AW4670,CDG - BUD,2025-02-21 08:10:00,2025-02-21 11:15:00,2024-11-25,-88,OPEN,2,189,189,Q,129.0,30,3484.0,2306.2,0.16,30,SCHEDULED
5712,AW4631,VIE - CDG,2025-02-21 09:00:00,2025-02-21 11:10:00,2024-11-25,-88,OPEN,2,189,189,R,66.0,10,552.0,364.0,0.05,10,ACTIVATED
5232,AW7641,OSL - CDG,2025-02-21 09:40:00,2025-02-21 13:15:00,2024-11-25,-89,OPEN,2,189,188,T,59.0,6,324.0,187.98,0.03,6,ACTIVATED
6237,AW4634,CDG - VIE,2025-02-21 10:25:00,2025-02-21 12:35:00,2024-11-25,-88,OPEN,2,189,193,X,87.0,19,1477.0,779.15,0.1,19,ACTIVATED
6058,AW7644,CDG - OSL,2025-02-21 11:30:00,2025-02-21 13:10:00,2024-11-25,-88,OPEN,2,186,188,X,81.0,15,1391.0,870.8,0.08,15,ACTIVATED
6615,AW4671,BUD - CDG,2025-02-21 12:00:00,2025-02-21 17:05:00,2024-11-25,-89,OPEN,2,189,189,M,160.0,32,4324.0,4009.76,0.17,32,DEACTIVATED
6202,AW3288,CDG - TLL,2025-02-21 12:20:00,2025-02-21 18:00:00,2024-11-25,-88,OPEN,2,189,192,R,115.0,18,2151.0,1055.69,0.09,18,SCHEDULED
5618,AW7650,CDG - OSL,2025-02-21 13:15:00,2025-02-21 14:55:00,2024-11-25,-88,OPEN,2,189,189,X,81.0,9,792.0,473.01,0.05,9,ACTIVATED
5713,AW4635,VIE - CDG,2025-02-21 13:20:00,2025-02-21 15:30:00,2024-11-25,-88,OPEN,2,189,190,T,57.0,10,846.0,658.0,0.05,10,ACTIVATED
6424,AW3281,TLL - CDG,2025-02-21 13:40:00,2025-02-21 15:40:00,2024-11-25,-88,OPEN,2,186,187,T,96.0,25,2800.0,2225.0,0.13,25,SCHEDULED
6560,AW7645,OSL - CDG,2025-02-21 13:50:00,2025-02-21 17:25:00,2024-11-25,-89,OPEN,2,186,187,T,59.0,30,2234.0,1554.8,0.16,30,ACTIVATED
2758,AW4636,CDG - VIE,2025-02-21 14:45:00,2025-02-21 16:55:00,2024-11-25,-88,CANCELLED,2,189,189,,,0,0.0,0.0,0.0,0,UNAVAILABLE
7105,AW7651,OSL - CDG,2025-02-21 15:35:00,2025-02-21 19:10:00,2024-11-25,-89,OPEN,2,189,191,L,99.0,63,5148.8,3724.37,0.33,63,ACTIVATED
6364,AW7646,CDG - OSL,2025-02-21 16:10:00,2025-02-21 17:50:00,2024-11-25,-88,OPEN,2,189,189,X,81.0,23,1516.91,662.02,0.12,23,ACTIVATED
3975,AW7648,CDG - OSL,2025-02-21 16:20:00,2025-02-21 18:00:00,2024-11-25,-88,OPEN,2,189,189,T,63.0,1,63.0,23.74,0.01,1,ACTIVATED
2759,AW4637,VIE - CDG,2025-02-21 17:40:00,2025-02-21 19:50:00,2024-11-25,-88,CANCELLED,2,189,189,,,0,0.0,0.0,0.0,0,UNAVAILABLE
6977,AW4638,CDG - VIE,2025-02-21 17:45:00,2025-02-21 19:55:00,2024-11-25,-88,OPEN,2,189,193,T,66.0,52,5113.85,3408.96,0.27,52,ACTIVATED
5233,AW7647,OSL - CDG,2025-02-21 18:30:00,2025-02-21 22:05:00,2024-11-25,-89,OPEN,2,189,191,T,59.0,6,354.0,218.34,0.03,6,ACTIVATED
5869,AW7649,OSL - CDG,2025-02-21 18:40:00,2025-02-21 22:15:00,2024-11-25,-89,OPEN,2,189,189,G,49.0,12,640.0,368.32,0.06,12,ACTIVATED
6236,AW3289,TLL - CDG,2025-02-21 18:55:00,2025-02-21 20:55:00,2024-11-25,-88,OPEN,2,189,191,R,109.0,19,1977.0,1540.0,0.1,19,SCHEDULED
6689,AW4639,VIE - CDG,2025-02-21 20:40:00,2025-02-21 22:50:00,2024-11-25,-88,OPEN,2,189,191,T,57.0,35,2956.1,2298.1,0.18,35,ACTIVATED
6586,AW4630,CDG - VIE,2025-02-22 06:00:00,2025-02-22 08:10:00,2024-11-25,-89,OPEN,2,189,191,T,66.0,31,1962.0,820.51,0.16,31,ACTIVATED
6923,AW4670,CDG - BUD,2025-02-22 06:20:00,2025-02-22 09:25:00,2024-11-25,-89,OPEN,2,186,136,H,149.0,49,6772.0,5102.45,0.36,49,SCHEDULED
5937,AW7640,CDG - OSL,2025-02-22 07:35:00,2025-02-22 09:15:00,2024-11-25,-89,OPEN,2,189,189,X,81.0,13,1089.0,619.84,0.07,13,ACTIVATED
6779,AW3282,CDG - TLL,2025-02-22 07:35:00,2025-02-22 13:15:00,2024-11-25,-89,OPEN,2,189,186,R,115.0,40,4521.0,1930.52,0.22,40,SCHEDULED
7442,AW4676,CDG - BUD,2025-02-22 07:45:00,2025-02-22 10:50:00,2024-11-25,-89,OPEN,2,186,119,I,193.0,90,11826.2,8663.78,0.76,90,SCHEDULED
6111,AW4631,VIE - CDG,2025-02-22 08:55:00,2025-02-22 11:05:00,2024-11-25,-89,OPEN,2,189,189,G,50.0,16,1077.0,776.2,0.08,16,ACTIVATED
7017,AW4634,CDG - VIE,2025-02-22 09:35:00,2025-02-22 11:45:00,2024-11-25,-89,OPEN,2,189,191,R,76.0,55,4568.39,2587.71,0.29,55,ACTIVATED
5714,AW7641,OSL - CDG,2025-02-22 09:55:00,2025-02-22 13:30:00,2024-11-25,-90,OPEN,2,189,191,G,49.0,10,645.0,418.72,0.05,10,ACTIVATED
7204,AW4671,BUD - CDG,2025-02-22 10:10:00,2025-02-22 15:15:00,2024-11-25,-90,OPEN,2,186,126,B,239.0,71,8690.64,7993.42,0.56,71,DEACTIVATED
5794,AW7644,CDG - OSL,2025-02-22 11:35:00,2025-02-22 13:15:00,2024-11-25,-89,OPEN,2,186,187,L,91.0,11,698.0,314.23,0.06,11,ACTIVATED
7720,AW4677,BUD - CDG,2025-02-22 11:40:00,2025-02-22 16:45:00,2024-11-25,-90,OPEN,2,186,119,D,273.0,106,13470.1,12429.18,0.89,106,DEACTIVATED
5234,AW4635,VIE - CDG,2025-02-22 12:30:00,2025-02-22 14:40:00,2024-11-25,-89,OPEN,2,189,191,R,66.0,6,424.0,311.2,0.03,6,ACTIVATED
7126,AW3284,CDG - TLL,2025-02-22 12:30:00,2025-02-22 18:10:00,2024-11-25,-89,OPEN,2,189,189,X,130.0,65,6459.0,2152.1,0.34,65,SCHEDULED
6158,AW7646,CDG - OSL,2025-02-22 12:45:00,2025-02-22 14:25:00,2024-11-25,-89,OPEN,2,189,190,L,91.0,17,1362.0,742.67,0.09,17,ACTIVATED
5503,AW3280,CDG - TLL,2025-02-22 13:40:00,2025-02-22 19:20:00,2024-11-25,-89,OPEN,2,186,186,R,115.0,8,1140.0,647.37,0.04,8,SCHEDULED
6203,AW7645,OSL - CDG,2025-02-22 13:55:00,2025-02-22 17:30:00,2024-11-25,-90,OPEN,2,186,188,G,49.0,18,1199.61,792.45,0.1,18,ACTIVATED
6425,AW3283,TLL - CDG,2025-02-22 14:10:00,2025-02-22 16:10:00,2024-11-25,-89,OPEN,2,189,189,L,140.0,25,3571.0,2996.0,0.13,25,SCHEDULED
6059,AW7647,OSL - CDG,2025-02-22 15:05:00,2025-02-22 18:40:00,2024-11-25,-90,OPEN,2,189,189,T,59.0,15,975.0,635.67,0.08,15,ACTIVATED
4611,AW7648,CDG - OSL,2025-02-22 16:20:00,2025-02-22 18:00:00,2024-11-25,-89,OPEN,2,189,186,L,91.0,3,243.0,125.22,0.02,3,ACTIVATED
5235,AW4638,CDG - VIE,2025-02-22 17:45:00,2025-02-22 19:55:00,2024-11-25,-89,OPEN,2,189,191,T,66.0,6,431.0,229.79,0.03,6,ACTIVATED
5987,AW7649,OSL - CDG,2025-02-22 18:40:00,2025-02-22 22:15:00,2024-11-25,-90,OPEN,2,189,186,T,59.0,14,826.0,508.02,0.08,14,ACTIVATED
7029,AW3285,TLL - CDG,2025-02-22 19:05:00,2025-02-22 21:05:00,2024-11-25,-89,OPEN,2,189,189,R,109.0,56,5105.0,3817.0,0.3,56,SCHEDULED
6110,AW3281,TLL - CDG,2025-02-22 20:15:00,2025-02-22 22:15:00,2024-11-25,-89,OPEN,2,186,189,R,109.0,16,1646.0,1278.0,0.08,16,SCHEDULED
6112,AW4639,VIE - CDG,2025-02-22 20:40:00,2025-02-22 22:50:00,2024-11-25,-89,OPEN,2,189,191,G,50.0,16,1215.0,914.2,0.08,16,ACTIVATED
5988,AW4630,CDG - VIE,2025-02-23 06:05:00,2025-02-23 08:15:00,2024-11-25,-90,OPEN,2,189,192,G,59.0,14,909.0,414.32,0.07,14,ACTIVATED
7018,AW4670,CDG - BUD,2025-02-23 06:45:00,2025-02-23 09:50:00,2024-11-25,-90,OPEN,2,186,186,H,149.0,55,7740.0,5931.07,0.3,55,SCHEDULED
6896,AW3280,CDG - TLL,2025-02-23 07:00:00,2025-02-23 12:40:00,2024-11-25,-90,OPEN,2,186,190,R,115.0,47,5171.0,2139.17,0.25,47,SCHEDULED
2765,AW4634,CDG - VIE,2025-02-23 07:45:00,2025-02-23 09:55:00,2024-11-25,-90,CANCELLED,2,189,189,,,0,0.0,0.0,0.0,0,UNAVAILABLE
6587,AW4631,VIE - CDG,2025-02-23 09:00:00,2025-02-23 11:10:00,2024-11-25,-90,OPEN,2,189,191,G,50.0,31,2873.01,2290.21,0.16,31,ACTIVATED
7501,AW4671,BUD - CDG,2025-02-23 10:35:00,2025-02-23 15:40:00,2024-11-25,-91,OPEN,2,186,186,M,160.0,94,12190.0,11266.92,0.51,94,DEACTIVATED
5504,AW7642,CDG - OSL,2025-02-23 10:35:00,2025-02-23 12:15:00,2024-11-25,-90,OPEN,2,189,189,R,71.0,8,597.0,303.53,0.04,8,ACTIVATED
2766,AW4635,VIE - CDG,2025-02-23 10:40:00,2025-02-23 12:50:00,2024-11-25,-90,CANCELLED,2,189,189,,,0,0.0,0.0,0.0,0,UNAVAILABLE
6365,AW4636,CDG - VIE,2025-02-23 11:15:00,2025-02-23 13:25:00,2024-11-25,-90,OPEN,2,189,192,G,59.0,23,1550.0,777.55,0.12,23,ACTIVATED
6672,AW7646,CDG - OSL,2025-02-23 11:35:00,2025-02-23 13:15:00,2024-11-25,-90,OPEN,2,189,189,X,81.0,34,2498.0,1190.64,0.18,34,ACTIVATED
5236,AW7643,OSL - CDG,2025-02-23 12:55:00,2025-02-23 16:30:00,2024-11-25,-91,OPEN,2,189,192,T,59.0,6,558.0,421.98,0.03,6,ACTIVATED
4889,AW7644,CDG - OSL,2025-02-23 13:20:00,2025-02-23 15:00:00,2024-11-25,-90,OPEN,2,189,191,X,81.0,4,373.0,243.44,0.02,4,ACTIVATED
6238,AW3281,TLL - CDG,2025-02-23 13:35:00,2025-02-23 15:35:00,2024-11-25,-90,OPEN,2,186,188,L,140.0,19,3101.0,2664.0,0.1,19,SCHEDULED
4612,AW7647,OSL - CDG,2025-02-23 13:55:00,2025-02-23 17:30:00,2024-11-25,-91,OPEN,2,189,192,R,72.0,3,214.0,146.17,0.02,3,ACTIVATED
6239,AW3288,CDG - TLL,2025-02-23 14:10:00,2025-02-23 19:50:00,2024-11-25,-90,OPEN,2,189,193,R,115.0,19,2156.0,956.98,0.1,19,SCHEDULED
6366,AW4637,VIE - CDG,2025-02-23 14:10:00,2025-02-23 16:20:00,2024-11-25,-90,OPEN,2,189,191,X,77.0,23,1413.0,980.6,0.12,23,ACTIVATED
5938,AW7645,OSL - CDG,2025-02-23 15:40:00,2025-02-23 19:15:00,2024-11-25,-91,OPEN,2,189,192,R,72.0,13,821.79,527.68,0.07,13,ACTIVATED
4391,AW7648,CDG - OSL,2025-02-23 16:20:00,2025-02-23 18:00:00,2024-11-25,-90,OPEN,2,186,186,R,71.0,2,165.0,93.35,0.01,2,ACTIVATED
6690,AW4638,CDG - VIE,2025-02-23 16:30:00,2025-02-23 18:40:00,2024-11-25,-90,OPEN,2,189,192,R,76.0,35,2367.0,1192.13,0.18,35,ACTIVATED
5989,AW7649,OSL - CDG,2025-02-23 18:40:00,2025-02-23 22:15:00,2024-11-25,-91,OPEN,2,186,189,R,72.0,14,1115.0,797.56,0.07,14,ACTIVATED
6426,AW4639,VIE - CDG,2025-02-23 19:25:00,2025-02-23 21:35:00,2024-11-25,-90,OPEN,2,189,191,G,50.0,25,1655.8,1185.8,0.13,25,ACTIVATED
6390,AW3289,TLL - CDG,2025-02-23 20:45:00,2025-02-23 22:45:00,2024-11-25,-90,OPEN,2,189,191,L,140.0,24,3104.0,2552.0,0.13,24,SCHEDULED
5795,AW4630,CDG - VIE,2025-02-24 06:05:00,2025-02-24 08:15:00,2024-11-25,-91,OPEN,2,186,188,G,59.0,11,683.0,278.62,0.06,11,ACTIVATED
6868,AW3280,CDG - TLL,2025-02-24 06:20:00,2025-02-24 12:00:00,2024-11-25,-91,OPEN,2,186,188,G,92.0,45,4286.52,1432.15,0.24,45,SCHEDULED
5505,AW7640,CDG - OSL,2025-02-24 07:25:00,2025-02-24 09:05:00,2024-11-25,-91,OPEN,2,189,189,R,71.0,8,658.0,357.66,0.04,8,ACTIVATED
6725,AW4631,VIE - CDG,2025-02-24 09:00:00,2025-02-24 11:10:00,2024-11-25,-91,OPEN,2,186,187,R,66.0,37,2388.0,1692.4,0.2,37,ACTIVATED
3976,AW7641,OSL - CDG,2025-02-24 09:45:00,2025-02-24 13:20:00,2024-11-25,-92,OPEN,2,189,186,R,72.0,1,59.0,36.39,0.01,1,ACTIVATED
6428,AW4634,CDG - VIE,2025-02-24 10:25:00,2025-02-24 12:35:00,2024-11-25,-91,OPEN,2,189,191,R,76.0,25,1622.0,695.46,0.13,25,ACTIVATED
6391,AW7644,CDG - OSL,2025-02-24 11:35:00,2025-02-24 13:15:00,2024-11-25,-91,OPEN,2,189,191,X,81.0,24,1903.0,1050.07,0.13,24,ACTIVATED
6159,AW7646,CDG - OSL,2025-02-24 12:40:00,2025-02-24 14:20:00,2024-11-25,-91,OPEN,2,189,192,X,81.0,17,1187.0,553.93,0.09,17,ACTIVATED
6427,AW3281,TLL - CDG,2025-02-24 12:55:00,2025-02-24 14:55:00,2024-11-25,-91,OPEN,2,186,186,X,124.0,25,3205.0,2630.0,0.13,25,SCHEDULED
6536,AW3288,CDG - TLL,2025-02-24 13:10:00,2025-02-24 18:50:00,2024-11-25,-91,OPEN,2,189,191,T,102.0,29,2711.0,886.83,0.15,29,SCHEDULED
6429,AW4635,VIE - CDG,2025-02-24 13:20:00,2025-02-24 15:30:00,2024-11-25,-91,OPEN,2,189,191,G,50.0,25,1432.0,962.0,0.13,25,ACTIVATED
6337,AW7645,OSL - CDG,2025-02-24 13:55:00,2025-02-24 17:30:00,2024-11-25,-92,OPEN,2,189,191,T,59.0,22,1521.0,1023.22,0.12,22,ACTIVATED
6616,AW4636,CDG - VIE,2025-02-24 14:45:00,2025-02-24 16:55:00,2024-11-25,-91,OPEN,2,189,189,T,66.0,32,1436.0,179.68,0.17,32,ACTIVATED
6160,AW7647,OSL - CDG,2025-02-24 15:00:00,2025-02-24 18:35:00,2024-11-25,-92,OPEN,2,189,191,G,49.0,17,901.61,522.37,0.09,17,ACTIVATED
4613,AW7650,CDG - OSL,2025-02-24 15:35:00,2025-02-24 17:15:00,2024-11-25,-91,OPEN,2,189,189,R,71.0,3,192.0,94.83,0.02,3,ACTIVATED
2767,AW7648,CDG - OSL,2025-02-24 16:20:00,2025-02-24 18:00:00,2024-11-25,-91,OPEN,2,189,189,R,71.0,0,0.0,0.0,0.0,0,ACTIVATED
5360,AW4638,CDG - VIE,2025-02-24 17:25:00,2025-02-24 19:35:00,2024-11-25,-91,OPEN,2,186,186,G,59.0,7,348.0,86.92,0.04,7,ACTIVATED
6617,AW4637,VIE - CDG,2025-02-24 17:40:00,2025-02-24 19:50:00,2024-11-25,-91,OPEN,2,189,191,T,57.0,32,1957.0,1355.4,0.17,32,ACTIVATED
5506,AW7651,OSL - CDG,2025-02-24 17:55:00,2025-02-24 21:30:00,2024-11-25,-92,OPEN,2,189,189,T,59.0,8,556.0,375.12,0.04,8,ACTIVATED
5796,AW7649,OSL - CDG,2025-02-24 18:40:00,2025-02-24 22:15:00,2024-11-25,-92,OPEN,2,189,189,T,59.0,11,533.0,284.29,0.06,11,ACTIVATED
6561,AW3289,TLL - CDG,2025-02-24 19:45:00,2025-02-24 21:45:00,2024-11-25,-91,OPEN,2,189,192,R,109.0,30,3157.0,2467.0,0.16,30,SCHEDULED
6704,AW4639,VIE - CDG,2025-02-24 20:20:00,2025-02-24 22:30:00,2024-11-25,-91,OPEN,2,186,188,T,57.0,36,1899.0,1222.2,0.19,36,ACTIVATED
6338,AW3280,CDG - TLL,2025-02-25 07:15:00,2025-02-25 12:55:00,2024-11-25,-92,OPEN,2,186,191,G,92.0,22,1794.0,411.18,0.12,22,SCHEDULED
2768,AW7640,CDG - OSL,2025-02-25 07:25:00,2025-02-25 09:05:00,2024-11-25,-92,OPEN,2,186,186,G,56.0,0,0.0,0.0,0.0,0,ACTIVATED
5797,AW7641,OSL - CDG,2025-02-25 09:45:00,2025-02-25 13:20:00,2024-11-25,-93,OPEN,2,186,187,G,49.0,11,765.0,520.19,0.06,11,ACTIVATED
3977,AW7644,CDG - OSL,2025-02-25 11:35:00,2025-02-25 13:15:00,2024-11-25,-92,OPEN,2,186,186,G,56.0,1,56.0,16.74,0.01,1,ACTIVATED
5362,AW4634,CDG - VIE,2025-02-25 11:55:00,2025-02-25 14:05:00,2024-11-25,-92,OPEN,2,186,188,G,59.0,7,341.0,93.66,0.04,7,ACTIVATED
5361,AW7646,CDG - OSL,2025-02-25 13:00:00,2025-02-25 14:40:00,2024-11-25,-92,OPEN,2,189,192,T,63.0,7,431.0,190.53,0.04,7,ACTIVATED
6618,AW3281,TLL - CDG,2025-02-25 13:50:00,2025-02-25 15:50:00,2024-11-25,-92,OPEN,2,186,189,T,96.0,32,3594.0,2858.0,0.17,32,SCHEDULED
4392,AW7645,OSL - CDG,2025-02-25 13:55:00,2025-02-25 17:30:00,2024-11-25,-93,OPEN,2,186,186,G,49.0,2,118.0,72.78,0.01,2,ACTIVATED
4614,AW3288,CDG - TLL,2025-02-25 14:05:00,2025-02-25 19:45:00,2024-11-25,-92,OPEN,2,186,191,N,83.0,3,251.0,59.71,0.02,3,SCHEDULED
6392,AW4635,VIE - CDG,2025-02-25 14:50:00,2025-02-25 17:00:00,2024-11-25,-92,OPEN,2,186,189,G,50.0,24,1129.0,677.8,0.13,24,ACTIVATED
6113,AW7647,OSL - CDG,2025-02-25 15:20:00,2025-02-25 18:55:00,2024-11-25,-93,OPEN,2,189,190,T,59.0,16,669.0,306.52,0.08,16,ACTIVATED
3978,AW7648,CDG - OSL,2025-02-25 16:20:00,2025-02-25 18:00:00,2024-11-25,-92,OPEN,2,189,189,G,56.0,1,56.0,16.74,0.01,1,ACTIVATED
5715,AW4636,CDG - VIE,2025-02-25 17:25:00,2025-02-25 19:35:00,2024-11-25,-92,OPEN,2,189,189,N,52.0,10,490.0,111.14,0.05,10,ACTIVATED
5870,AW7649,OSL - CDG,2025-02-25 18:40:00,2025-02-25 22:15:00,2024-11-25,-93,OPEN,2,189,190,N,40.0,12,612.0,340.32,0.06,12,ACTIVATED
6273,AW4637,VIE - CDG,2025-02-25 20:20:00,2025-02-25 22:30:00,2024-11-25,-92,OPEN,2,189,192,G,50.0,20,1003.6,627.6,0.1,20,ACTIVATED
6924,AW3289,TLL - CDG,2025-02-25 20:40:00,2025-02-25 22:40:00,2024-11-25,-92,OPEN,2,186,189,T,96.0,49,4666.0,3539.0,0.26,49,SCHEDULED
5363,AW4634,CDG - VIE,2025-02-26 07:00:00,2025-02-26 09:05:00,2024-11-25,-93,OPEN,2,186,191,N,52.0,7,342.0,74.05,0.04,7,ACTIVATED
7135,AW3280,CDG - TLL,2025-02-26 07:20:00,2025-02-26 13:00:00,2024-11-25,-93,OPEN,2,186,190,N,83.0,66,4731.0,567.56,0.35,66,SCHEDULED
2769,AW7640,CDG - OSL,2025-02-26 07:25:00,2025-02-26 09:05:00,2024-11-25,-93,OPEN,2,189,186,G,56.0,0,0.0,0.0,0.0,0,ACTIVATED
6311,AW7641,OSL - CDG,2025-02-26 09:45:00,2025-02-26 13:20:00,2024-11-25,-94,OPEN,2,189,188,R,72.0,21,906.0,430.83,0.11,21,ACTIVATED
5940,AW4635,VIE - CDG,2025-02-26 09:50:00,2025-02-26 12:00:00,2024-11-25,-93,OPEN,2,186,191,N,44.0,13,554.0,309.6,0.07,13,ACTIVATED
4890,AW7644,CDG - OSL,2025-02-26 11:30:00,2025-02-26 13:10:00,2024-11-25,-93,OPEN,2,186,186,G,56.0,4,160.0,2.96,0.02,4,ACTIVATED
6619,AW3288,CDG - TLL,2025-02-26 12:30:00,2025-02-26 18:10:00,2024-11-25,-93,OPEN,2,186,191,N,83.0,32,2540.0,517.05,0.17,32,SCHEDULED
5939,AW7646,CDG - OSL,2025-02-26 12:50:00,2025-02-26 14:30:00,2024-11-25,-93,OPEN,2,186,188,R,71.0,13,695.0,232.71,0.07,13,ACTIVATED
6114,AW7645,OSL - CDG,2025-02-26 13:50:00,2025-02-26 17:25:00,2024-11-25,-94,OPEN,2,186,187,G,49.0,16,879.22,516.74,0.09,16,ACTIVATED
6795,AW3281,TLL - CDG,2025-02-26 13:55:00,2025-02-26 15:55:00,2024-11-25,-93,OPEN,2,186,189,T,96.0,41,3825.0,2882.0,0.22,41,SCHEDULED
5941,AW4638,CDG - VIE,2025-02-26 13:55:00,2025-02-26 16:05:00,2024-11-25,-93,OPEN,2,189,191,N,52.0,13,641.0,171.84,0.07,13,ACTIVATED
5942,AW7647,OSL - CDG,2025-02-26 15:10:00,2025-02-26 18:45:00,2024-11-25,-94,OPEN,2,186,188,T,59.0,13,715.0,425.66,0.07,13,ACTIVATED
6507,AW4630,CDG - VIE,2025-02-26 16:20:00,2025-02-26 18:30:00,2024-11-25,-93,OPEN,2,189,189,N,52.0,28,1609.88,510.6,0.15,28,ACTIVATED
4393,AW7648,CDG - OSL,2025-02-26 16:20:00,2025-02-26 18:00:00,2024-11-25,-93,OPEN,2,189,189,G,56.0,2,113.0,34.48,0.01,2,ACTIVATED
6620,AW4639,VIE - CDG,2025-02-26 16:50:00,2025-02-26 19:00:00,2024-11-25,-93,OPEN,2,189,191,G,50.0,32,1450.0,848.4,0.17,32,ACTIVATED
5871,AW7649,OSL - CDG,2025-02-26 18:40:00,2025-02-26 22:15:00,2024-11-25,-94,OPEN,2,189,191,T,59.0,12,720.0,448.68,0.06,12,ACTIVATED
6430,AW3289,TLL - CDG,2025-02-26 19:05:00,2025-02-26 21:05:00,2024-11-25,-93,OPEN,2,186,189,R,109.0,25,2561.0,1986.0,0.13,25,SCHEDULED
6758,AW4631,VIE - CDG,2025-02-26 19:15:00,2025-02-26 21:25:00,2024-11-25,-93,OPEN,2,189,191,T,57.0,39,1580.0,846.8,0.2,39,ACTIVATED
5620,AW4630,CDG - VIE,2025-02-27 06:05:00,2025-02-27 08:15:00,2024-11-25,-94,OPEN,2,186,186,N,52.0,9,413.0,59.66,0.05,9,ACTIVATED
6161,AW3280,CDG - TLL,2025-02-27 07:00:00,2025-02-27 12:40:00,2024-11-25,-94,OPEN,2,186,192,N,83.0,17,1349.0,289.99,0.09,17,SCHEDULED
5716,AW7640,CDG - OSL,2025-02-27 07:25:00,2025-02-27 09:05:00,2024-11-25,-94,OPEN,2,189,187,G,56.0,10,508.0,163.49,0.05,10,ACTIVATED
7095,AW4631,VIE - CDG,2025-02-27 09:00:00,2025-02-27 11:10:00,2024-11-25,-94,OPEN,2,186,188,L,87.0,62,3736.0,2570.4,0.33,62,ACTIVATED
6240,AW7641,OSL - CDG,2025-02-27 09:45:00,2025-02-27 13:20:00,2024-11-25,-95,OPEN,2,189,186,X,85.0,19,847.0,417.41,0.1,19,ACTIVATED
6274,AW4634,CDG - VIE,2025-02-27 11:55:00,2025-02-27 14:05:00,2024-11-25,-94,OPEN,2,186,189,N,52.0,20,1807.0,1111.11,0.11,20,ACTIVATED
5364,AW7646,CDG - OSL,2025-02-27 12:20:00,2025-02-27 14:00:00,2024-11-25,-94,OPEN,2,189,189,N,50.0,7,399.0,172.27,0.04,7,ACTIVATED
6945,AW3281,TLL - CDG,2025-02-27 13:35:00,2025-02-27 15:35:00,2024-11-25,-94,OPEN,2,186,193,G,85.0,50,4407.0,3257.0,0.26,50,SCHEDULED
4394,AW3288,CDG - TLL,2025-02-27 14:10:00,2025-02-27 19:50:00,2024-11-25,-94,OPEN,2,189,189,A,76.0,2,299.0,173.97,0.01,2,SCHEDULED
5943,AW7647,OSL - CDG,2025-02-27 14:35:00,2025-02-27 18:10:00,2024-11-25,-95,OPEN,2,189,190,R,72.0,13,1442.22,1148.29,0.07,13,ACTIVATED
6909,AW4635,VIE - CDG,2025-02-27 14:50:00,2025-02-27 17:00:00,2024-11-25,-94,OPEN,2,186,188,X,77.0,48,3139.0,2236.6,0.26,48,ACTIVATED
4615,AW7656,CDG - OSL,2025-02-27 15:30:00,2025-02-27 17:10:00,2024-11-25,-94,OPEN,2,186,186,G,56.0,3,175.0,57.22,0.02,3,ACTIVATED
4891,AW7648,CDG - OSL,2025-02-27 16:25:00,2025-02-27 18:05:00,2024-11-25,-94,OPEN,2,189,186,R,71.0,4,269.0,111.96,0.02,4,ACTIVATED
6562,AW4638,CDG - VIE,2025-02-27 17:05:00,2025-02-27 19:15:00,2024-11-25,-94,OPEN,2,189,193,G,59.0,30,1702.0,586.03,0.16,30,ACTIVATED
5365,AW7657,OSL - CDG,2025-02-27 17:50:00,2025-02-27 21:25:00,2024-11-25,-95,OPEN,2,186,188,T,59.0,7,340.0,187.58,0.04,7,ACTIVATED
6312,AW7649,OSL - CDG,2025-02-27 18:40:00,2025-02-27 22:15:00,2024-11-25,-95,OPEN,2,189,188,T,59.0,21,1379.0,904.19,0.11,21,ACTIVATED
7127,AW4639,VIE - CDG,2025-02-27 20:00:00,2025-02-27 22:10:00,2024-11-25,-94,OPEN,2,189,191,V,113.0,65,4683.0,3461.0,0.34,65,ACTIVATED
6588,AW3289,TLL - CDG,2025-02-27 20:45:00,2025-02-27 22:45:00,2024-11-25,-94,OPEN,2,189,190,T,96.0,31,2940.0,2227.0,0.16,31,SCHEDULED
5990,AW4630,CDG - VIE,2025-02-28 06:05:00,2025-02-28 08:15:00,2024-11-25,-95,OPEN,2,189,194,N,52.0,14,674.0,165.58,0.07,14,ACTIVATED
6115,AW3280,CDG - TLL,2025-02-28 07:05:00,2025-02-28 12:45:00,2024-11-25,-95,OPEN,2,186,190,N,83.0,16,1257.0,241.78,0.08,16,SCHEDULED
5872,AW7640,CDG - OSL,2025-02-28 07:20:00,2025-02-28 09:00:00,2024-11-25,-95,OPEN,2,186,189,N,50.0,12,598.0,140.62,0.06,12,ACTIVATED
4892,AW4670,CDG - BUD,2025-02-28 08:00:00,2025-02-28 11:05:00,2024-11-25,-95,OPEN,2,189,189,X,77.0,4,388.0,230.96,0.02,4,SCHEDULED
7295,AW4631,VIE - CDG,2025-02-28 09:00:00,2025-02-28 11:10:00,2024-11-25,-95,OPEN,2,189,190,M,159.0,78,9243.0,7776.6,0.41,78,ACTIVATED
5720,AW7641,OSL - CDG,2025-02-28 09:40:00,2025-02-28 13:15:00,2024-11-25,-96,OPEN,2,186,188,X,85.0,10,669.0,442.9,0.05,10,ACTIVATED
6508,AW4634,CDG - VIE,2025-02-28 10:25:00,2025-02-28 12:35:00,2024-11-25,-95,OPEN,2,189,193,G,59.0,28,1448.39,417.81,0.15,28,ACTIVATED
6241,AW7644,CDG - OSL,2025-02-28 11:30:00,2025-02-28 13:10:00,2024-11-25,-95,OPEN,2,186,189,R,71.0,19,1291.0,586.28,0.1,19,ACTIVATED
6881,AW4671,BUD - CDG,2025-02-28 11:50:00,2025-02-28 16:55:00,2024-11-25,-96,OPEN,2,189,189,I,182.0,46,6412.0,5960.28,0.24,46,DEACTIVATED
5718,AW3288,CDG - TLL,2025-02-28 12:20:00,2025-02-28 18:00:00,2024-11-25,-95,OPEN,2,189,192,G,92.0,10,1165.0,532.36,0.05,10,SCHEDULED
4395,AW7650,CDG - OSL,2025-02-28 13:15:00,2025-02-28 14:55:00,2024-11-25,-95,OPEN,2,189,189,N,50.0,2,95.26,23.61,0.01,2,ACTIVATED
7161,AW4635,VIE - CDG,2025-02-28 13:20:00,2025-02-28 15:30:00,2024-11-25,-95,OPEN,2,189,190,Q,128.0,68,5819.0,4540.6,0.36,68,ACTIVATED
6925,AW3281,TLL - CDG,2025-02-28 13:40:00,2025-02-28 15:40:00,2024-11-25,-95,OPEN,2,186,188,T,96.0,49,4727.0,3600.0,0.26,49,SCHEDULED
6813,AW7645,OSL - CDG,2025-02-28 13:50:00,2025-02-28 17:25:00,2024-11-25,-96,OPEN,2,186,188,X,85.0,42,2699.0,1749.38,0.22,42,ACTIVATED
2770,AW4636,CDG - VIE,2025-02-28 14:45:00,2025-02-28 16:55:00,2024-11-25,-95,CANCELLED,2,189,189,,,0,0.0,0.0,0.0,0,UNAVAILABLE
6869,AW7651,OSL - CDG,2025-02-28 15:35:00,2025-02-28 19:10:00,2024-11-25,-96,OPEN,2,189,190,R,72.0,45,2907.58,1888.15,0.24,45,ACTIVATED
5075,AW7646,CDG - OSL,2025-02-28 16:10:00,2025-02-28 17:50:00,2024-11-25,-95,OPEN,2,189,189,A,45.0,5,304.0,142.05,0.03,5,ACTIVATED
5717,AW7648,CDG - OSL,2025-02-28 16:20:00,2025-02-28 18:00:00,2024-11-25,-95,OPEN,2,189,192,T,63.0,10,608.0,229.14,0.05,10,ACTIVATED
2771,AW4637,VIE - CDG,2025-02-28 17:40:00,2025-02-28 19:50:00,2024-11-25,-95,CANCELLED,2,189,189,,,0,0.0,0.0,0.0,0,UNAVAILABLE
5944,AW4638,CDG - VIE,2025-02-28 17:45:00,2025-02-28 19:55:00,2024-11-25,-95,OPEN,2,189,193,G,59.0,13,852.0,375.97,0.07,13,ACTIVATED
6830,AW7647,OSL - CDG,2025-02-28 18:30:00,2025-02-28 22:05:00,2024-11-25,-96,OPEN,2,189,191,R,72.0,43,2800.0,1824.53,0.23,43,ACTIVATED
6476,AW7649,OSL - CDG,2025-02-28 18:40:00,2025-02-28 22:15:00,2024-11-25,-96,OPEN,2,189,191,X,85.0,27,1643.0,1032.53,0.14,27,ACTIVATED
6705,AW3289,TLL - CDG,2025-02-28 18:55:00,2025-02-28 20:55:00,2024-11-25,-95,OPEN,2,189,191,X,124.0,36,3803.0,2975.0,0.19,36,SCHEDULED
6726,AW4639,VIE - CDG,2025-02-28 20:40:00,2025-02-28 22:50:00,2024-11-25,-95,OPEN,2,189,190,R,66.0,37,3131.0,2435.4,0.19,37,ACTIVATED
5719,AW4630,CDG - VIE,2025-03-01 06:00:00,2025-03-01 08:10:00,2024-11-25,-96,OPEN,2,186,192,N,52.0,10,488.0,136.62,0.05,10,ACTIVATED
6563,AW4670,CDG - BUD,2025-03-01 06:20:00,2025-03-01 09:25:00,2024-11-25,-96,OPEN,2,186,136,X,77.0,30,2856.0,1822.47,0.22,30,SCHEDULED
5621,AW7640,CDG - OSL,2025-03-01 07:35:00,2025-03-01 09:15:00,2024-11-25,-96,OPEN,2,189,190,G,56.0,9,687.0,381.75,0.05,9,ACTIVATED
5366,AW3282,CDG - TLL,2025-03-01 07:35:00,2025-03-01 13:15:00,2024-11-25,-96,OPEN,2,189,186,N,83.0,7,642.0,208.14,0.04,7,SCHEDULED
6910,AW4676,CDG - BUD,2025-03-01 07:45:00,2025-03-01 10:50:00,2024-11-25,-96,OPEN,2,186,129,L,87.0,48,4696.0,3017.62,0.37,48,SCHEDULED
7041,AW4631,VIE - CDG,2025-03-01 08:55:00,2025-03-01 11:05:00,2024-11-25,-96,OPEN,2,186,190,V,113.0,57,4496.0,3424.4,0.3,57,ACTIVATED
5945,AW4634,CDG - VIE,2025-03-01 09:35:00,2025-03-01 11:45:00,2024-11-25,-96,OPEN,2,189,192,N,52.0,13,837.0,381.58,0.07,13,ACTIVATED
6897,AW7641,OSL - CDG,2025-03-01 09:55:00,2025-03-01 13:30:00,2024-11-25,-97,OPEN,2,189,191,Q,150.0,47,4444.94,3382.27,0.25,47,ACTIVATED
7174,AW4671,BUD - CDG,2025-03-01 10:10:00,2025-03-01 15:15:00,2024-11-25,-97,OPEN,2,186,136,B,239.0,69,13648.0,12970.42,0.51,69,DEACTIVATED
6965,AW7644,CDG - OSL,2025-03-01 11:35:00,2025-03-01 13:15:00,2024-11-25,-96,OPEN,2,186,187,R,71.0,51,3724.0,1728.61,0.27,51,ACTIVATED
7241,AW4677,BUD - CDG,2025-03-01 11:40:00,2025-03-01 16:45:00,2024-11-25,-97,OPEN,2,186,119,B,239.0,74,13866.92,13140.24,0.62,74,DEACTIVATED
5622,AW3284,CDG - TLL,2025-03-01 12:10:00,2025-03-01 17:50:00,2024-11-25,-96,OPEN,2,189,189,N,83.0,9,702.0,105.66,0.05,9,SCHEDULED
6727,AW4635,VIE - CDG,2025-03-01 12:30:00,2025-03-01 14:40:00,2024-11-25,-96,OPEN,2,189,190,R,66.0,37,2837.0,2141.4,0.19,37,ACTIVATED
5798,AW7646,CDG - OSL,2025-03-01 12:45:00,2025-03-01 14:25:00,2024-11-25,-96,OPEN,2,189,189,N,50.0,11,576.0,157.88,0.06,11,ACTIVATED
5507,AW3280,CDG - TLL,2025-03-01 13:40:00,2025-03-01 19:20:00,2024-11-25,-96,OPEN,2,186,186,G,92.0,8,1152.0,666.86,0.04,8,SCHEDULED
6706,AW7645,OSL - CDG,2025-03-01 13:55:00,2025-03-01 17:30:00,2024-11-25,-97,OPEN,2,186,188,K,115.0,36,3034.0,2220.04,0.19,36,ACTIVATED
7030,AW3283,TLL - CDG,2025-03-01 14:10:00,2025-03-01 16:10:00,2024-11-25,-96,OPEN,2,189,189,R,109.0,56,5661.0,4373.0,0.3,56,SCHEDULED
6339,AW7647,OSL - CDG,2025-03-01 15:05:00,2025-03-01 18:40:00,2024-11-25,-97,OPEN,2,189,191,X,85.0,22,1889.0,1391.04,0.12,22,ACTIVATED
5799,AW7648,CDG - OSL,2025-03-01 16:20:00,2025-03-01 18:00:00,2024-11-25,-96,OPEN,2,186,186,A,45.0,11,834.0,477.71,0.06,11,ACTIVATED
5800,AW4638,CDG - VIE,2025-03-01 17:45:00,2025-03-01 19:55:00,2024-11-25,-96,OPEN,2,189,191,G,59.0,11,603.0,212.36,0.06,11,ACTIVATED
6509,AW7649,OSL - CDG,2025-03-01 18:40:00,2025-03-01 22:15:00,2024-11-25,-97,OPEN,2,186,188,X,85.0,28,2253.0,1619.74,0.15,28,ACTIVATED
7106,AW3285,TLL - CDG,2025-03-01 18:45:00,2025-03-01 20:45:00,2024-11-25,-96,OPEN,2,189,189,T,96.0,63,5518.0,4069.0,0.33,63,SCHEDULED
6978,AW3281,TLL - CDG,2025-03-01 20:15:00,2025-03-01 22:15:00,2024-11-25,-96,OPEN,2,186,189,T,96.0,52,4651.0,3455.0,0.28,52,SCHEDULED
6946,AW4639,VIE - CDG,2025-03-01 20:40:00,2025-03-01 22:50:00,2024-11-25,-96,OPEN,2,189,190,X,77.0,50,3039.0,2099.0,0.26,50,ACTIVATED
5624,AW4630,CDG - VIE,2025-03-02 06:05:00,2025-03-02 08:15:00,2024-11-25,-97,OPEN,2,189,193,N,52.0,9,475.0,149.14,0.05,9,ACTIVATED
6060,AW4670,CDG - BUD,2025-03-02 06:45:00,2025-03-02 09:50:00,2024-11-25,-97,OPEN,2,186,186,K,98.0,15,1308.0,780.93,0.08,15,SCHEDULED
6367,AW3280,CDG - TLL,2025-03-02 07:00:00,2025-03-02 12:40:00,2024-11-25,-97,OPEN,2,186,191,N,83.0,23,1744.0,309.9,0.12,23,SCHEDULED
2773,AW4634,CDG - VIE,2025-03-02 07:45:00,2025-03-02 09:55:00,2024-11-25,-97,CANCELLED,2,189,189,,,0,0.0,0.0,0.0,0,UNAVAILABLE
6162,AW4631,VIE - CDG,2025-03-02 09:00:00,2025-03-02 11:10:00,2024-11-25,-97,OPEN,2,189,191,X,77.0,17,1251.0,931.4,0.09,17,ACTIVATED
5367,AW7642,CDG - OSL,2025-03-02 10:35:00,2025-03-02 12:15:00,2024-11-25,-97,OPEN,2,189,189,N,50.0,7,632.0,384.66,0.04,7,ACTIVATED
6728,AW4671,BUD - CDG,2025-03-02 10:35:00,2025-03-02 15:40:00,2024-11-25,-98,OPEN,2,186,186,S,309.0,37,10533.0,10169.66,0.2,37,DEACTIVATED
2772,AW4635,VIE - CDG,2025-03-02 10:40:00,2025-03-02 12:50:00,2024-11-25,-97,CANCELLED,2,189,189,,,0,0.0,0.0,0.0,0,UNAVAILABLE
7042,AW4636,CDG - VIE,2025-03-02 11:15:00,2025-03-02 13:25:00,2024-11-25,-97,OPEN,2,189,192,R,76.0,57,4102.0,2145.85,0.3,57,ACTIVATED
5623,AW7646,CDG - OSL,2025-03-02 11:35:00,2025-03-02 13:15:00,2024-11-25,-97,OPEN,2,189,189,N,50.0,9,478.0,138.4,0.05,9,ACTIVATED
6117,AW7643,OSL - CDG,2025-03-02 12:55:00,2025-03-02 16:30:00,2024-11-25,-98,OPEN,2,189,191,X,85.0,16,1640.0,1276.26,0.08,16,ACTIVATED
4396,AW7644,CDG - OSL,2025-03-02 13:20:00,2025-03-02 15:00:00,2024-11-25,-97,OPEN,2,189,192,N,50.0,2,98.0,33.22,0.01,2,ACTIVATED
7379,AW3281,TLL - CDG,2025-03-02 13:35:00,2025-03-02 15:35:00,2024-11-25,-97,OPEN,2,186,188,T,96.0,85,8188.0,6233.0,0.45,85,SCHEDULED
5076,AW7647,OSL - CDG,2025-03-02 13:55:00,2025-03-02 17:30:00,2024-11-25,-98,OPEN,2,189,192,X,85.0,5,472.0,358.95,0.03,5,ACTIVATED
4893,AW3288,CDG - TLL,2025-03-02 14:10:00,2025-03-02 19:50:00,2024-11-25,-97,OPEN,2,189,193,T,102.0,4,517.0,281.92,0.02,4,SCHEDULED
6275,AW4637,VIE - CDG,2025-03-02 14:10:00,2025-03-02 16:20:00,2024-11-25,-97,OPEN,2,189,191,R,66.0,20,1603.0,1227.0,0.1,20,ACTIVATED
5801,AW7645,OSL - CDG,2025-03-02 15:40:00,2025-03-02 19:15:00,2024-11-25,-98,OPEN,2,189,192,L,99.0,11,1151.0,901.93,0.06,11,ACTIVATED
5508,AW7648,CDG - OSL,2025-03-02 16:20:00,2025-03-02 18:00:00,2024-11-25,-97,OPEN,2,189,186,N,50.0,8,475.78,182.31,0.04,8,ACTIVATED
7007,AW4638,CDG - VIE,2025-03-02 16:30:00,2025-03-02 18:40:00,2024-11-25,-97,OPEN,2,189,192,Q,140.0,54,5442.0,3376.92,0.28,54,ACTIVATED
5238,AW7649,OSL - CDG,2025-03-02 18:40:00,2025-03-02 22:15:00,2024-11-25,-98,OPEN,2,189,190,V,132.0,6,470.0,334.34,0.03,6,ACTIVATED
6116,AW4639,VIE - CDG,2025-03-02 19:25:00,2025-03-02 21:35:00,2024-11-25,-97,OPEN,2,189,191,K,99.0,16,1411.8,1111.0,0.08,16,ACTIVATED
6839,AW3289,TLL - CDG,2025-03-02 20:45:00,2025-03-02 22:45:00,2024-11-25,-97,OPEN,2,189,191,T,96.0,44,3991.0,2979.0,0.23,44,SCHEDULED
7265,AW4630,CDG - VIE,2025-03-03 06:05:00,2025-03-03 08:15:00,2024-11-25,-98,OPEN,2,186,188,T,66.0,76,4438.66,1956.41,0.4,76,ACTIVATED
6313,AW3280,CDG - TLL,2025-03-03 06:20:00,2025-03-03 12:00:00,2024-11-25,-98,OPEN,2,189,190,A,76.0,21,1586.0,261.95,0.11,21,SCHEDULED
2774,AW7640,CDG - OSL,2025-03-03 07:25:00,2025-03-03 09:05:00,2024-11-25,-98,OPEN,2,186,186,N,50.0,0,0.0,0.0,0.0,0,ACTIVATED
6204,AW4631,VIE - CDG,2025-03-03 09:00:00,2025-03-03 11:10:00,2024-11-25,-98,OPEN,2,186,187,A,38.0,18,978.0,639.6,0.1,18,ACTIVATED
5239,AW7641,OSL - CDG,2025-03-03 09:45:00,2025-03-03 13:20:00,2024-11-25,-99,OPEN,2,186,188,G,49.0,6,448.0,312.16,0.03,6,ACTIVATED
7416,AW4634,CDG - VIE,2025-03-03 10:25:00,2025-03-03 12:35:00,2024-11-25,-98,OPEN,2,189,191,K,110.0,88,6725.08,3696.14,0.46,88,ACTIVATED
5237,AW7644,CDG - OSL,2025-03-03 11:35:00,2025-03-03 13:15:00,2024-11-25,-98,OPEN,2,189,192,N,50.0,6,307.0,85.18,0.03,6,ACTIVATED
4894,AW7646,CDG - OSL,2025-03-03 12:40:00,2025-03-03 14:20:00,2024-11-25,-98,OPEN,2,189,189,G,56.0,4,407.39,264.09,0.02,4,ACTIVATED
6393,AW3281,TLL - CDG,2025-03-03 12:55:00,2025-03-03 14:55:00,2024-11-25,-98,OPEN,2,189,190,N,75.0,24,1628.0,1076.0,0.13,24,SCHEDULED
6163,AW3288,CDG - TLL,2025-03-03 13:10:00,2025-03-03 18:50:00,2024-11-25,-98,OPEN,2,186,192,A,76.0,17,1898.0,816.52,0.09,17,SCHEDULED
6061,AW4635,VIE - CDG,2025-03-03 13:20:00,2025-03-03 15:30:00,2024-11-25,-98,OPEN,2,189,190,N,44.0,15,863.8,581.8,0.08,15,ACTIVATED
3979,AW7645,OSL - CDG,2025-03-03 13:55:00,2025-03-03 17:30:00,2024-11-25,-99,OPEN,2,189,192,G,49.0,1,49.0,26.39,0.01,1,ACTIVATED
7525,AW4636,CDG - VIE,2025-03-03 14:45:00,2025-03-03 16:55:00,2024-11-25,-98,OPEN,2,189,191,K,110.0,96,7226.0,3848.63,0.5,96,ACTIVATED
4397,AW7647,OSL - CDG,2025-03-03 15:00:00,2025-03-03 18:35:00,2024-11-25,-99,OPEN,2,189,192,T,59.0,2,116.0,70.78,0.01,2,ACTIVATED
2775,AW7650,CDG - OSL,2025-03-03 15:35:00,2025-03-03 17:15:00,2024-11-25,-98,OPEN,2,189,189,G,56.0,0,0.0,0.0,0.0,0,ACTIVATED
6510,AW7648,CDG - OSL,2025-03-03 16:20:00,2025-03-03 18:00:00,2024-11-25,-98,OPEN,2,189,189,T,63.0,28,1772.0,727.68,0.15,28,ACTIVATED
7307,AW4638,CDG - VIE,2025-03-03 17:25:00,2025-03-03 19:35:00,2024-11-25,-98,OPEN,2,186,188,V,125.0,79,5829.0,3167.14,0.42,79,ACTIVATED
5873,AW4637,VIE - CDG,2025-03-03 17:40:00,2025-03-03 19:50:00,2024-11-25,-98,OPEN,2,189,191,T,57.0,12,579.0,353.4,0.06,12,ACTIVATED
2777,AW7651,OSL - CDG,2025-03-03 17:55:00,2025-03-03 21:30:00,2024-11-25,-99,OPEN,2,189,189,G,49.0,0,0.0,0.0,0.0,0,ACTIVATED
5368,AW7649,OSL - CDG,2025-03-03 18:40:00,2025-03-03 22:15:00,2024-11-25,-99,OPEN,2,189,192,N,40.0,7,336.0,176.83,0.04,7,ACTIVATED
6394,AW3289,TLL - CDG,2025-03-03 19:45:00,2025-03-03 21:45:00,2024-11-25,-98,OPEN,2,186,193,N,75.0,24,1546.0,994.0,0.12,24,SCHEDULED
5991,AW4639,VIE - CDG,2025-03-03 20:20:00,2025-03-03 22:30:00,2024-11-25,-98,OPEN,2,186,188,G,50.0,14,765.0,501.8,0.07,14,ACTIVATED
5721,AW3280,CDG - TLL,2025-03-04 07:15:00,2025-03-04 12:55:00,2024-11-25,-99,OPEN,2,186,186,A,76.0,10,696.0,63.36,0.05,10,SCHEDULED
5625,AW7640,CDG - OSL,2025-03-04 07:25:00,2025-03-04 09:05:00,2024-11-25,-99,OPEN,2,186,189,N,50.0,9,413.0,94.01,0.05,9,ACTIVATED
4622,AW7641,OSL - CDG,2025-03-04 09:45:00,2025-03-04 13:20:00,2024-11-25,-100,OPEN,2,186,186,G,49.0,4,178.0,87.56,0.02,4,ACTIVATED
6062,AW7644,CDG - OSL,2025-03-04 11:35:00,2025-03-04 13:15:00,2024-11-25,-99,OPEN,2,189,189,N,50.0,15,952.78,453.19,0.08,15,ACTIVATED
7074,AW4634,CDG - VIE,2025-03-04 11:55:00,2025-03-04 14:05:00,2024-11-25,-99,OPEN,2,186,188,T,66.0,60,3877.88,1934.48,0.32,60,ACTIVATED
5874,AW7646,CDG - OSL,2025-03-04 13:00:00,2025-03-04 14:40:00,2024-11-25,-99,OPEN,2,189,192,N,50.0,12,613.0,169.36,0.06,12,ACTIVATED
4616,AW3281,TLL - CDG,2025-03-04 13:50:00,2025-03-04 15:50:00,2024-11-25,-99,OPEN,2,186,189,G,85.0,3,463.0,394.0,0.02,3,SCHEDULED
5243,AW7645,OSL - CDG,2025-03-04 13:55:00,2025-03-04 17:30:00,2024-11-25,-100,OPEN,2,189,187,R,72.0,7,353.0,194.73,0.04,7,ACTIVATED
5077,AW3288,CDG - TLL,2025-03-04 14:05:00,2025-03-04 19:45:00,2024-11-25,-99,OPEN,2,186,191,A,76.0,5,525.0,208.68,0.03,5,SCHEDULED
5875,AW4635,VIE - CDG,2025-03-04 14:50:00,2025-03-04 17:00:00,2024-11-25,-99,OPEN,2,186,188,G,50.0,12,960.0,734.4,0.06,12,ACTIVATED
5510,AW7647,OSL - CDG,2025-03-04 15:20:00,2025-03-04 18:55:00,2024-11-25,-100,OPEN,2,189,189,T,59.0,9,482.0,277.61,0.05,9,ACTIVATED
6707,AW7648,CDG - OSL,2025-03-04 16:20:00,2025-03-04 18:00:00,2024-11-25,-99,OPEN,2,189,192,T,63.0,36,2547.0,1332.87,0.19,36,ACTIVATED
7296,AW4636,CDG - VIE,2025-03-04 17:25:00,2025-03-04 19:35:00,2024-11-25,-99,OPEN,2,189,191,V,125.0,78,6555.0,4021.71,0.41,78,ACTIVATED
5803,AW7649,OSL - CDG,2025-03-04 18:40:00,2025-03-04 22:15:00,2024-11-25,-100,OPEN,2,189,190,T,59.0,12,485.0,213.32,0.06,12,ACTIVATED
2776,AW4637,VIE - CDG,2025-03-04 20:20:00,2025-03-04 22:30:00,2024-11-25,-99,OPEN,2,189,189,G,50.0,0,0.0,0.0,0.0,0,ACTIVATED
4617,AW3289,TLL - CDG,2025-03-04 20:40:00,2025-03-04 22:40:00,2024-11-25,-99,OPEN,2,186,189,G,85.0,3,303.0,234.0,0.02,3,SCHEDULED
5946,AW4634,CDG - VIE,2025-03-05 07:00:00,2025-03-05 09:05:00,2024-11-25,-100,OPEN,2,189,189,T,66.0,14,616.0,66.36,0.07,14,ACTIVATED
4403,AW3280,CDG - TLL,2025-03-05 07:20:00,2025-03-05 13:00:00,2024-11-25,-100,OPEN,2,186,191,A,76.0,3,230.0,38.71,0.02,3,SCHEDULED
14,AW7640,CDG - OSL,2025-03-05 07:25:00,2025-03-05 09:05:00,2024-11-25,-100,OPEN,2,186,186,N,50.0,0,0.0,0.0,0.0,0,ACTIVATED
3983,AW7641,OSL - CDG,2025-03-05 09:45:00,2025-03-05 13:20:00,2024-11-25,-101,OPEN,2,186,186,G,49.0,2,60.0,14.42,0.01,2,ACTIVATED
5511,AW4635,VIE - CDG,2025-03-05 09:50:00,2025-03-05 12:00:00,2024-11-25,-100,OPEN,2,189,192,X,77.0,9,472.0,302.8,0.05,9,ACTIVATED
6398,AW7644,CDG - OSL,2025-03-05 11:30:00,2025-03-05 13:10:00,2024-11-25,-100,OPEN,2,186,189,T,63.0,25,1499.0,586.2,0.13,25,ACTIVATED
4623,AW3288,CDG - TLL,2025-03-05 12:30:00,2025-03-05 18:10:00,2024-11-25,-100,OPEN,2,186,191,A,76.0,4,288.0,37.94,0.02,4,SCHEDULED
5629,AW7646,CDG - OSL,2025-03-05 12:50:00,2025-03-05 14:30:00,2024-11-25,-100,OPEN,2,186,189,A,45.0,10,483.0,124.75,0.05,10,ACTIVATED
4624,AW7645,OSL - CDG,2025-03-05 13:50:00,2025-03-05 17:25:00,2024-11-25,-101,OPEN,2,186,186,A,32.0,4,140.0,49.2,0.02,4,ACTIVATED
5630,AW3281,TLL - CDG,2025-03-05 13:55:00,2025-03-05 15:55:00,2024-11-25,-100,OPEN,2,186,190,N,75.0,10,1074.0,844.0,0.05,10,SCHEDULED
6564,AW4638,CDG - VIE,2025-03-05 13:55:00,2025-03-05 16:05:00,2024-11-25,-100,OPEN,2,189,191,A,47.0,31,2236.06,1073.96,0.16,31,ACTIVATED
4625,AW7647,OSL - CDG,2025-03-05 15:10:00,2025-03-05 18:45:00,2024-11-25,-101,OPEN,2,186,186,T,59.0,4,196.0,105.56,0.02,4,ACTIVATED
5723,AW4630,CDG - VIE,2025-03-05 16:20:00,2025-03-05 18:30:00,2024-11-25,-100,OPEN,2,189,189,G,59.0,11,679.0,267.75,0.06,11,ACTIVATED
6883,AW7648,CDG - OSL,2025-03-05 16:20:00,2025-03-05 18:00:00,2024-11-25,-100,OPEN,2,189,188,X,81.0,47,2945.0,1264.66,0.25,47,ACTIVATED
5081,AW4639,VIE - CDG,2025-03-05 16:50:00,2025-03-05 19:00:00,2024-11-25,-100,OPEN,2,189,189,T,57.0,6,219.0,106.2,0.03,6,ACTIVATED
4626,AW7649,OSL - CDG,2025-03-05 18:40:00,2025-03-05 22:15:00,2024-11-25,-101,OPEN,2,189,186,A,32.0,4,290.0,199.56,0.02,4,ACTIVATED
6370,AW3289,TLL - CDG,2025-03-05 19:05:00,2025-03-05 21:05:00,2024-11-25,-100,OPEN,2,186,190,N,75.0,24,1462.0,910.0,0.13,24,SCHEDULED
3752,AW4631,VIE - CDG,2025-03-05 19:15:00,2025-03-05 21:25:00,2024-11-25,-100,OPEN,2,189,189,T,57.0,1,57.0,38.2,0.01,1,ACTIVATED
15,AW4630,CDG - VIE,2025-03-06 06:05:00,2025-03-06 08:15:00,2024-11-25,-101,OPEN,2,186,186,T,66.0,0,0.0,0.0,0.0,0,ACTIVATED
4404,AW3280,CDG - TLL,2025-03-06 07:00:00,2025-03-06 12:40:00,2024-11-25,-101,OPEN,2,186,189,N,83.0,3,255.0,78.69,0.02,3,SCHEDULED
4627,AW7640,CDG - OSL,2025-03-06 07:25:00,2025-03-06 09:05:00,2024-11-25,-101,OPEN,2,186,188,A,45.0,4,212.0,68.7,0.02,4,ACTIVATED
6242,AW4631,VIE - CDG,2025-03-06 09:00:00,2025-03-06 11:10:00,2024-11-25,-101,OPEN,2,186,189,R,66.0,20,974.0,598.0,0.11,20,ACTIVATED
5512,AW7641,OSL - CDG,2025-03-06 09:45:00,2025-03-06 13:20:00,2024-11-25,-102,OPEN,2,186,186,G,49.0,9,302.22,98.01,0.05,9,ACTIVATED
4898,AW4634,CDG - VIE,2025-03-06 11:55:00,2025-03-06 14:05:00,2024-11-25,-101,OPEN,2,186,190,N,52.0,5,274.0,84.57,0.03,5,ACTIVATED
5877,AW7646,CDG - OSL,2025-03-06 12:20:00,2025-03-06 14:00:00,2024-11-25,-101,OPEN,2,189,191,N,50.0,13,776.0,313.71,0.07,13,ACTIVATED
4628,AW3281,TLL - CDG,2025-03-06 13:35:00,2025-03-06 15:35:00,2024-11-25,-101,OPEN,2,186,186,G,85.0,4,310.0,218.0,0.02,4,SCHEDULED
5878,AW3288,CDG - TLL,2025-03-06 14:10:00,2025-03-06 19:50:00,2024-11-25,-101,OPEN,2,186,189,A,76.0,13,1164.0,340.07,0.07,13,SCHEDULED
5513,AW7647,OSL - CDG,2025-03-06 14:35:00,2025-03-06 18:10:00,2024-11-25,-102,OPEN,2,189,192,T,59.0,9,765.61,562.12,0.05,9,ACTIVATED
4899,AW4635,VIE - CDG,2025-03-06 14:50:00,2025-03-06 17:00:00,2024-11-25,-101,OPEN,2,186,186,G,50.0,5,330.0,236.0,0.03,5,ACTIVATED
3984,AW7656,CDG - OSL,2025-03-06 15:30:00,2025-03-06 17:10:00,2024-11-25,-101,OPEN,2,186,186,A,45.0,2,90.0,11.48,0.01,2,ACTIVATED
5372,AW7648,CDG - OSL,2025-03-06 16:25:00,2025-03-06 18:05:00,2024-11-25,-101,OPEN,2,186,188,A,45.0,8,402.78,116.18,0.04,8,ACTIVATED
5724,AW4638,CDG - VIE,2025-03-06 17:05:00,2025-03-06 19:15:00,2024-11-25,-101,OPEN,2,189,193,A,47.0,11,628.0,223.62,0.06,11,ACTIVATED
4405,AW7657,OSL - CDG,2025-03-06 17:50:00,2025-03-06 21:25:00,2024-11-25,-102,OPEN,2,186,189,N,40.0,3,147.0,79.17,0.02,3,ACTIVATED
6948,AW7649,OSL - CDG,2025-03-06 18:40:00,2025-03-06 22:15:00,2024-11-25,-102,OPEN,2,186,189,T,59.0,51,4149.0,2986.89,0.27,51,ACTIVATED
7312,AW4639,VIE - CDG,2025-03-06 20:00:00,2025-03-06 22:10:00,2024-11-25,-101,OPEN,2,189,191,R,66.0,80,6161.1,4657.1,0.42,80,ACTIVATED
5082,AW3289,TLL - CDG,2025-03-06 20:45:00,2025-03-06 22:45:00,2024-11-25,-101,OPEN,2,186,191,G,85.0,6,500.0,362.0,0.03,6,SCHEDULED
5084,AW4630,CDG - VIE,2025-03-07 06:05:00,2025-03-07 08:15:00,2024-11-25,-102,OPEN,2,189,194,N,52.0,6,312.0,117.66,0.03,6,ACTIVATED
5244,AW3280,CDG - TLL,2025-03-07 07:05:00,2025-03-07 12:45:00,2024-11-25,-102,OPEN,2,186,190,G,92.0,7,623.0,181.65,0.04,7,SCHEDULED
5514,AW7640,CDG - OSL,2025-03-07 07:20:00,2025-03-07 09:00:00,2024-11-25,-102,OPEN,2,189,189,T,63.0,9,608.17,302.92,0.05,9,ACTIVATED
5373,AW4670,CDG - BUD,2025-03-07 08:15:00,2025-03-07 11:20:00,2024-11-25,-102,OPEN,2,189,189,G,53.0,8,482.0,167.92,0.04,8,SCHEDULED
4900,AW4631,VIE - CDG,2025-03-07 09:00:00,2025-03-07 11:10:00,2024-11-25,-102,OPEN,2,189,189,R,66.0,5,393.0,299.0,0.03,5,ACTIVATED
5515,AW7641,OSL - CDG,2025-03-07 09:40:00,2025-03-07 13:15:00,2024-11-25,-103,OPEN,2,189,186,G,49.0,9,297.0,93.51,0.05,9,ACTIVATED
6674,AW4634,CDG - VIE,2025-03-07 10:25:00,2025-03-07 12:35:00,2024-11-25,-102,OPEN,2,189,193,G,59.0,35,1853.73,555.2,0.18,35,ACTIVATED
5725,AW7644,CDG - OSL,2025-03-07 11:30:00,2025-03-07 13:10:00,2024-11-25,-102,OPEN,2,186,189,G,56.0,11,872.0,488.23,0.06,11,ACTIVATED
5375,AW4671,BUD - CDG,2025-03-07 12:05:00,2025-03-07 17:10:00,2024-11-25,-103,OPEN,2,189,189,R,56.0,8,532.0,453.44,0.04,8,DEACTIVATED
5805,AW3288,CDG - TLL,2025-03-07 12:20:00,2025-03-07 18:00:00,2024-11-25,-102,OPEN,2,189,189,N,83.0,12,1367.0,631.8,0.06,12,SCHEDULED
5083,AW7650,CDG - OSL,2025-03-07 13:15:00,2025-03-07 14:55:00,2024-11-25,-102,OPEN,2,189,192,R,71.0,6,532.0,337.66,0.03,6,ACTIVATED
5374,AW4635,VIE - CDG,2025-03-07 13:20:00,2025-03-07 15:30:00,2024-11-25,-102,OPEN,2,189,191,R,66.0,8,567.0,416.6,0.04,8,ACTIVATED
5085,AW3281,TLL - CDG,2025-03-07 13:40:00,2025-03-07 15:40:00,2024-11-25,-102,OPEN,2,186,186,R,109.0,6,654.0,516.0,0.03,6,SCHEDULED
4406,AW7645,OSL - CDG,2025-03-07 13:50:00,2025-03-07 17:25:00,2024-11-25,-103,OPEN,2,186,186,G,49.0,3,231.0,162.63,0.02,3,ACTIVATED
16,AW4636,CDG - VIE,2025-03-07 14:45:00,2025-03-07 16:55:00,2024-11-25,-102,CANCELLED,2,189,189,,,0,0.0,0.0,0.0,0,UNAVAILABLE
5087,AW7651,OSL - CDG,2025-03-07 15:35:00,2025-03-07 19:10:00,2024-11-25,-103,OPEN,2,189,191,G,49.0,6,324.0,187.98,0.03,6,ACTIVATED
5804,AW7646,CDG - OSL,2025-03-07 16:10:00,2025-03-07 17:50:00,2024-11-25,-102,OPEN,2,189,189,N,50.0,12,615.0,143.88,0.06,12,ACTIVATED
4629,AW7648,CDG - OSL,2025-03-07 16:20:00,2025-03-07 18:00:00,2024-11-25,-102,OPEN,2,189,192,G,56.0,4,245.0,94.83,0.02,4,ACTIVATED
17,AW4637,VIE - CDG,2025-03-07 17:40:00,2025-03-07 19:50:00,2024-11-25,-102,CANCELLED,2,189,189,,,0,0.0,0.0,0.0,0,UNAVAILABLE
5726,AW4638,CDG - VIE,2025-03-07 17:45:00,2025-03-07 19:55:00,2024-11-25,-102,OPEN,2,189,194,R,76.0,11,638.0,226.75,0.06,11,ACTIVATED
4630,AW7647,OSL - CDG,2025-03-07 18:30:00,2025-03-07 22:05:00,2024-11-25,-103,OPEN,2,189,189,G,49.0,4,236.0,145.56,0.02,4,ACTIVATED
4407,AW7649,OSL - CDG,2025-03-07 18:40:00,2025-03-07 22:15:00,2024-11-25,-103,OPEN,2,189,189,A,32.0,3,148.0,79.99,0.02,3,ACTIVATED
5086,AW3289,TLL - CDG,2025-03-07 18:55:00,2025-03-07 20:55:00,2024-11-25,-102,OPEN,2,189,191,R,109.0,6,685.0,547.0,0.03,6,SCHEDULED
7248,AW4639,VIE - CDG,2025-03-07 20:40:00,2025-03-07 22:50:00,2024-11-25,-102,OPEN,2,189,190,R,66.0,75,6498.92,5088.92,0.39,75,ACTIVATED
5088,AW4630,CDG - VIE,2025-03-08 06:00:00,2025-03-08 08:10:00,2024-11-25,-103,OPEN,2,189,192,R,76.0,6,312.0,97.05,0.03,6,ACTIVATED
5994,AW4670,CDG - BUD,2025-03-08 06:20:00,2025-03-08 09:25:00,2024-11-25,-103,OPEN,2,186,136,T,60.0,15,1225.0,656.71,0.11,15,SCHEDULED
5807,AW3282,CDG - TLL,2025-03-08 07:35:00,2025-03-08 13:15:00,2024-11-25,-103,OPEN,2,186,187,N,83.0,12,1000.0,272.29,0.06,12,SCHEDULED
6455,AW7640,CDG - OSL,2025-03-08 07:35:00,2025-03-08 09:15:00,2024-11-25,-103,OPEN,2,189,190,R,71.0,27,2076.39,1201.86,0.14,27,ACTIVATED
6796,AW4676,CDG - BUD,2025-03-08 07:45:00,2025-03-08 10:50:00,2024-11-25,-103,OPEN,2,189,129,T,60.0,42,3614.0,2171.18,0.33,42,SCHEDULED
4632,AW4631,VIE - CDG,2025-03-08 08:55:00,2025-03-08 11:05:00,2024-11-25,-103,OPEN,2,189,189,G,50.0,4,200.0,124.8,0.02,4,ACTIVATED
5089,AW4634,CDG - VIE,2025-03-08 09:35:00,2025-03-08 11:45:00,2024-11-25,-103,OPEN,2,189,189,N,52.0,6,291.0,76.05,0.03,6,ACTIVATED
18,AW7641,OSL - CDG,2025-03-08 09:55:00,2025-03-08 13:30:00,2024-11-25,-104,OPEN,2,189,189,T,59.0,0,0.0,0.0,0.0,0,ACTIVATED
6797,AW4671,BUD - CDG,2025-03-08 10:10:00,2025-03-08 15:15:00,2024-11-25,-104,OPEN,2,186,136,R,56.0,42,2555.0,2142.56,0.31,42,DEACTIVATED
6206,AW7644,CDG - OSL,2025-03-08 11:35:00,2025-03-08 13:15:00,2024-11-25,-103,OPEN,2,186,187,X,81.0,19,1330.39,701.24,0.1,19,ACTIVATED
6949,AW4677,BUD - CDG,2025-03-08 11:40:00,2025-03-08 16:45:00,2024-11-25,-104,OPEN,2,189,129,X,66.0,51,2940.0,2439.18,0.4,51,DEACTIVATED
5806,AW4635,VIE - CDG,2025-03-08 12:30:00,2025-03-08 14:40:00,2024-11-25,-103,OPEN,2,189,191,X,77.0,12,934.0,708.4,0.06,12,ACTIVATED
4631,AW7646,CDG - OSL,2025-03-08 12:45:00,2025-03-08 14:25:00,2024-11-25,-103,OPEN,2,189,189,T,63.0,4,231.0,73.96,0.02,4,ACTIVATED
5631,AW3280,CDG - TLL,2025-03-08 13:40:00,2025-03-08 19:20:00,2024-11-25,-103,OPEN,2,186,187,N,83.0,10,1318.0,715.32,0.05,10,SCHEDULED
3753,AW7645,OSL - CDG,2025-03-08 13:55:00,2025-03-08 17:30:00,2024-11-25,-104,OPEN,2,186,189,T,59.0,1,40.0,17.39,0.01,1,ACTIVATED
5376,AW3283,TLL - CDG,2025-03-08 14:10:00,2025-03-08 16:10:00,2024-11-25,-103,OPEN,2,186,190,T,96.0,8,864.0,680.0,0.04,8,SCHEDULED
4633,AW7647,OSL - CDG,2025-03-08 15:05:00,2025-03-08 18:40:00,2024-11-25,-104,OPEN,2,189,189,N,40.0,4,204.0,113.2,0.02,4,ACTIVATED
3985,AW7648,CDG - OSL,2025-03-08 16:20:00,2025-03-08 18:00:00,2024-11-25,-103,OPEN,2,186,186,G,56.0,2,194.0,122.35,0.01,2,ACTIVATED
5090,AW4638,CDG - VIE,2025-03-08 17:45:00,2025-03-08 19:55:00,2024-11-25,-103,OPEN,2,189,193,G,59.0,6,366.0,171.66,0.03,6,ACTIVATED
4901,AW7649,OSL - CDG,2025-03-08 18:40:00,2025-03-08 22:15:00,2024-11-25,-104,OPEN,2,186,188,N,40.0,5,237.0,123.59,0.03,5,ACTIVATED
4408,AW3281,TLL - CDG,2025-03-08 20:15:00,2025-03-08 22:15:00,2024-11-25,-103,OPEN,2,186,186,G,85.0,3,341.0,272.0,0.02,3,SCHEDULED
6995,AW4639,VIE - CDG,2025-03-08 20:40:00,2025-03-08 22:50:00,2024-11-25,-103,OPEN,2,189,191,R,66.0,54,4721.2,3706.0,0.28,54,ACTIVATED
21,AW4630,CDG - VIE,2025-03-09 06:05:00,2025-03-09 08:15:00,2024-11-25,-104,OPEN,2,189,189,G,59.0,0,0.0,0.0,0.0,0,ACTIVATED
22,AW3280,CDG - TLL,2025-03-09 06:20:00,2025-03-09 12:00:00,2024-11-25,-104,CANCELLED,2,186,186,,,0,0.0,0.0,0.0,0,UNAVAILABLE
5377,AW4670,CDG - BUD,2025-03-09 06:45:00,2025-03-09 09:50:00,2024-11-25,-104,OPEN,2,186,186,T,60.0,8,622.0,335.4,0.04,8,SCHEDULED
24,AW4634,CDG - VIE,2025-03-09 07:45:00,2025-03-09 09:55:00,2024-11-25,-104,CANCELLED,2,189,189,,,0,0.0,0.0,0.0,0,UNAVAILABLE
5808,AW3282,CDG - TLL,2025-03-09 08:30:00,2025-03-09 14:10:00,2024-11-25,-104,OPEN,2,189,189,N,83.0,12,1148.0,352.88,0.06,12,SCHEDULED
5727,AW4631,VIE - CDG,2025-03-09 09:00:00,2025-03-09 11:10:00,2024-11-25,-104,OPEN,2,189,191,T,57.0,11,682.0,475.2,0.06,11,ACTIVATED
6122,AW4671,BUD - CDG,2025-03-09 10:35:00,2025-03-09 15:40:00,2024-11-25,-105,OPEN,2,186,187,L,75.0,17,1629.0,1462.06,0.09,17,DEACTIVATED
19,AW7642,CDG - OSL,2025-03-09 10:35:00,2025-03-09 12:15:00,2024-11-25,-104,OPEN,2,189,189,G,56.0,0,0.0,0.0,0.0,0,ACTIVATED
25,AW4635,VIE - CDG,2025-03-09 10:40:00,2025-03-09 12:50:00,2024-11-25,-104,CANCELLED,2,189,189,,,0,0.0,0.0,0.0,0,UNAVAILABLE
6912,AW4636,CDG - VIE,2025-03-09 11:15:00,2025-03-09 13:25:00,2024-11-25,-104,OPEN,2,189,189,G,59.0,49,4371.95,2503.17,0.26,49,ACTIVATED
4409,AW7646,CDG - OSL,2025-03-09 11:35:00,2025-03-09 13:15:00,2024-11-25,-104,OPEN,2,189,189,R,71.0,3,183.0,85.83,0.02,3,ACTIVATED
23,AW3281,TLL - CDG,2025-03-09 12:55:00,2025-03-09 14:55:00,2024-11-25,-104,CANCELLED,2,186,186,,,0,0.0,0.0,0.0,0,UNAVAILABLE
4902,AW7643,OSL - CDG,2025-03-09 12:55:00,2025-03-09 16:30:00,2024-11-25,-105,OPEN,2,189,189,T,59.0,5,360.0,246.95,0.03,5,ACTIVATED
20,AW7644,CDG - OSL,2025-03-09 13:20:00,2025-03-09 15:00:00,2024-11-25,-104,OPEN,2,189,189,R,71.0,0,0.0,0.0,0.0,0,ACTIVATED
4410,AW7647,OSL - CDG,2025-03-09 13:55:00,2025-03-09 17:30:00,2024-11-25,-105,OPEN,2,189,189,T,59.0,3,410.0,342.17,0.02,3,ACTIVATED
5378,AW3288,CDG - TLL,2025-03-09 14:10:00,2025-03-09 19:50:00,2024-11-25,-104,OPEN,2,186,194,T,102.0,8,932.54,454.89,0.04,8,SCHEDULED
6120,AW4637,VIE - CDG,2025-03-09 14:10:00,2025-03-09 16:20:00,2024-11-25,-104,OPEN,2,189,188,L,87.0,17,1183.8,864.2,0.09,17,ACTIVATED
6121,AW3283,TLL - CDG,2025-03-09 15:05:00,2025-03-09 17:05:00,2024-11-25,-104,OPEN,2,189,189,G,85.0,17,1365.0,974.0,0.09,17,SCHEDULED
4903,AW7645,OSL - CDG,2025-03-09 15:40:00,2025-03-09 19:15:00,2024-11-25,-105,OPEN,2,189,193,T,59.0,5,399.0,285.95,0.03,5,ACTIVATED
3986,AW7648,CDG - OSL,2025-03-09 16:20:00,2025-03-09 18:00:00,2024-11-25,-104,OPEN,2,186,189,R,71.0,2,112.0,47.22,0.01,2,ACTIVATED
5516,AW4638,CDG - VIE,2025-03-09 16:30:00,2025-03-09 18:40:00,2024-11-25,-104,OPEN,2,189,189,L,98.0,9,674.0,327.53,0.05,9,ACTIVATED
6276,AW7649,OSL - CDG,2025-03-09 18:40:00,2025-03-09 22:15:00,2024-11-25,-105,OPEN,2,186,189,R,72.0,21,1630.44,1155.63,0.11,21,ACTIVATED
5879,AW4639,VIE - CDG,2025-03-09 19:25:00,2025-03-09 21:35:00,2024-11-25,-104,OPEN,2,189,191,N,44.0,13,579.8,335.4,0.07,13,ACTIVATED
5995,AW3289,TLL - CDG,2025-03-09 20:45:00,2025-03-09 22:45:00,2024-11-25,-104,OPEN,2,186,191,R,109.0,15,1877.0,1532.0,0.08,15,SCHEDULED
5379,AW4630,CDG - VIE,2025-03-10 06:05:00,2025-03-10 08:15:00,2024-11-25,-105,OPEN,2,186,189,A,47.0,8,368.0,88.27,0.04,8,ACTIVATED
4904,AW3280,CDG - TLL,2025-03-10 06:20:00,2025-03-10 12:00:00,2024-11-25,-105,OPEN,2,186,189,G,92.0,5,371.0,54.68,0.03,5,SCHEDULED
4634,AW7640,CDG - OSL,2025-03-10 07:25:00,2025-03-10 09:05:00,2024-11-25,-105,OPEN,2,186,186,G,56.0,4,192.0,48.7,0.02,4,ACTIVATED
5728,AW4631,VIE - CDG,2025-03-10 09:00:00,2025-03-10 11:10:00,2024-11-25,-105,OPEN,2,186,187,X,77.0,11,745.0,538.2,0.06,11,ACTIVATED
3754,AW7641,OSL - CDG,2025-03-10 09:45:00,2025-03-10 13:20:00,2024-11-25,-106,OPEN,2,186,188,G,49.0,1,22.61,0.0,0.01,1,ACTIVATED
5729,AW4634,CDG - VIE,2025-03-10 10:25:00,2025-03-10 12:35:00,2024-11-25,-105,OPEN,2,189,191,N,52.0,11,527.0,102.01,0.06,11,ACTIVATED
26,AW7644,CDG - OSL,2025-03-10 11:35:00,2025-03-10 13:15:00,2024-11-25,-105,OPEN,2,189,189,N,50.0,0,0.0,0.0,0.0,0,ACTIVATED
4411,AW7646,CDG - OSL,2025-03-10 12:40:00,2025-03-10 14:20:00,2024-11-25,-105,OPEN,2,189,189,A,45.0,3,168.0,63.96,0.02,3,ACTIVATED
5245,AW3281,TLL - CDG,2025-03-10 12:55:00,2025-03-10 14:55:00,2024-11-25,-105,OPEN,2,186,190,R,109.0,7,1099.0,938.0,0.04,7,SCHEDULED
27,AW3288,CDG - TLL,2025-03-10 13:10:00,2025-03-10 18:50:00,2024-11-25,-105,CANCELLED,2,189,189,,,0,0.0,0.0,0.0,0,UNAVAILABLE
5517,AW4635,VIE - CDG,2025-03-10 13:20:00,2025-03-10 15:30:00,2024-11-25,-105,OPEN,2,189,189,T,57.0,9,531.0,361.8,0.05,9,ACTIVATED
5246,AW7645,OSL - CDG,2025-03-10 13:55:00,2025-03-10 17:30:00,2024-11-25,-106,OPEN,2,189,192,T,59.0,7,425.0,270.63,0.04,7,ACTIVATED
5730,AW4636,CDG - VIE,2025-03-10 14:45:00,2025-03-10 16:55:00,2024-11-25,-105,OPEN,2,189,191,G,59.0,11,544.0,153.36,0.06,11,ACTIVATED
5380,AW7647,OSL - CDG,2025-03-10 15:00:00,2025-03-10 18:35:00,2024-11-25,-106,OPEN,2,189,191,X,85.0,8,563.0,382.12,0.04,8,ACTIVATED
3987,AW7650,CDG - OSL,2025-03-10 15:35:00,2025-03-10 17:15:00,2024-11-25,-105,OPEN,2,186,189,A,45.0,2,112.0,47.22,0.01,2,ACTIVATED
29,AW7648,CDG - OSL,2025-03-10 16:20:00,2025-03-10 18:00:00,2024-11-25,-105,CANCELLED,2,189,189,,,0,0.0,0.0,0.0,0,UNAVAILABLE
5518,AW4638,CDG - VIE,2025-03-10 17:25:00,2025-03-10 19:35:00,2024-11-25,-105,OPEN,2,186,188,N,52.0,9,468.0,128.4,0.05,9,ACTIVATED
5880,AW4637,VIE - CDG,2025-03-10 17:40:00,2025-03-10 19:50:00,2024-11-25,-105,OPEN,2,189,189,N,44.0,13,579.0,334.6,0.07,13,ACTIVATED
6314,AW7651,OSL - CDG,2025-03-10 17:55:00,2025-03-10 21:30:00,2024-11-25,-106,OPEN,2,186,192,T,59.0,22,1988.22,1490.62,0.11,22,ACTIVATED
33,AW7649,OSL - CDG,2025-03-10 18:40:00,2025-03-10 22:15:00,2024-11-25,-106,CANCELLED,2,189,189,,,0,0.0,0.0,0.0,0,UNAVAILABLE
28,AW3289,TLL - CDG,2025-03-10 19:45:00,2025-03-10 21:45:00,2024-11-25,-105,CANCELLED,2,189,189,,,0,0.0,0.0,0.0,0,UNAVAILABLE
5519,AW4639,VIE - CDG,2025-03-10 20:20:00,2025-03-10 22:30:00,2024-11-25,-105,OPEN,2,186,188,T,57.0,9,480.0,310.8,0.05,9,ACTIVATED
6315,AW3280,CDG - TLL,2025-03-11 07:15:00,2025-03-11 12:55:00,2024-11-25,-106,OPEN,2,186,191,A,76.0,22,1623.0,255.16,0.12,22,SCHEDULED
6711,AW7640,CDG - OSL,2025-03-11 07:25:00,2025-03-11 09:05:00,2024-11-25,-106,OPEN,2,186,186,T,63.0,37,2489.73,1291.3,0.2,37,ACTIVATED
4412,AW7641,OSL - CDG,2025-03-11 09:45:00,2025-03-11 13:20:00,2024-11-25,-107,OPEN,2,186,186,A,32.0,3,109.0,40.81,0.02,3,ACTIVATED
5091,AW7644,CDG - OSL,2025-03-11 11:35:00,2025-03-11 13:15:00,2024-11-25,-106,OPEN,2,189,189,A,45.0,6,362.0,140.18,0.03,6,ACTIVATED
5520,AW4634,CDG - VIE,2025-03-11 11:55:00,2025-03-11 14:05:00,2024-11-25,-106,OPEN,2,186,189,N,52.0,9,498.0,192.75,0.05,9,ACTIVATED
5881,AW7646,CDG - OSL,2025-03-11 13:00:00,2025-03-11 14:40:00,2024-11-25,-106,OPEN,2,189,193,A,45.0,13,717.0,295.93,0.07,13,ACTIVATED
5521,AW3281,TLL - CDG,2025-03-11 13:50:00,2025-03-11 15:50:00,2024-11-25,-106,OPEN,2,186,189,T,96.0,9,1337.0,1130.0,0.05,9,SCHEDULED
5247,AW7645,OSL - CDG,2025-03-11 13:55:00,2025-03-11 17:30:00,2024-11-25,-107,OPEN,2,189,187,N,40.0,7,503.0,344.37,0.04,7,ACTIVATED
31,AW3288,CDG - TLL,2025-03-11 14:05:00,2025-03-11 19:45:00,2024-11-25,-106,CANCELLED,2,189,189,,,0,0.0,0.0,0.0,0,UNAVAILABLE
6277,AW4635,VIE - CDG,2025-03-11 14:50:00,2025-03-11 17:00:00,2024-11-25,-106,OPEN,2,186,189,N,44.0,21,1280.95,886.15,0.11,21,ACTIVATED
5632,AW7647,OSL - CDG,2025-03-11 15:20:00,2025-03-11 18:55:00,2024-11-25,-107,OPEN,2,189,190,N,40.0,10,680.0,455.85,0.05,10,ACTIVATED
34,AW7648,CDG - OSL,2025-03-11 16:20:00,2025-03-11 18:00:00,2024-11-25,-106,CANCELLED,2,186,186,,,0,0.0,0.0,0.0,0,UNAVAILABLE
6123,AW4636,CDG - VIE,2025-03-11 17:25:00,2025-03-11 19:35:00,2024-11-25,-106,OPEN,2,189,192,N,52.0,17,868.0,207.45,0.09,17,ACTIVATED
37,AW7649,OSL - CDG,2025-03-11 18:40:00,2025-03-11 22:15:00,2024-11-25,-107,CANCELLED,2,186,186,,,0,0.0,0.0,0.0,0,UNAVAILABLE
30,AW4637,VIE - CDG,2025-03-11 20:20:00,2025-03-11 22:30:00,2024-11-25,-106,OPEN,2,189,189,A,38.0,0,0.0,0.0,0.0,0,ACTIVATED
32,AW3289,TLL - CDG,2025-03-11 20:40:00,2025-03-11 22:40:00,2024-11-25,-106,CANCELLED,2,189,189,,,0,0.0,0.0,0.0,0,UNAVAILABLE
7022,AW4634,CDG - VIE,2025-03-12 07:00:00,2025-03-12 09:05:00,2024-11-25,-107,OPEN,2,189,191,N,52.0,56,4133.92,2320.08,0.29,56,ACTIVATED
6063,AW3280,CDG - TLL,2025-03-12 07:20:00,2025-03-12 13:00:00,2024-11-25,-107,OPEN,2,186,191,N,83.0,16,1180.0,194.74,0.08,16,SCHEDULED
4413,AW7640,CDG - OSL,2025-03-12 07:25:00,2025-03-12 09:05:00,2024-11-25,-107,OPEN,2,186,186,N,50.0,3,162.0,57.96,0.02,3,ACTIVATED
3988,AW7641,OSL - CDG,2025-03-12 09:45:00,2025-03-12 13:20:00,2024-11-25,-108,OPEN,2,186,186,N,40.0,2,60.0,14.42,0.01,2,ACTIVATED
5381,AW4635,VIE - CDG,2025-03-12 09:50:00,2025-03-12 12:00:00,2024-11-25,-107,OPEN,2,189,189,G,50.0,8,399.0,248.6,0.04,8,ACTIVATED
5092,AW7644,CDG - OSL,2025-03-12 11:30:00,2025-03-12 13:10:00,2024-11-25,-107,OPEN,2,186,189,N,50.0,6,242.0,33.92,0.03,6,ACTIVATED
35,AW3288,CDG - TLL,2025-03-12 12:30:00,2025-03-12 18:10:00,2024-11-25,-107,CANCELLED,2,189,189,,,0,0.0,0.0,0.0,0,UNAVAILABLE
4414,AW7646,CDG - OSL,2025-03-12 12:50:00,2025-03-12 14:30:00,2024-11-25,-107,OPEN,2,186,188,N,50.0,3,176.0,65.09,0.02,3,ACTIVATED
4635,AW7645,OSL - CDG,2025-03-12 13:50:00,2025-03-12 17:25:00,2024-11-25,-108,OPEN,2,186,186,N,40.0,4,207.0,116.38,0.02,4,ACTIVATED
5095,AW3281,TLL - CDG,2025-03-12 13:55:00,2025-03-12 15:55:00,2024-11-25,-107,OPEN,2,186,190,T,96.0,6,544.0,406.0,0.03,6,SCHEDULED
4905,AW4638,CDG - VIE,2025-03-12 13:55:00,2025-03-12 16:05:00,2024-11-25,-107,OPEN,2,189,189,N,52.0,5,346.0,170.31,0.03,5,ACTIVATED
5382,AW7647,OSL - CDG,2025-03-12 15:10:00,2025-03-12 18:45:00,2024-11-25,-108,OPEN,2,186,188,T,59.0,8,772.0,591.12,0.04,8,ACTIVATED
5093,AW4630,CDG - VIE,2025-03-12 16:20:00,2025-03-12 18:30:00,2024-11-25,-107,OPEN,2,186,191,N,52.0,6,342.0,140.79,0.03,6,ACTIVATED
38,AW7648,CDG - OSL,2025-03-12 16:20:00,2025-03-12 18:00:00,2024-11-25,-107,CANCELLED,2,189,189,,,0,0.0,0.0,0.0,0,UNAVAILABLE
5882,AW4639,VIE - CDG,2025-03-12 16:50:00,2025-03-12 19:00:00,2024-11-25,-107,OPEN,2,189,189,T,57.0,13,561.0,316.6,0.07,13,ACTIVATED
41,AW7649,OSL - CDG,2025-03-12 18:40:00,2025-03-12 22:15:00,2024-11-25,-108,CANCELLED,2,189,189,,,0,0.0,0.0,0.0,0,UNAVAILABLE
36,AW3289,TLL - CDG,2025-03-12 19:05:00,2025-03-12 21:05:00,2024-11-25,-107,CANCELLED,2,189,189,,,0,0.0,0.0,0.0,0,UNAVAILABLE
5094,AW4631,VIE - CDG,2025-03-12 19:15:00,2025-03-12 21:25:00,2024-11-25,-107,OPEN,2,186,191,G,50.0,6,312.0,199.2,0.03,6,ACTIVATED
4637,AW4630,CDG - VIE,2025-03-13 06:05:00,2025-03-13 08:15:00,2024-11-25,-108,OPEN,2,186,191,N,52.0,4,186.0,42.7,0.02,4,ACTIVATED
5997,AW3280,CDG - TLL,2025-03-13 07:00:00,2025-03-13 12:40:00,2024-11-25,-108,OPEN,2,186,192,G,92.0,15,1371.0,489.45,0.08,15,SCHEDULED
4636,AW7640,CDG - OSL,2025-03-13 07:25:00,2025-03-13 09:05:00,2024-11-25,-108,OPEN,2,186,187,N,50.0,4,388.0,258.44,0.02,4,ACTIVATED
5248,AW4631,VIE - CDG,2025-03-13 09:00:00,2025-03-13 11:10:00,2024-11-25,-108,OPEN,2,186,186,G,50.0,7,358.0,226.4,0.04,7,ACTIVATED
3990,AW7641,OSL - CDG,2025-03-13 09:45:00,2025-03-13 13:20:00,2024-11-25,-109,OPEN,2,186,186,A,32.0,2,60.0,14.42,0.01,2,ACTIVATED
5883,AW4634,CDG - VIE,2025-03-13 11:55:00,2025-03-13 14:05:00,2024-11-25,-108,OPEN,2,186,191,N,52.0,13,617.0,127.23,0.07,13,ACTIVATED
5633,AW7646,CDG - OSL,2025-03-13 12:20:00,2025-03-13 14:00:00,2024-11-25,-108,OPEN,2,189,191,N,50.0,10,544.39,172.4,0.05,10,ACTIVATED
6064,AW3281,TLL - CDG,2025-03-13 13:35:00,2025-03-13 15:35:00,2024-11-25,-108,OPEN,2,186,194,N,75.0,16,1099.0,731.0,0.08,16,SCHEDULED
39,AW3288,CDG - TLL,2025-03-13 14:10:00,2025-03-13 19:50:00,2024-11-25,-108,CANCELLED,2,186,186,,,0,0.0,0.0,0.0,0,UNAVAILABLE
4415,AW7647,OSL - CDG,2025-03-13 14:35:00,2025-03-13 18:10:00,2024-11-25,-109,OPEN,2,189,189,N,40.0,3,212.0,143.99,0.02,3,ACTIVATED
5996,AW4635,VIE - CDG,2025-03-13 14:50:00,2025-03-13 17:00:00,2024-11-25,-108,OPEN,2,186,186,T,57.0,15,627.0,345.0,0.08,15,ACTIVATED
3989,AW7656,CDG - OSL,2025-03-13 15:30:00,2025-03-13 17:10:00,2024-11-25,-108,OPEN,2,186,188,G,56.0,2,112.0,47.22,0.01,2,ACTIVATED
4906,AW7648,CDG - OSL,2025-03-13 16:25:00,2025-03-13 18:05:00,2024-11-25,-108,OPEN,2,186,186,G,56.0,5,216.0,19.7,0.03,5,ACTIVATED
4638,AW4638,CDG - VIE,2025-03-13 17:05:00,2025-03-13 19:15:00,2024-11-25,-108,OPEN,2,186,193,A,47.0,4,208.0,78.44,0.02,4,ACTIVATED
3991,AW7657,OSL - CDG,2025-03-13 17:50:00,2025-03-13 21:25:00,2024-11-25,-109,OPEN,2,186,186,N,40.0,2,70.0,24.78,0.01,2,ACTIVATED
4416,AW7649,OSL - CDG,2025-03-13 18:40:00,2025-03-13 22:15:00,2024-11-25,-109,OPEN,2,186,186,N,40.0,3,147.0,79.17,0.02,3,ACTIVATED
6843,AW4639,VIE - CDG,2025-03-13 20:00:00,2025-03-13 22:10:00,2024-11-25,-108,OPEN,2,186,189,X,77.0,45,2607.75,1761.75,0.24,45,ACTIVATED
40,AW3289,TLL - CDG,2025-03-13 20:45:00,2025-03-13 22:45:00,2024-11-25,-108,CANCELLED,2,186,186,,,0,0.0,0.0,0.0,0,UNAVAILABLE
6065,AW4630,CDG - VIE,2025-03-14 06:05:00,2025-03-14 08:15:00,2024-11-25,-109,OPEN,2,189,194,N,52.0,16,876.0,275.32,0.08,16,ACTIVATED
6565,AW3280,CDG - TLL,2025-03-14 07:05:00,2025-03-14 12:45:00,2024-11-25,-109,OPEN,2,186,190,N,83.0,31,2350.0,445.74,0.16,31,SCHEDULED
6950,AW7640,CDG - OSL,2025-03-14 07:20:00,2025-03-14 09:00:00,2024-11-25,-109,OPEN,2,186,189,X,81.0,51,3512.88,1860.99,0.27,51,ACTIVATED
3758,AW4670,CDG - BUD,2025-03-14 08:10:00,2025-03-14 11:15:00,2024-11-25,-109,OPEN,2,189,189,G,53.0,1,98.0,58.74,0.01,1,SCHEDULED
6243,AW4631,VIE - CDG,2025-03-14 09:00:00,2025-03-14 11:10:00,2024-11-25,-109,OPEN,2,189,190,G,50.0,20,1030.0,654.0,0.11,20,ACTIVATED
53,AW7641,OSL - CDG,2025-03-14 09:40:00,2025-03-14 13:15:00,2024-11-25,-110,OPEN,2,186,186,G,49.0,0,0.0,0.0,0.0,0,ACTIVATED
6996,AW4634,CDG - VIE,2025-03-14 10:25:00,2025-03-14 12:35:00,2024-11-25,-109,OPEN,2,189,193,R,76.0,54,3884.29,1839.82,0.28,54,ACTIVATED
5809,AW7644,CDG - OSL,2025-03-14 11:30:00,2025-03-14 13:10:00,2024-11-25,-109,OPEN,2,186,189,T,63.0,12,690.0,225.75,0.06,12,ACTIVATED
5634,AW4671,BUD - CDG,2025-03-14 12:00:00,2025-03-14 17:05:00,2024-11-25,-110,OPEN,2,189,189,R,56.0,10,644.0,545.8,0.05,10,DEACTIVATED
44,AW3288,CDG - TLL,2025-03-14 12:15:00,2025-03-14 17:55:00,2024-11-25,-109,CANCELLED,2,189,189,,,0,0.0,0.0,0.0,0,UNAVAILABLE
3757,AW7650,CDG - OSL,2025-03-14 13:15:00,2025-03-14 14:55:00,2024-11-25,-109,OPEN,2,189,189,R,71.0,1,50.0,10.74,0.01,1,ACTIVATED
5522,AW4635,VIE - CDG,2025-03-14 13:20:00,2025-03-14 15:30:00,2024-11-25,-109,OPEN,2,189,189,G,50.0,9,473.0,303.8,0.05,9,ACTIVATED
4639,AW3281,TLL - CDG,2025-03-14 13:40:00,2025-03-14 15:40:00,2024-11-25,-109,OPEN,2,186,188,T,96.0,4,830.0,738.0,0.02,4,SCHEDULED
5096,AW7645,OSL - CDG,2025-03-14 13:50:00,2025-03-14 17:25:00,2024-11-25,-110,OPEN,2,186,188,G,49.0,6,334.0,198.34,0.03,6,ACTIVATED
42,AW4636,CDG - VIE,2025-03-14 14:45:00,2025-03-14 16:55:00,2024-11-25,-109,CANCELLED,2,189,189,,,0,0.0,0.0,0.0,0,UNAVAILABLE
3759,AW7651,OSL - CDG,2025-03-14 15:35:00,2025-03-14 19:10:00,2024-11-25,-110,OPEN,2,189,189,N,40.0,1,59.0,36.39,0.01,1,ACTIVATED
3755,AW7646,CDG - OSL,2025-03-14 16:10:00,2025-03-14 17:50:00,2024-11-25,-109,OPEN,2,186,189,G,56.0,1,98.0,58.74,0.01,1,ACTIVATED
3756,AW7648,CDG - OSL,2025-03-14 16:20:00,2025-03-14 18:00:00,2024-11-25,-109,OPEN,2,189,189,T,63.0,1,63.0,23.74,0.01,1,ACTIVATED
43,AW4637,VIE - CDG,2025-03-14 17:40:00,2025-03-14 19:50:00,2024-11-25,-109,CANCELLED,2,189,189,,,0,0.0,0.0,0.0,0,UNAVAILABLE
6207,AW4638,CDG - VIE,2025-03-14 17:45:00,2025-03-14 19:55:00,2024-11-25,-109,OPEN,2,189,194,G,59.0,19,1137.78,474.28,0.1,19,ACTIVATED
5249,AW7647,OSL - CDG,2025-03-14 18:30:00,2025-03-14 22:05:00,2024-11-25,-110,OPEN,2,186,189,G,49.0,7,230.0,71.01,0.04,7,ACTIVATED
6712,AW7649,OSL - CDG,2025-03-14 18:40:00,2025-03-14 22:15:00,2024-11-25,-110,OPEN,2,189,189,R,72.0,37,2695.08,1858.51,0.2,37,ACTIVATED
45,AW3289,TLL - CDG,2025-03-14 18:50:00,2025-03-14 20:50:00,2024-11-25,-109,CANCELLED,2,189,189,,,0,0.0,0.0,0.0,0,UNAVAILABLE
7023,AW4639,VIE - CDG,2025-03-14 20:40:00,2025-03-14 22:50:00,2024-11-25,-109,OPEN,2,189,190,X,77.0,56,5101.04,4048.24,0.29,56,ACTIVATED
6066,AW4630,CDG - VIE,2025-03-15 06:00:00,2025-03-15 08:10:00,2024-11-25,-110,OPEN,2,186,192,N,52.0,16,845.0,285.54,0.08,16,ACTIVATED
6759,AW4670,CDG - BUD,2025-03-15 06:20:00,2025-03-15 09:25:00,2024-11-25,-110,OPEN,2,186,136,T,60.0,40,2204.0,825.96,0.29,40,SCHEDULED
5947,AW7640,CDG - OSL,2025-03-15 07:35:00,2025-03-15 09:15:00,2024-11-25,-110,OPEN,2,189,190,N,50.0,14,891.78,390.23,0.07,14,ACTIVATED
5884,AW3282,CDG - TLL,2025-03-15 07:35:00,2025-03-15 13:15:00,2024-11-25,-110,OPEN,2,186,187,G,92.0,13,1154.0,337.56,0.07,13,SCHEDULED
6951,AW4676,CDG - BUD,2025-03-15 07:45:00,2025-03-15 10:50:00,2024-11-25,-110,OPEN,2,186,129,G,53.0,51,3022.0,1315.15,0.4,51,SCHEDULED
6399,AW4631,VIE - CDG,2025-03-15 08:55:00,2025-03-15 11:05:00,2024-11-25,-110,OPEN,2,186,189,T,57.0,25,1386.0,916.0,0.13,25,ACTIVATED
5810,AW4634,CDG - VIE,2025-03-15 09:35:00,2025-03-15 11:45:00,2024-11-25,-110,OPEN,2,189,193,N,52.0,12,877.0,440.23,0.06,12,ACTIVATED
4419,AW7641,OSL - CDG,2025-03-15 09:55:00,2025-03-15 13:30:00,2024-11-25,-111,OPEN,2,189,191,N,40.0,3,174.0,105.99,0.02,3,ACTIVATED
6432,AW4671,BUD - CDG,2025-03-15 10:10:00,2025-03-15 15:15:00,2024-11-25,-111,OPEN,2,186,136,T,49.0,26,1564.0,1308.68,0.19,26,DEACTIVATED
4907,AW7644,CDG - OSL,2025-03-15 11:35:00,2025-03-15 13:15:00,2024-11-25,-110,OPEN,2,186,187,T,63.0,5,317.0,134.44,0.03,5,ACTIVATED
6798,AW4677,BUD - CDG,2025-03-15 11:40:00,2025-03-15 16:45:00,2024-11-25,-111,OPEN,2,186,129,R,56.0,42,2600.0,2187.56,0.33,42,DEACTIVATED
4417,AW4635,VIE - CDG,2025-03-15 12:30:00,2025-03-15 14:40:00,2024-11-25,-110,OPEN,2,189,191,T,57.0,3,234.0,177.6,0.02,3,ACTIVATED
3760,AW7646,CDG - OSL,2025-03-15 12:45:00,2025-03-15 14:25:00,2024-11-25,-110,OPEN,2,189,190,G,56.0,1,106.0,73.61,0.01,1,ACTIVATED
54,AW3280,CDG - TLL,2025-03-15 13:35:00,2025-03-15 19:15:00,2024-11-25,-110,CANCELLED,2,186,186,,,0,0.0,0.0,0.0,0,UNAVAILABLE
4640,AW7645,OSL - CDG,2025-03-15 13:55:00,2025-03-15 17:30:00,2024-11-25,-111,OPEN,2,186,186,G,49.0,4,204.0,112.84,0.02,4,ACTIVATED
6371,AW3283,TLL - CDG,2025-03-15 14:10:00,2025-03-15 16:10:00,2024-11-25,-110,OPEN,2,186,191,N,75.0,24,1918.0,1366.0,0.13,24,SCHEDULED
4909,AW7647,OSL - CDG,2025-03-15 15:05:00,2025-03-15 18:40:00,2024-11-25,-111,OPEN,2,189,189,N,40.0,5,150.0,36.05,0.03,5,ACTIVATED
3761,AW7648,CDG - OSL,2025-03-15 16:20:00,2025-03-15 18:00:00,2024-11-25,-110,OPEN,2,189,187,G,56.0,1,56.0,23.61,0.01,1,ACTIVATED
4418,AW4638,CDG - VIE,2025-03-15 17:45:00,2025-03-15 19:55:00,2024-11-25,-110,OPEN,2,186,192,N,52.0,3,156.0,58.83,0.02,3,ACTIVATED
3992,AW7649,OSL - CDG,2025-03-15 18:40:00,2025-03-15 22:15:00,2024-11-25,-111,OPEN,2,189,188,G,49.0,2,116.0,74.68,0.01,2,ACTIVATED
55,AW3281,TLL - CDG,2025-03-15 20:15:00,2025-03-15 22:15:00,2024-11-25,-110,CANCELLED,2,186,186,,,0,0.0,0.0,0.0,0,UNAVAILABLE
4908,AW4639,VIE - CDG,2025-03-15 20:40:00,2025-03-15 22:50:00,2024-11-25,-110,OPEN,2,186,191,A,38.0,5,213.0,119.0,0.03,5,ACTIVATED
58,AW4630,CDG - VIE,2025-03-16 06:05:00,2025-03-16 08:15:00,2024-11-25,-111,OPEN,2,189,192,N,52.0,0,0.0,0.0,0.0,0,ACTIVATED
5948,AW4670,CDG - BUD,2025-03-16 06:45:00,2025-03-16 09:50:00,2024-11-25,-111,OPEN,2,186,186,N,48.0,14,877.0,368.58,0.08,14,SCHEDULED
4420,AW3280,CDG - TLL,2025-03-16 07:00:00,2025-03-16 12:40:00,2024-11-25,-111,OPEN,2,189,186,N,83.0,3,251.0,52.22,0.02,3,SCHEDULED
59,AW4634,CDG - VIE,2025-03-16 07:45:00,2025-03-16 09:55:00,2024-11-25,-111,CANCELLED,2,189,189,,,0,0.0,0.0,0.0,0,UNAVAILABLE
6165,AW4631,VIE - CDG,2025-03-16 09:00:00,2025-03-16 11:10:00,2024-11-25,-111,OPEN,2,189,191,R,66.0,18,1017.0,678.6,0.09,18,ACTIVATED
6124,AW4671,BUD - CDG,2025-03-16 10:35:00,2025-03-16 15:40:00,2024-11-25,-112,OPEN,2,186,187,X,66.0,17,1375.0,1208.06,0.09,17,DEACTIVATED
4641,AW7642,CDG - OSL,2025-03-16 10:35:00,2025-03-16 12:15:00,2024-11-25,-111,OPEN,2,189,189,G,56.0,4,252.0,94.96,0.02,4,ACTIVATED
60,AW4635,VIE - CDG,2025-03-16 10:40:00,2025-03-16 12:50:00,2024-11-25,-111,CANCELLED,2,189,189,,,0,0.0,0.0,0.0,0,UNAVAILABLE
5523,AW4636,CDG - VIE,2025-03-16 11:15:00,2025-03-16 13:25:00,2024-11-25,-111,OPEN,2,189,191,A,47.0,9,1814.0,1508.75,0.05,9,ACTIVATED
57,AW7646,CDG - OSL,2025-03-16 11:35:00,2025-03-16 13:15:00,2024-11-25,-111,OPEN,2,186,189,T,63.0,0,0.0,0.0,0.0,0,ACTIVATED
4642,AW3282,CDG - TLL,2025-03-16 12:05:00,2025-03-16 17:45:00,2024-11-25,-111,OPEN,2,189,189,N,83.0,4,316.0,50.96,0.02,4,SCHEDULED
5383,AW7643,OSL - CDG,2025-03-16 12:55:00,2025-03-16 16:30:00,2024-11-25,-112,OPEN,2,189,193,G,49.0,8,382.0,200.4,0.04,8,ACTIVATED
56,AW7644,CDG - OSL,2025-03-16 13:20:00,2025-03-16 15:00:00,2024-11-25,-111,OPEN,2,189,189,R,71.0,0,0.0,0.0,0.0,0,ACTIVATED
3993,AW3281,TLL - CDG,2025-03-16 13:35:00,2025-03-16 15:35:00,2024-11-25,-111,OPEN,2,189,186,G,85.0,2,192.0,146.0,0.01,2,SCHEDULED
61,AW7647,OSL - CDG,2025-03-16 13:55:00,2025-03-16 17:30:00,2024-11-25,-112,OPEN,2,186,189,G,49.0,0,0.0,0.0,0.0,0,ACTIVATED
5731,AW4637,VIE - CDG,2025-03-16 14:10:00,2025-03-16 16:20:00,2024-11-25,-111,OPEN,2,189,191,L,87.0,11,786.8,580.0,0.06,11,ACTIVATED
5732,AW3288,CDG - TLL,2025-03-16 14:10:00,2025-03-16 19:50:00,2024-11-25,-111,OPEN,2,189,194,G,92.0,11,1569.0,922.53,0.06,11,SCHEDULED
4643,AW7645,OSL - CDG,2025-03-16 15:40:00,2025-03-16 19:15:00,2024-11-25,-112,OPEN,2,189,189,T,59.0,4,288.0,197.56,0.02,4,ACTIVATED
3762,AW7648,CDG - OSL,2025-03-16 16:20:00,2025-03-16 18:00:00,2024-11-25,-111,OPEN,2,189,186,T,63.0,1,50.0,10.74,0.01,1,ACTIVATED
6781,AW4638,CDG - VIE,2025-03-16 16:30:00,2025-03-16 18:40:00,2024-11-25,-111,OPEN,2,189,193,R,76.0,41,2322.0,870.35,0.21,41,ACTIVATED
7034,AW7649,OSL - CDG,2025-03-16 18:40:00,2025-03-16 22:15:00,2024-11-25,-112,OPEN,2,189,189,X,85.0,57,5582.66,4293.35,0.3,57,ACTIVATED
5524,AW3283,TLL - CDG,2025-03-16 18:40:00,2025-03-16 20:40:00,2024-11-25,-111,OPEN,2,189,189,N,75.0,9,570.0,363.0,0.05,9,SCHEDULED
6929,AW4639,VIE - CDG,2025-03-16 19:25:00,2025-03-16 21:35:00,2024-11-25,-111,OPEN,2,189,191,T,57.0,50,2983.6,2043.6,0.26,50,ACTIVATED
6713,AW3289,TLL - CDG,2025-03-16 20:45:00,2025-03-16 22:45:00,2024-11-25,-111,OPEN,2,189,192,G,85.0,37,3096.0,2245.0,0.19,37,SCHEDULED
5251,AW4630,CDG - VIE,2025-03-17 06:05:00,2025-03-17 08:15:00,2024-11-25,-112,OPEN,2,186,188,A,47.0,7,310.0,83.27,0.04,7,ACTIVATED
4644,AW3280,CDG - TLL,2025-03-17 06:20:00,2025-03-17 12:00:00,2024-11-25,-112,OPEN,2,186,186,G,92.0,4,416.0,150.96,0.02,4,SCHEDULED
4421,AW7640,CDG - OSL,2025-03-17 07:25:00,2025-03-17 09:05:00,2024-11-25,-112,OPEN,2,186,186,G,56.0,3,315.0,197.22,0.02,3,ACTIVATED
6067,AW4631,VIE - CDG,2025-03-17 09:00:00,2025-03-17 11:10:00,2024-11-25,-112,OPEN,2,186,187,R,66.0,16,992.6,691.8,0.09,16,ACTIVATED
3763,AW7641,OSL - CDG,2025-03-17 09:45:00,2025-03-17 13:20:00,2024-11-25,-113,OPEN,2,186,186,N,40.0,1,72.0,49.21,0.01,1,ACTIVATED
5384,AW4634,CDG - VIE,2025-03-17 10:25:00,2025-03-17 12:35:00,2024-11-25,-112,OPEN,2,189,191,N,52.0,8,580.0,300.27,0.04,8,ACTIVATED
5250,AW7644,CDG - OSL,2025-03-17 11:35:00,2025-03-17 13:15:00,2024-11-25,-112,OPEN,2,189,189,G,56.0,7,617.0,369.66,0.04,7,ACTIVATED
4910,AW7646,CDG - OSL,2025-03-17 12:40:00,2025-03-17 14:20:00,2024-11-25,-112,OPEN,2,189,189,G,56.0,5,232.0,49.44,0.03,5,ACTIVATED
6068,AW3281,TLL - CDG,2025-03-17 12:55:00,2025-03-17 14:55:00,2024-11-25,-112,OPEN,2,186,191,N,75.0,16,1176.0,808.0,0.08,16,SCHEDULED
62,AW3288,CDG - TLL,2025-03-17 13:10:00,2025-03-17 18:50:00,2024-11-25,-112,CANCELLED,2,189,189,,,0,0.0,0.0,0.0,0,UNAVAILABLE
5885,AW4635,VIE - CDG,2025-03-17 13:20:00,2025-03-17 15:30:00,2024-11-25,-112,OPEN,2,189,189,X,77.0,13,680.0,435.6,0.07,13,ACTIVATED
4645,AW7645,OSL - CDG,2025-03-17 13:55:00,2025-03-17 17:30:00,2024-11-25,-113,OPEN,2,189,189,G,49.0,4,262.0,171.56,0.02,4,ACTIVATED
6622,AW4636,CDG - VIE,2025-03-17 14:45:00,2025-03-17 16:55:00,2024-11-25,-112,OPEN,2,189,189,A,47.0,33,2304.08,1228.34,0.17,33,ACTIVATED
5253,AW7647,OSL - CDG,2025-03-17 15:00:00,2025-03-17 18:35:00,2024-11-25,-113,OPEN,2,189,192,G,49.0,7,419.0,260.37,0.04,7,ACTIVATED
5097,AW7650,CDG - OSL,2025-03-17 15:35:00,2025-03-17 17:15:00,2024-11-25,-112,OPEN,2,189,192,N,50.0,6,388.0,179.92,0.03,6,ACTIVATED
64,AW7648,CDG - OSL,2025-03-17 16:20:00,2025-03-17 18:00:00,2024-11-25,-112,CANCELLED,2,189,189,,,0,0.0,0.0,0.0,0,UNAVAILABLE
6166,AW4638,CDG - VIE,2025-03-17 17:25:00,2025-03-17 19:35:00,2024-11-25,-112,OPEN,2,186,186,G,59.0,18,853.0,146.32,0.1,18,ACTIVATED
6244,AW4637,VIE - CDG,2025-03-17 17:40:00,2025-03-17 19:50:00,2024-11-25,-112,OPEN,2,189,190,R,66.0,20,1089.0,713.0,0.11,20,ACTIVATED
5635,AW7651,OSL - CDG,2025-03-17 17:55:00,2025-03-17 21:30:00,2024-11-25,-113,OPEN,2,189,191,G,49.0,10,721.0,494.18,0.05,10,ACTIVATED
68,AW7649,OSL - CDG,2025-03-17 18:40:00,2025-03-17 22:15:00,2024-11-25,-113,CANCELLED,2,189,189,,,0,0.0,0.0,0.0,0,UNAVAILABLE
63,AW3289,TLL - CDG,2025-03-17 19:45:00,2025-03-17 21:45:00,2024-11-25,-112,CANCELLED,2,189,189,,,0,0.0,0.0,0.0,0,UNAVAILABLE
5252,AW4639,VIE - CDG,2025-03-17 20:20:00,2025-03-17 22:30:00,2024-11-25,-112,OPEN,2,186,188,X,77.0,7,381.0,249.4,0.04,7,ACTIVATED
6070,AW3280,CDG - TLL,2025-03-18 07:15:00,2025-03-18 12:55:00,2024-11-25,-113,OPEN,2,186,191,A,76.0,16,1134.0,163.72,0.08,16,SCHEDULED
6714,AW7640,CDG - OSL,2025-03-18 07:25:00,2025-03-18 09:05:00,2024-11-25,-113,OPEN,2,186,189,T,63.0,37,2621.45,1423.02,0.2,37,ACTIVATED
70,AW7641,OSL - CDG,2025-03-18 09:45:00,2025-03-18 13:20:00,2024-11-25,-114,OPEN,2,186,186,A,32.0,0,0.0,0.0,0.0,0,ACTIVATED
5636,AW7644,CDG - OSL,2025-03-18 11:35:00,2025-03-18 13:15:00,2024-11-25,-113,OPEN,2,186,189,N,50.0,10,614.0,248.88,0.05,10,ACTIVATED
6069,AW4634,CDG - VIE,2025-03-18 11:55:00,2025-03-18 14:05:00,2024-11-25,-113,OPEN,2,186,188,R,76.0,16,825.0,258.67,0.09,16,ACTIVATED
5098,AW7646,CDG - OSL,2025-03-18 13:00:00,2025-03-18 14:40:00,2024-11-25,-113,OPEN,2,189,192,G,56.0,6,373.0,171.79,0.03,6,ACTIVATED
6071,AW3281,TLL - CDG,2025-03-18 13:50:00,2025-03-18 15:50:00,2024-11-25,-113,OPEN,2,186,190,A,67.0,16,1099.0,731.0,0.08,16,SCHEDULED
4647,AW7645,OSL - CDG,2025-03-18 13:55:00,2025-03-18 17:30:00,2024-11-25,-114,OPEN,2,186,186,N,40.0,4,178.0,87.2,0.02,4,ACTIVATED
66,AW3288,CDG - TLL,2025-03-18 14:05:00,2025-03-18 19:45:00,2024-11-25,-113,CANCELLED,2,189,189,,,0,0.0,0.0,0.0,0,UNAVAILABLE
4646,AW4635,VIE - CDG,2025-03-18 14:50:00,2025-03-18 17:00:00,2024-11-25,-113,OPEN,2,186,186,N,44.0,4,200.0,124.8,0.02,4,ACTIVATED
5811,AW7647,OSL - CDG,2025-03-18 15:20:00,2025-03-18 18:55:00,2024-11-25,-114,OPEN,2,189,190,T,59.0,12,763.22,491.18,0.06,12,ACTIVATED
69,AW7648,CDG - OSL,2025-03-18 16:20:00,2025-03-18 18:00:00,2024-11-25,-113,CANCELLED,2,186,186,,,0,0.0,0.0,0.0,0,UNAVAILABLE
5733,AW4636,CDG - VIE,2025-03-18 17:25:00,2025-03-18 19:35:00,2024-11-25,-113,OPEN,2,189,188,R,76.0,11,735.0,364.97,0.06,11,ACTIVATED
75,AW7649,OSL - CDG,2025-03-18 18:40:00,2025-03-18 22:15:00,2024-11-25,-114,CANCELLED,2,186,186,,,0,0.0,0.0,0.0,0,UNAVAILABLE
65,AW4637,VIE - CDG,2025-03-18 20:20:00,2025-03-18 22:30:00,2024-11-25,-113,OPEN,2,189,186,T,57.0,0,0.0,0.0,0.0,0,ACTIVATED
67,AW3289,TLL - CDG,2025-03-18 20:40:00,2025-03-18 22:40:00,2024-11-25,-113,CANCELLED,2,189,189,,,0,0.0,0.0,0.0,0,UNAVAILABLE
71,AW4634,CDG - VIE,2025-03-19 07:00:00,2025-03-19 09:05:00,2024-11-25,-114,OPEN,2,186,189,N,52.0,0,0.0,0.0,0.0,0,ACTIVATED
5254,AW3280,CDG - TLL,2025-03-19 07:20:00,2025-03-19 13:00:00,2024-11-25,-114,OPEN,2,186,191,G,92.0,7,593.0,174.12,0.04,7,SCHEDULED
4422,AW7640,CDG - OSL,2025-03-19 07:25:00,2025-03-19 09:05:00,2024-11-25,-114,OPEN,2,186,189,G,56.0,3,124.0,26.83,0.02,3,ACTIVATED
77,AW7641,OSL - CDG,2025-03-19 09:45:00,2025-03-19 13:20:00,2024-11-25,-115,OPEN,2,186,186,A,32.0,0,0.0,0.0,0.0,0,ACTIVATED
3996,AW4635,VIE - CDG,2025-03-19 09:50:00,2025-03-19 12:00:00,2024-11-25,-114,OPEN,2,186,189,T,57.0,2,114.0,76.4,0.01,2,ACTIVATED
3994,AW7644,CDG - OSL,2025-03-19 11:30:00,2025-03-19 13:10:00,2024-11-25,-114,OPEN,2,186,186,G,56.0,2,112.0,33.48,0.01,2,ACTIVATED
73,AW3288,CDG - TLL,2025-03-19 12:30:00,2025-03-19 18:10:00,2024-11-25,-114,CANCELLED,2,189,189,,,0,0.0,0.0,0.0,0,UNAVAILABLE
3995,AW7646,CDG - OSL,2025-03-19 12:50:00,2025-03-19 14:30:00,2024-11-25,-114,OPEN,2,186,188,G,56.0,2,252.0,187.22,0.01,2,ACTIVATED
4423,AW7645,OSL - CDG,2025-03-19 13:50:00,2025-03-19 17:25:00,2024-11-25,-115,OPEN,2,186,186,G,49.0,3,157.0,89.17,0.02,3,ACTIVATED
6125,AW3281,TLL - CDG,2025-03-19 13:55:00,2025-03-19 15:55:00,2024-11-25,-114,OPEN,2,186,190,N,75.0,17,1196.0,805.0,0.09,17,SCHEDULED
4648,AW4638,CDG - VIE,2025-03-19 13:55:00,2025-03-19 16:05:00,2024-11-25,-114,OPEN,2,189,191,T,66.0,4,320.0,176.7,0.02,4,ACTIVATED
4911,AW7647,OSL - CDG,2025-03-19 15:10:00,2025-03-19 18:45:00,2024-11-25,-115,OPEN,2,186,186,N,40.0,5,208.0,94.41,0.03,5,ACTIVATED
6456,AW4630,CDG - VIE,2025-03-19 16:20:00,2025-03-19 18:30:00,2024-11-25,-114,OPEN,2,186,186,G,59.0,27,1440.0,462.42,0.15,27,ACTIVATED
76,AW7648,CDG - OSL,2025-03-19 16:20:00,2025-03-19 18:00:00,2024-11-25,-114,CANCELLED,2,189,189,,,0,0.0,0.0,0.0,0,UNAVAILABLE
72,AW4639,VIE - CDG,2025-03-19 16:50:00,2025-03-19 19:00:00,2024-11-25,-114,OPEN,2,189,189,N,44.0,0,0.0,0.0,0.0,0,ACTIVATED
81,AW7649,OSL - CDG,2025-03-19 18:40:00,2025-03-19 22:15:00,2024-11-25,-115,CANCELLED,2,189,189,,,0,0.0,0.0,0.0,0,UNAVAILABLE
74,AW3289,TLL - CDG,2025-03-19 19:05:00,2025-03-19 21:05:00,2024-11-25,-114,CANCELLED,2,189,189,,,0,0.0,0.0,0.0,0,UNAVAILABLE
5099,AW4631,VIE - CDG,2025-03-19 19:15:00,2025-03-19 21:25:00,2024-11-25,-114,OPEN,2,186,186,T,57.0,6,228.0,115.2,0.03,6,ACTIVATED
4912,AW4630,CDG - VIE,2025-03-20 06:05:00,2025-03-20 08:15:00,2024-11-25,-115,OPEN,2,186,191,G,59.0,5,239.0,70.18,0.03,5,ACTIVATED
5812,AW3280,CDG - TLL,2025-03-20 07:00:00,2025-03-20 12:40:00,2024-11-25,-115,OPEN,2,186,189,T,102.0,12,1497.0,724.35,0.06,12,SCHEDULED
6538,AW7640,CDG - OSL,2025-03-20 07:25:00,2025-03-20 09:05:00,2024-11-25,-115,OPEN,2,186,186,X,81.0,30,2406.0,1228.2,0.16,30,ACTIVATED
5998,AW4631,VIE - CDG,2025-03-20 09:00:00,2025-03-20 11:10:00,2024-11-25,-115,OPEN,2,186,186,G,50.0,15,690.0,408.0,0.08,15,ACTIVATED
82,AW7641,OSL - CDG,2025-03-20 09:45:00,2025-03-20 13:20:00,2024-11-25,-116,OPEN,2,186,186,A,32.0,0,0.0,0.0,0.0,0,ACTIVATED
78,AW4634,CDG - VIE,2025-03-20 11:55:00,2025-03-20 14:05:00,2024-11-25,-115,OPEN,2,186,186,R,76.0,0,0.0,0.0,0.0,0,ACTIVATED
5255,AW7646,CDG - OSL,2025-03-20 12:20:00,2025-03-20 14:00:00,2024-11-25,-115,OPEN,2,189,191,G,56.0,7,581.0,326.79,0.04,7,ACTIVATED
4426,AW3281,TLL - CDG,2025-03-20 13:35:00,2025-03-20 15:35:00,2024-11-25,-115,OPEN,2,186,186,T,96.0,3,325.0,256.0,0.02,3,SCHEDULED
79,AW3288,CDG - TLL,2025-03-20 14:10:00,2025-03-20 19:50:00,2024-11-25,-115,CANCELLED,2,186,186,,,0,0.0,0.0,0.0,0,UNAVAILABLE
4427,AW7647,OSL - CDG,2025-03-20 14:35:00,2025-03-20 18:10:00,2024-11-25,-116,OPEN,2,189,192,T,59.0,3,254.0,186.17,0.02,3,ACTIVATED
5385,AW4635,VIE - CDG,2025-03-20 14:50:00,2025-03-20 17:00:00,2024-11-25,-115,OPEN,2,186,186,G,50.0,8,373.0,222.6,0.04,8,ACTIVATED
4424,AW7656,CDG - OSL,2025-03-20 15:30:00,2025-03-20 17:10:00,2024-11-25,-115,OPEN,2,186,188,G,56.0,3,196.0,85.09,0.02,3,ACTIVATED
5256,AW7648,CDG - OSL,2025-03-20 16:25:00,2025-03-20 18:05:00,2024-11-25,-115,OPEN,2,186,188,N,50.0,7,602.0,347.79,0.04,7,ACTIVATED
4913,AW4638,CDG - VIE,2025-03-20 17:05:00,2025-03-20 19:15:00,2024-11-25,-115,OPEN,2,189,190,R,76.0,5,255.0,86.18,0.03,5,ACTIVATED
5100,AW7657,OSL - CDG,2025-03-20 17:50:00,2025-03-20 21:25:00,2024-11-25,-116,OPEN,2,186,186,N,40.0,6,278.0,142.34,0.03,6,ACTIVATED
3997,AW7649,OSL - CDG,2025-03-20 18:40:00,2025-03-20 22:15:00,2024-11-25,-116,OPEN,2,186,186,A,32.0,2,118.0,72.78,0.01,2,ACTIVATED
4425,AW4639,VIE - CDG,2025-03-20 20:00:00,2025-03-20 22:10:00,2024-11-25,-115,OPEN,2,189,188,N,44.0,3,105.0,48.6,0.02,3,ACTIVATED
80,AW3289,TLL - CDG,2025-03-20 20:45:00,2025-03-20 22:45:00,2024-11-25,-115,CANCELLED,2,186,186,,,0,0.0,0.0,0.0,0,UNAVAILABLE
6208,AW4630,CDG - VIE,2025-03-21 06:05:00,2025-03-21 08:15:00,2024-11-25,-116,OPEN,2,189,194,T,66.0,19,1028.0,337.02,0.1,19,ACTIVATED
6457,AW3280,CDG - TLL,2025-03-21 07:05:00,2025-03-21 12:45:00,2024-11-25,-116,OPEN,2,186,190,N,83.0,27,2412.26,743.08,0.14,27,SCHEDULED
83,AW7640,CDG - OSL,2025-03-21 07:20:00,2025-03-21 09:00:00,2024-11-25,-116,OPEN,2,186,186,T,63.0,0,0.0,0.0,0.0,0,ACTIVATED
5813,AW4670,CDG - BUD,2025-03-21 08:10:00,2025-03-21 11:15:00,2024-11-25,-116,OPEN,2,189,189,T,60.0,12,720.0,248.88,0.06,12,SCHEDULED
4649,AW4631,VIE - CDG,2025-03-21 09:00:00,2025-03-21 11:10:00,2024-11-25,-116,OPEN,2,189,189,T,57.0,4,268.0,192.8,0.02,4,ACTIVATED
4001,AW7641,OSL - CDG,2025-03-21 09:40:00,2025-03-21 13:15:00,2024-11-25,-117,OPEN,2,186,188,N,40.0,2,118.0,72.78,0.01,2,ACTIVATED
6433,AW4634,CDG - VIE,2025-03-21 10:25:00,2025-03-21 12:35:00,2024-11-25,-116,OPEN,2,189,194,G,59.0,26,1666.52,680.11,0.13,26,ACTIVATED
3998,AW7644,CDG - OSL,2025-03-21 11:30:00,2025-03-21 13:10:00,2024-11-25,-116,OPEN,2,186,189,R,71.0,2,212.0,147.22,0.01,2,ACTIVATED
89,AW4671,BUD - CDG,2025-03-21 12:00:00,2025-03-21 17:05:00,2024-11-25,-117,OPEN,2,189,189,T,49.0,0,0.0,0.0,0.0,0,DEACTIVATED
87,AW3288,CDG - TLL,2025-03-21 12:15:00,2025-03-21 17:55:00,2024-11-25,-116,CANCELLED,2,189,189,,,0,0.0,0.0,0.0,0,UNAVAILABLE
4000,AW7650,CDG - OSL,2025-03-21 13:15:00,2025-03-21 14:55:00,2024-11-25,-116,OPEN,2,189,189,R,71.0,2,126.0,47.48,0.01,2,ACTIVATED
4914,AW4635,VIE - CDG,2025-03-21 13:20:00,2025-03-21 15:30:00,2024-11-25,-116,OPEN,2,189,189,X,77.0,5,220.0,126.0,0.03,5,ACTIVATED
4428,AW3281,TLL - CDG,2025-03-21 13:40:00,2025-03-21 15:40:00,2024-11-25,-116,OPEN,2,186,188,G,85.0,3,351.0,282.0,0.02,3,SCHEDULED
4429,AW7645,OSL - CDG,2025-03-21 13:50:00,2025-03-21 17:25:00,2024-11-25,-117,OPEN,2,186,186,N,40.0,3,147.0,79.17,0.02,3,ACTIVATED
85,AW4636,CDG - VIE,2025-03-21 14:45:00,2025-03-21 16:55:00,2024-11-25,-116,CANCELLED,2,189,189,,,0,0.0,0.0,0.0,0,UNAVAILABLE
5637,AW7651,OSL - CDG,2025-03-21 15:35:00,2025-03-21 19:10:00,2024-11-25,-117,OPEN,2,189,189,G,49.0,10,300.0,72.1,0.05,10,ACTIVATED
84,AW7646,CDG - OSL,2025-03-21 16:10:00,2025-03-21 17:50:00,2024-11-25,-116,OPEN,2,186,189,R,71.0,0,0.0,0.0,0.0,0,ACTIVATED
3999,AW7648,CDG - OSL,2025-03-21 16:20:00,2025-03-21 18:00:00,2024-11-25,-116,OPEN,2,189,189,R,71.0,2,155.0,83.35,0.01,2,ACTIVATED
86,AW4637,VIE - CDG,2025-03-21 17:40:00,2025-03-21 19:50:00,2024-11-25,-116,CANCELLED,2,189,189,,,0,0.0,0.0,0.0,0,UNAVAILABLE
5814,AW4638,CDG - VIE,2025-03-21 17:45:00,2025-03-21 19:55:00,2024-11-25,-116,OPEN,2,189,194,N,52.0,12,825.0,401.97,0.06,12,ACTIVATED
6715,AW7647,OSL - CDG,2025-03-21 18:30:00,2025-03-21 22:05:00,2024-11-25,-117,OPEN,2,186,191,R,72.0,37,2699.89,1863.32,0.19,37,ACTIVATED
3764,AW7649,OSL - CDG,2025-03-21 18:40:00,2025-03-21 22:15:00,2024-11-25,-117,OPEN,2,189,192,N,40.0,1,40.0,17.39,0.01,1,ACTIVATED
88,AW3289,TLL - CDG,2025-03-21 18:50:00,2025-03-21 20:50:00,2024-11-25,-116,CANCELLED,2,189,189,,,0,0.0,0.0,0.0,0,UNAVAILABLE
7147,AW4639,VIE - CDG,2025-03-21 20:40:00,2025-03-21 22:50:00,2024-11-25,-116,OPEN,2,189,189,K,99.0,67,8207.02,6947.42,0.35,67,ACTIVATED
4651,AW4630,CDG - VIE,2025-03-22 06:00:00,2025-03-22 08:10:00,2024-11-25,-117,OPEN,2,186,189,X,87.0,4,236.0,85.83,0.02,4,ACTIVATED
6760,AW4670,CDG - BUD,2025-03-22 06:20:00,2025-03-22 09:25:00,2024-11-25,-117,OPEN,2,186,136,G,53.0,40,2106.0,714.22,0.29,40,SCHEDULED
5638,AW7640,CDG - OSL,2025-03-22 07:35:00,2025-03-22 09:15:00,2024-11-25,-117,OPEN,2,189,189,R,71.0,10,1102.0,778.1,0.05,10,ACTIVATED
6073,AW3282,CDG - TLL,2025-03-22 07:35:00,2025-03-22 13:15:00,2024-11-25,-117,OPEN,2,186,187,G,92.0,16,1660.0,674.74,0.09,16,SCHEDULED
7010,AW4676,CDG - BUD,2025-03-22 07:45:00,2025-03-22 10:50:00,2024-11-25,-117,OPEN,2,186,119,R,68.0,55,2813.0,962.85,0.46,55,SCHEDULED
6072,AW4631,VIE - CDG,2025-03-22 08:55:00,2025-03-22 11:05:00,2024-11-25,-117,OPEN,2,186,189,X,77.0,16,796.8,496.0,0.08,16,ACTIVATED
6372,AW4634,CDG - VIE,2025-03-22 09:35:00,2025-03-22 11:45:00,2024-11-25,-117,OPEN,2,189,191,R,76.0,24,2008.0,1182.55,0.13,24,ACTIVATED
92,AW7641,OSL - CDG,2025-03-22 09:55:00,2025-03-22 13:30:00,2024-11-25,-118,OPEN,2,189,189,N,40.0,0,0.0,0.0,0.0,0,ACTIVATED
6899,AW4671,BUD - CDG,2025-03-22 10:10:00,2025-03-22 15:15:00,2024-11-25,-118,OPEN,2,186,136,R,56.0,48,2771.0,2299.64,0.35,48,DEACTIVATED
5257,AW7644,CDG - OSL,2025-03-22 11:35:00,2025-03-22 13:15:00,2024-11-25,-117,OPEN,2,186,187,G,56.0,7,560.0,305.79,0.04,7,ACTIVATED
6799,AW4677,BUD - CDG,2025-03-22 11:40:00,2025-03-22 16:45:00,2024-11-25,-118,OPEN,2,186,129,G,41.0,42,2556.0,2143.56,0.33,42,DEACTIVATED
4652,AW4635,VIE - CDG,2025-03-22 12:30:00,2025-03-22 14:40:00,2024-11-25,-117,OPEN,2,189,190,G,50.0,4,432.0,356.8,0.02,4,ACTIVATED
4650,AW7646,CDG - OSL,2025-03-22 12:45:00,2025-03-22 14:25:00,2024-11-25,-117,OPEN,2,186,190,R,71.0,4,371.0,234.57,0.02,4,ACTIVATED
90,AW3280,CDG - TLL,2025-03-22 13:35:00,2025-03-22 19:15:00,2024-11-25,-117,CANCELLED,2,186,186,,,0,0.0,0.0,0.0,0,UNAVAILABLE
4003,AW7645,OSL - CDG,2025-03-22 13:55:00,2025-03-22 17:30:00,2024-11-25,-118,OPEN,2,186,186,N,40.0,2,98.0,52.78,0.01,2,ACTIVATED
5886,AW3283,TLL - CDG,2025-03-22 14:10:00,2025-03-22 16:10:00,2024-11-25,-117,OPEN,2,186,190,T,96.0,13,2475.0,2176.0,0.07,13,SCHEDULED
4916,AW7647,OSL - CDG,2025-03-22 15:05:00,2025-03-22 18:40:00,2024-11-25,-118,OPEN,2,186,191,G,49.0,5,246.0,132.77,0.03,5,ACTIVATED
4915,AW7648,CDG - OSL,2025-03-22 16:20:00,2025-03-22 18:00:00,2024-11-25,-117,OPEN,2,186,187,T,63.0,5,419.0,250.18,0.03,5,ACTIVATED
4002,AW4638,CDG - VIE,2025-03-22 17:45:00,2025-03-22 19:55:00,2024-11-25,-117,OPEN,2,186,191,A,47.0,2,121.0,49.35,0.01,2,ACTIVATED
4004,AW7649,OSL - CDG,2025-03-22 18:40:00,2025-03-22 22:15:00,2024-11-25,-118,OPEN,2,186,186,G,49.0,2,118.0,72.78,0.01,2,ACTIVATED
91,AW3281,TLL - CDG,2025-03-22 20:15:00,2025-03-22 22:15:00,2024-11-25,-117,CANCELLED,2,186,186,,,0,0.0,0.0,0.0,0,UNAVAILABLE
3765,AW4639,VIE - CDG,2025-03-22 20:40:00,2025-03-22 22:50:00,2024-11-25,-117,OPEN,2,186,189,A,38.0,1,77.0,58.2,0.01,1,ACTIVATED
4005,AW4630,CDG - VIE,2025-03-23 06:05:00,2025-03-23 08:15:00,2024-11-25,-118,OPEN,2,189,189,R,76.0,2,132.0,53.48,0.01,2,ACTIVATED
95,AW3280,CDG - TLL,2025-03-23 06:20:00,2025-03-23 12:00:00,2024-11-25,-118,CANCELLED,2,186,186,,,0,0.0,0.0,0.0,0,UNAVAILABLE
6539,AW4670,CDG - BUD,2025-03-23 06:45:00,2025-03-23 09:50:00,2024-11-25,-118,OPEN,2,186,187,G,53.0,30,1606.0,517.51,0.16,30,SCHEDULED
97,AW4634,CDG - VIE,2025-03-23 07:45:00,2025-03-23 09:55:00,2024-11-25,-118,CANCELLED,2,189,189,,,0,0.0,0.0,0.0,0,UNAVAILABLE
5386,AW3282,CDG - TLL,2025-03-23 08:25:00,2025-03-23 14:05:00,2024-11-25,-118,OPEN,2,189,189,N,83.0,8,739.0,208.92,0.04,8,SCHEDULED
4006,AW4631,VIE - CDG,2025-03-23 09:00:00,2025-03-23 11:10:00,2024-11-25,-118,OPEN,2,189,191,T,57.0,2,154.0,116.4,0.01,2,ACTIVATED
93,AW7642,CDG - OSL,2025-03-23 10:35:00,2025-03-23 12:15:00,2024-11-25,-118,OPEN,2,189,189,R,71.0,0,0.0,0.0,0.0,0,ACTIVATED
6316,AW4671,BUD - CDG,2025-03-23 10:35:00,2025-03-23 15:40:00,2024-11-25,-119,OPEN,2,186,187,R,56.0,22,2238.0,2021.96,0.12,22,DEACTIVATED
98,AW4635,VIE - CDG,2025-03-23 10:40:00,2025-03-23 12:50:00,2024-11-25,-118,CANCELLED,2,189,189,,,0,0.0,0.0,0.0,0,UNAVAILABLE
4917,AW4636,CDG - VIE,2025-03-23 11:15:00,2025-03-23 13:25:00,2024-11-25,-118,OPEN,2,189,189,R,76.0,5,317.26,120.96,0.03,5,ACTIVATED
4430,AW7646,CDG - OSL,2025-03-23 11:35:00,2025-03-23 13:15:00,2024-11-25,-118,OPEN,2,186,192,T,63.0,3,239.0,134.96,0.02,3,ACTIVATED
96,AW3281,TLL - CDG,2025-03-23 12:55:00,2025-03-23 14:55:00,2024-11-25,-118,CANCELLED,2,186,186,,,0,0.0,0.0,0.0,0,UNAVAILABLE
4431,AW7643,OSL - CDG,2025-03-23 12:55:00,2025-03-23 16:30:00,2024-11-25,-119,OPEN,2,189,189,T,59.0,3,216.0,148.17,0.02,3,ACTIVATED
94,AW7644,CDG - OSL,2025-03-23 13:20:00,2025-03-23 15:00:00,2024-11-25,-118,OPEN,2,189,189,X,81.0,0,0.0,0.0,0.0,0,ACTIVATED
4919,AW7647,OSL - CDG,2025-03-23 13:55:00,2025-03-23 17:30:00,2024-11-25,-119,OPEN,2,186,189,T,59.0,5,483.0,369.59,0.03,5,ACTIVATED
4918,AW4637,VIE - CDG,2025-03-23 14:10:00,2025-03-23 16:20:00,2024-11-25,-118,OPEN,2,189,191,T,57.0,5,292.6,198.6,0.03,5,ACTIVATED
5640,AW3288,CDG - TLL,2025-03-23 14:10:00,2025-03-23 19:50:00,2024-11-25,-118,OPEN,2,189,194,G,92.0,10,935.0,332.32,0.05,10,SCHEDULED
5639,AW3283,TLL - CDG,2025-03-23 15:00:00,2025-03-23 17:00:00,2024-11-25,-118,OPEN,2,189,189,G,85.0,10,704.0,474.0,0.05,10,SCHEDULED
5258,AW7645,OSL - CDG,2025-03-23 15:40:00,2025-03-23 19:15:00,2024-11-25,-119,OPEN,2,189,192,T,59.0,7,1006.0,847.73,0.04,7,ACTIVATED
4653,AW7648,CDG - OSL,2025-03-23 16:20:00,2025-03-23 18:00:00,2024-11-25,-118,OPEN,2,186,189,T,63.0,4,240.0,110.44,0.02,4,ACTIVATED
6730,AW4638,CDG - VIE,2025-03-23 16:30:00,2025-03-23 18:40:00,2024-11-25,-118,OPEN,2,189,193,R,76.0,38,2066.0,615.34,0.2,38,ACTIVATED
6594,AW7649,OSL - CDG,2025-03-23 18:40:00,2025-03-23 22:15:00,2024-11-25,-119,OPEN,2,186,189,X,85.0,32,2774.0,2050.48,0.17,32,ACTIVATED
6434,AW4639,VIE - CDG,2025-03-23 19:25:00,2025-03-23 21:35:00,2024-11-25,-118,OPEN,2,189,191,X,77.0,26,2565.0,2076.2,0.14,26,ACTIVATED
5641,AW3289,TLL - CDG,2025-03-23 20:45:00,2025-03-23 22:45:00,2024-11-25,-118,OPEN,2,189,192,T,96.0,10,1137.0,907.0,0.05,10,SCHEDULED
8134,AW4630,CDG - VIE,2025-03-24 06:05:00,2025-03-24 08:15:00,2024-11-25,-119,OPEN,2,186,189,X,87.0,122,9179.81,4417.57,0.65,122,ACTIVATED
6000,AW3280,CDG - TLL,2025-03-24 06:20:00,2025-03-24 12:00:00,2024-11-25,-119,OPEN,2,186,190,N,83.0,15,1389.0,477.49,0.08,15,SCHEDULED
3766,AW7640,CDG - OSL,2025-03-24 07:25:00,2025-03-24 09:05:00,2024-11-25,-119,OPEN,2,189,188,N,50.0,1,109.0,76.61,0.01,1,ACTIVATED
6512,AW4631,VIE - CDG,2025-03-24 09:00:00,2025-03-24 11:10:00,2024-11-25,-119,OPEN,2,186,186,V,113.0,29,2101.92,1556.72,0.16,29,ACTIVATED
5103,AW7641,OSL - CDG,2025-03-24 09:45:00,2025-03-24 13:20:00,2024-11-25,-120,OPEN,2,189,186,N,40.0,6,432.0,295.8,0.03,6,ACTIVATED
6800,AW4634,CDG - VIE,2025-03-24 10:25:00,2025-03-24 12:35:00,2024-11-25,-119,OPEN,2,189,189,R,76.0,42,3196.26,1547.34,0.22,42,ACTIVATED
4654,AW7644,CDG - OSL,2025-03-24 11:35:00,2025-03-24 13:15:00,2024-11-25,-119,OPEN,2,189,189,G,56.0,4,308.0,150.96,0.02,4,ACTIVATED
4655,AW7646,CDG - OSL,2025-03-24 12:40:00,2025-03-24 14:20:00,2024-11-25,-119,OPEN,2,189,189,G,56.0,4,160.0,2.96,0.02,4,ACTIVATED
5815,AW3281,TLL - CDG,2025-03-24 12:55:00,2025-03-24 14:55:00,2024-11-25,-119,OPEN,2,186,190,G,85.0,12,1107.0,831.0,0.06,12,SCHEDULED
99,AW3288,CDG - TLL,2025-03-24 13:10:00,2025-03-24 18:50:00,2024-11-25,-119,CANCELLED,2,189,189,,,0,0.0,0.0,0.0,0,UNAVAILABLE
5642,AW4635,VIE - CDG,2025-03-24 13:20:00,2025-03-24 15:30:00,2024-11-25,-119,OPEN,2,189,189,T,57.0,10,371.0,183.0,0.05,10,ACTIVATED
4007,AW7645,OSL - CDG,2025-03-24 13:55:00,2025-03-24 17:30:00,2024-11-25,-120,OPEN,2,189,189,G,49.0,2,144.0,98.78,0.01,2,ACTIVATED
4920,AW4636,CDG - VIE,2025-03-24 14:45:00,2025-03-24 16:55:00,2024-11-25,-119,OPEN,2,189,189,G,59.0,5,205.0,8.7,0.03,5,ACTIVATED
109,AW7647,OSL - CDG,2025-03-24 15:00:00,2025-03-24 18:35:00,2024-11-25,-120,OPEN,2,189,189,G,49.0,0,0.0,0.0,0.0,0,ACTIVATED
5101,AW7650,CDG - OSL,2025-03-24 15:35:00,2025-03-24 17:15:00,2024-11-25,-119,OPEN,2,189,192,G,56.0,6,436.0,214.18,0.03,6,ACTIVATED
101,AW7648,CDG - OSL,2025-03-24 16:20:00,2025-03-24 18:00:00,2024-11-25,-119,CANCELLED,2,189,189,,,0,0.0,0.0,0.0,0,UNAVAILABLE
4656,AW4638,CDG - VIE,2025-03-24 17:25:00,2025-03-24 19:35:00,2024-11-25,-119,OPEN,2,186,188,G,59.0,4,222.0,78.7,0.02,4,ACTIVATED
5102,AW4637,VIE - CDG,2025-03-24 17:40:00,2025-03-24 19:50:00,2024-11-25,-119,OPEN,2,189,191,T,57.0,6,274.0,161.2,0.03,6,ACTIVATED
4432,AW7651,OSL - CDG,2025-03-24 17:55:00,2025-03-24 21:30:00,2024-11-25,-120,OPEN,2,189,191,G,49.0,3,219.0,150.99,0.02,3,ACTIVATED
112,AW7649,OSL - CDG,2025-03-24 18:40:00,2025-03-24 22:15:00,2024-11-25,-120,CANCELLED,2,189,189,,,0,0.0,0.0,0.0,0,UNAVAILABLE
100,AW3289,TLL - CDG,2025-03-24 19:45:00,2025-03-24 21:45:00,2024-11-25,-119,CANCELLED,2,189,189,,,0,0.0,0.0,0.0,0,UNAVAILABLE
5999,AW4639,VIE - CDG,2025-03-24 20:20:00,2025-03-24 22:30:00,2024-11-25,-119,OPEN,2,186,188,R,66.0,15,670.0,388.0,0.08,15,ACTIVATED
6001,AW3280,CDG - TLL,2025-03-25 07:15:00,2025-03-25 12:55:00,2024-11-25,-120,OPEN,2,186,192,N,83.0,15,1213.0,286.51,0.08,15,SCHEDULED
4008,AW7640,CDG - OSL,2025-03-25 07:25:00,2025-03-25 09:05:00,2024-11-25,-120,OPEN,2,186,189,N,50.0,2,182.0,117.22,0.01,2,ACTIVATED
6884,AW7641,OSL - CDG,2025-03-25 09:45:00,2025-03-25 13:20:00,2024-11-25,-121,OPEN,2,186,187,X,85.0,47,3201.2,2142.43,0.25,47,ACTIVATED
5259,AW7644,CDG - OSL,2025-03-25 11:35:00,2025-03-25 13:15:00,2024-11-25,-120,OPEN,2,186,189,T,63.0,7,709.0,468.53,0.04,7,ACTIVATED
5104,AW4634,CDG - VIE,2025-03-25 11:55:00,2025-03-25 14:05:00,2024-11-25,-120,OPEN,2,186,186,N,52.0,6,321.0,85.44,0.03,6,ACTIVATED
4921,AW7646,CDG - OSL,2025-03-25 13:00:00,2025-03-25 14:40:00,2024-11-25,-120,OPEN,2,189,189,G,56.0,5,393.0,196.7,0.03,5,ACTIVATED
5387,AW3281,TLL - CDG,2025-03-25 13:50:00,2025-03-25 15:50:00,2024-11-25,-120,OPEN,2,186,189,T,96.0,8,1119.0,935.0,0.04,8,SCHEDULED
5105,AW7645,OSL - CDG,2025-03-25 13:55:00,2025-03-25 17:30:00,2024-11-25,-121,OPEN,2,186,186,N,40.0,6,238.0,101.62,0.03,6,ACTIVATED
110,AW3288,CDG - TLL,2025-03-25 14:05:00,2025-03-25 19:45:00,2024-11-25,-120,CANCELLED,2,189,189,,,0,0.0,0.0,0.0,0,UNAVAILABLE
5260,AW4635,VIE - CDG,2025-03-25 14:50:00,2025-03-25 17:00:00,2024-11-25,-120,OPEN,2,186,189,R,66.0,7,254.0,122.4,0.04,7,ACTIVATED
4922,AW7647,OSL - CDG,2025-03-25 15:20:00,2025-03-25 18:55:00,2024-11-25,-121,OPEN,2,189,190,N,40.0,5,360.0,246.95,0.03,5,ACTIVATED
113,AW7648,CDG - OSL,2025-03-25 16:20:00,2025-03-25 18:00:00,2024-11-25,-120,CANCELLED,2,186,186,,,0,0.0,0.0,0.0,0,UNAVAILABLE
6126,AW4636,CDG - VIE,2025-03-25 17:25:00,2025-03-25 19:35:00,2024-11-25,-120,OPEN,2,186,188,G,59.0,17,973.0,319.32,0.09,17,ACTIVATED
119,AW7649,OSL - CDG,2025-03-25 18:40:00,2025-03-25 22:15:00,2024-11-25,-121,CANCELLED,2,186,186,,,0,0.0,0.0,0.0,0,UNAVAILABLE
4433,AW4637,VIE - CDG,2025-03-25 20:20:00,2025-03-25 22:30:00,2024-11-25,-120,OPEN,2,186,186,G,50.0,3,111.0,54.6,0.02,3,ACTIVATED
111,AW3289,TLL - CDG,2025-03-25 20:40:00,2025-03-25 22:40:00,2024-11-25,-120,CANCELLED,2,189,189,,,0,0.0,0.0,0.0,0,UNAVAILABLE
6648,AW4634,CDG - VIE,2025-03-26 07:00:00,2025-03-26 09:05:00,2024-11-25,-121,OPEN,2,186,189,N,52.0,34,2283.92,962.82,0.18,34,ACTIVATED
5525,AW3280,CDG - TLL,2025-03-26 07:20:00,2025-03-26 13:00:00,2024-11-25,-121,OPEN,2,186,191,T,102.0,9,911.0,322.15,0.05,9,SCHEDULED
4923,AW7640,CDG - OSL,2025-03-26 07:25:00,2025-03-26 09:05:00,2024-11-25,-121,OPEN,2,186,188,G,56.0,5,379.0,210.18,0.03,5,ACTIVATED
3767,AW7641,OSL - CDG,2025-03-26 09:45:00,2025-03-26 13:20:00,2024-11-25,-122,OPEN,2,186,188,N,40.0,1,114.0,91.39,0.01,1,ACTIVATED
4924,AW4635,VIE - CDG,2025-03-26 09:50:00,2025-03-26 12:00:00,2024-11-25,-121,OPEN,2,186,189,T,57.0,5,285.0,191.0,0.03,5,ACTIVATED
114,AW7644,CDG - OSL,2025-03-26 11:30:00,2025-03-26 13:10:00,2024-11-25,-121,OPEN,2,186,186,G,56.0,0,0.0,0.0,0.0,0,ACTIVATED
117,AW3288,CDG - TLL,2025-03-26 12:30:00,2025-03-26 18:10:00,2024-11-25,-121,CANCELLED,2,189,189,,,0,0.0,0.0,0.0,0,UNAVAILABLE
115,AW7646,CDG - OSL,2025-03-26 12:50:00,2025-03-26 14:30:00,2024-11-25,-121,OPEN,2,186,186,G,56.0,0,0.0,0.0,0.0,0,ACTIVATED
5261,AW7645,OSL - CDG,2025-03-26 13:50:00,2025-03-26 17:25:00,2024-11-25,-122,OPEN,2,186,188,N,40.0,7,432.0,273.37,0.04,7,ACTIVATED
4434,AW4638,CDG - VIE,2025-03-26 13:55:00,2025-03-26 16:05:00,2024-11-25,-121,OPEN,2,189,191,A,47.0,3,159.0,54.96,0.02,3,ACTIVATED
5643,AW3281,TLL - CDG,2025-03-26 13:55:00,2025-03-26 15:55:00,2024-11-25,-121,OPEN,2,186,189,G,85.0,10,975.0,745.0,0.05,10,SCHEDULED
4011,AW7647,OSL - CDG,2025-03-26 15:10:00,2025-03-26 18:45:00,2024-11-25,-122,OPEN,2,186,186,G,49.0,2,144.0,98.78,0.01,2,ACTIVATED
116,AW4630,CDG - VIE,2025-03-26 16:20:00,2025-03-26 18:30:00,2024-11-25,-121,OPEN,2,186,189,A,47.0,0,0.0,0.0,0.0,0,ACTIVATED
120,AW7648,CDG - OSL,2025-03-26 16:20:00,2025-03-26 18:00:00,2024-11-25,-121,CANCELLED,2,189,189,,,0,0.0,0.0,0.0,0,UNAVAILABLE
4010,AW4639,VIE - CDG,2025-03-26 16:50:00,2025-03-26 19:00:00,2024-11-25,-121,OPEN,2,189,189,G,50.0,2,206.0,168.4,0.01,2,ACTIVATED
124,AW7649,OSL - CDG,2025-03-26 18:40:00,2025-03-26 22:15:00,2024-11-25,-122,CANCELLED,2,189,189,,,0,0.0,0.0,0.0,0,UNAVAILABLE
118,AW3289,TLL - CDG,2025-03-26 19:05:00,2025-03-26 21:05:00,2024-11-25,-121,CANCELLED,2,189,189,,,0,0.0,0.0,0.0,0,UNAVAILABLE
4009,AW4631,VIE - CDG,2025-03-26 19:15:00,2025-03-26 21:25:00,2024-11-25,-121,OPEN,2,186,191,G,50.0,2,174.0,136.4,0.01,2,ACTIVATED
4435,AW4630,CDG - VIE,2025-03-27 06:05:00,2025-03-27 08:15:00,2024-11-25,-122,OPEN,2,186,190,N,52.0,3,135.0,37.83,0.02,3,ACTIVATED
5816,AW3280,CDG - TLL,2025-03-27 07:00:00,2025-03-27 12:40:00,2024-11-25,-122,OPEN,2,186,190,R,115.0,12,1352.0,586.84,0.06,12,SCHEDULED
4012,AW7640,CDG - OSL,2025-03-27 07:25:00,2025-03-27 09:05:00,2024-11-25,-122,OPEN,2,186,186,G,56.0,2,142.0,63.48,0.01,2,ACTIVATED
121,AW4631,VIE - CDG,2025-03-27 09:00:00,2025-03-27 11:10:00,2024-11-25,-122,OPEN,2,186,186,R,66.0,0,0.0,0.0,0.0,0,ACTIVATED
4014,AW7641,OSL - CDG,2025-03-27 09:45:00,2025-03-27 13:20:00,2024-11-25,-123,OPEN,2,186,186,N,40.0,2,60.0,14.42,0.01,2,ACTIVATED
6400,AW4634,CDG - VIE,2025-03-27 11:55:00,2025-03-27 14:05:00,2024-11-25,-122,OPEN,2,186,190,G,59.0,25,1718.0,805.2,0.13,25,ACTIVATED
4657,AW7646,CDG - OSL,2025-03-27 12:20:00,2025-03-27 14:00:00,2024-11-25,-122,OPEN,2,189,190,T,63.0,4,509.0,379.44,0.02,4,ACTIVATED
6513,AW3281,TLL - CDG,2025-03-27 13:35:00,2025-03-27 15:35:00,2024-11-25,-122,OPEN,2,186,191,N,75.0,29,2576.0,1909.0,0.15,29,SCHEDULED
122,AW3288,CDG - TLL,2025-03-27 14:10:00,2025-03-27 19:50:00,2024-11-25,-122,CANCELLED,2,186,186,,,0,0.0,0.0,0.0,0,UNAVAILABLE
4015,AW7647,OSL - CDG,2025-03-27 14:35:00,2025-03-27 18:10:00,2024-11-25,-123,OPEN,2,189,189,N,40.0,2,144.0,98.42,0.01,2,ACTIVATED
4926,AW4635,VIE - CDG,2025-03-27 14:50:00,2025-03-27 17:00:00,2024-11-25,-122,OPEN,2,186,186,G,50.0,5,178.0,84.0,0.03,5,ACTIVATED
4013,AW7656,CDG - OSL,2025-03-27 15:30:00,2025-03-27 17:10:00,2024-11-25,-122,OPEN,2,186,188,T,63.0,2,148.0,83.22,0.01,2,ACTIVATED
4925,AW7648,CDG - OSL,2025-03-27 16:25:00,2025-03-27 18:05:00,2024-11-25,-122,OPEN,2,186,186,R,71.0,5,643.0,460.44,0.03,5,ACTIVATED
4927,AW4638,CDG - VIE,2025-03-27 17:05:00,2025-03-27 19:15:00,2024-11-25,-122,OPEN,2,186,193,G,59.0,5,288.0,98.57,0.03,5,ACTIVATED
125,AW7657,OSL - CDG,2025-03-27 17:50:00,2025-03-27 21:25:00,2024-11-25,-123,OPEN,2,186,186,N,40.0,0,0.0,0.0,0.0,0,ACTIVATED
4928,AW7649,OSL - CDG,2025-03-27 18:40:00,2025-03-27 22:15:00,2024-11-25,-123,OPEN,2,186,186,N,40.0,5,313.44,200.39,0.03,5,ACTIVATED
5887,AW4639,VIE - CDG,2025-03-27 20:00:00,2025-03-27 22:10:00,2024-11-25,-122,OPEN,2,186,191,R,66.0,13,843.8,599.4,0.07,13,ACTIVATED
123,AW3289,TLL - CDG,2025-03-27 20:45:00,2025-03-27 22:45:00,2024-11-25,-122,CANCELLED,2,186,186,,,0,0.0,0.0,0.0,0,UNAVAILABLE
4017,AW4630,CDG - VIE,2025-03-28 06:05:00,2025-03-28 08:15:00,2024-11-25,-123,OPEN,2,189,189,G,59.0,2,118.0,39.48,0.01,2,ACTIVATED
6845,AW3280,CDG - TLL,2025-03-28 07:05:00,2025-03-28 12:45:00,2024-11-25,-123,OPEN,2,186,191,T,102.0,45,4068.0,1288.53,0.24,45,SCHEDULED
4929,AW7640,CDG - OSL,2025-03-28 07:20:00,2025-03-28 09:00:00,2024-11-25,-123,OPEN,2,186,186,R,71.0,5,391.78,216.09,0.03,5,ACTIVATED
5388,AW4670,CDG - BUD,2025-03-28 08:00:00,2025-03-28 11:05:00,2024-11-25,-123,OPEN,2,189,189,G,53.0,8,359.0,44.92,0.04,8,SCHEDULED
7224,AW4631,VIE - CDG,2025-03-28 09:00:00,2025-03-28 11:10:00,2024-11-25,-123,OPEN,2,189,189,M,159.0,73,8522.78,7150.38,0.39,73,ACTIVATED
3769,AW7641,OSL - CDG,2025-03-28 09:40:00,2025-03-28 13:15:00,2024-11-25,-124,OPEN,2,186,186,N,40.0,1,49.0,26.39,0.01,1,ACTIVATED
7148,AW4634,CDG - VIE,2025-03-28 10:25:00,2025-03-28 12:35:00,2024-11-25,-123,OPEN,2,189,189,R,76.0,67,4749.39,2483.08,0.35,67,ACTIVATED
5106,AW7644,CDG - OSL,2025-03-28 11:30:00,2025-03-28 13:10:00,2024-11-25,-123,OPEN,2,186,186,R,71.0,6,408.26,172.7,0.03,6,ACTIVATED
5389,AW4671,BUD - CDG,2025-03-28 11:50:00,2025-03-28 16:55:00,2024-11-25,-124,OPEN,2,189,189,R,56.0,8,448.0,369.44,0.04,8,DEACTIVATED
128,AW3288,CDG - TLL,2025-03-28 12:15:00,2025-03-28 17:55:00,2024-11-25,-123,CANCELLED,2,189,189,,,0,0.0,0.0,0.0,0,UNAVAILABLE
4016,AW7650,CDG - OSL,2025-03-28 13:15:00,2025-03-28 14:55:00,2024-11-25,-123,OPEN,2,189,189,R,71.0,2,142.0,63.48,0.01,2,ACTIVATED
6913,AW4635,VIE - CDG,2025-03-28 13:20:00,2025-03-28 15:30:00,2024-11-25,-123,OPEN,2,189,189,H,143.0,49,5356.19,4434.99,0.26,49,ACTIVATED
6846,AW3281,TLL - CDG,2025-03-28 13:40:00,2025-03-28 15:40:00,2024-11-25,-123,OPEN,2,186,188,T,96.0,45,4400.0,3365.0,0.24,45,SCHEDULED
5107,AW7645,OSL - CDG,2025-03-28 13:50:00,2025-03-28 17:25:00,2024-11-25,-124,OPEN,2,186,188,N,40.0,6,380.0,244.34,0.03,6,ACTIVATED
126,AW4636,CDG - VIE,2025-03-28 14:45:00,2025-03-28 16:55:00,2024-11-25,-123,CANCELLED,2,189,189,,,0,0.0,0.0,0.0,0,UNAVAILABLE
5644,AW7651,OSL - CDG,2025-03-28 15:35:00,2025-03-28 19:10:00,2024-11-25,-124,OPEN,2,189,191,T,59.0,10,540.0,313.9,0.05,10,ACTIVATED
3768,AW7646,CDG - OSL,2025-03-28 16:10:00,2025-03-28 17:50:00,2024-11-25,-123,OPEN,2,189,189,T,63.0,1,202.0,162.74,0.01,1,ACTIVATED
6844,AW7648,CDG - OSL,2025-03-28 16:20:00,2025-03-28 18:00:00,2024-11-25,-123,OPEN,2,189,189,K,103.0,45,4746.15,3288.6,0.24,45,ACTIVATED
127,AW4637,VIE - CDG,2025-03-28 17:40:00,2025-03-28 19:50:00,2024-11-25,-123,CANCELLED,2,189,189,,,0,0.0,0.0,0.0,0,UNAVAILABLE
6675,AW4638,CDG - VIE,2025-03-28 17:45:00,2025-03-28 19:55:00,2024-11-25,-123,OPEN,2,189,193,R,76.0,35,2926.97,1587.22,0.18,35,ACTIVATED
5108,AW7647,OSL - CDG,2025-03-28 18:30:00,2025-03-28 22:05:00,2024-11-25,-124,OPEN,2,189,192,N,40.0,6,209.0,72.62,0.03,6,ACTIVATED
4658,AW7649,OSL - CDG,2025-03-28 18:40:00,2025-03-28 22:15:00,2024-11-25,-124,OPEN,2,189,191,G,49.0,4,430.0,339.56,0.02,4,ACTIVATED
129,AW3289,TLL - CDG,2025-03-28 18:50:00,2025-03-28 20:50:00,2024-11-25,-123,CANCELLED,2,189,189,,,0,0.0,0.0,0.0,0,UNAVAILABLE
6815,AW4639,VIE - CDG,2025-03-28 20:40:00,2025-03-28 22:50:00,2024-11-25,-123,OPEN,2,189,190,Q,128.0,43,6408.0,5599.6,0.23,43,ACTIVATED
5262,AW4630,CDG - VIE,2025-03-29 06:00:00,2025-03-29 08:10:00,2024-11-25,-124,OPEN,2,189,192,T,66.0,7,335.0,94.53,0.04,7,ACTIVATED
6074,AW4670,CDG - BUD,2025-03-29 06:20:00,2025-03-29 09:25:00,2024-11-25,-124,OPEN,2,186,136,N,48.0,16,714.0,127.06,0.12,16,SCHEDULED
6435,AW3282,CDG - TLL,2025-03-29 07:35:00,2025-03-29 13:15:00,2024-11-25,-124,OPEN,2,186,186,G,92.0,26,2711.26,1123.32,0.14,26,SCHEDULED
5109,AW7640,CDG - OSL,2025-03-29 07:35:00,2025-03-29 09:15:00,2024-11-25,-124,OPEN,2,189,189,R,71.0,6,436.0,200.44,0.03,6,ACTIVATED
7066,AW4676,CDG - BUD,2025-03-29 07:45:00,2025-03-29 10:50:00,2024-11-25,-124,OPEN,2,186,149,N,48.0,60,3141.0,984.63,0.4,60,SCHEDULED
131,AW4631,VIE - CDG,2025-03-29 08:55:00,2025-03-29 11:05:00,2024-11-25,-124,OPEN,2,189,189,N,44.0,0,0.0,0.0,0.0,0,ACTIVATED
6127,AW4634,CDG - VIE,2025-03-29 09:35:00,2025-03-29 11:45:00,2024-11-25,-124,OPEN,2,189,191,N,52.0,17,1334.39,721.93,0.09,17,ACTIVATED
4660,AW7641,OSL - CDG,2025-03-29 09:55:00,2025-03-29 13:30:00,2024-11-25,-125,OPEN,2,189,191,G,49.0,4,398.0,307.56,0.02,4,ACTIVATED
6816,AW4671,BUD - CDG,2025-03-29 10:10:00,2025-03-29 15:15:00,2024-11-25,-125,OPEN,2,186,136,X,66.0,43,3205.0,2782.74,0.32,43,DEACTIVATED
3770,AW7644,CDG - OSL,2025-03-29 11:35:00,2025-03-29 13:15:00,2024-11-25,-124,OPEN,2,186,186,X,81.0,1,123.0,90.61,0.01,1,ACTIVATED
7156,AW4677,BUD - CDG,2025-03-29 11:40:00,2025-03-29 16:45:00,2024-11-25,-125,OPEN,2,186,119,K,87.0,68,4494.0,3826.24,0.57,68,DEACTIVATED
4018,AW4635,VIE - CDG,2025-03-29 12:30:00,2025-03-29 14:40:00,2024-11-25,-124,OPEN,2,189,190,R,66.0,2,137.8,100.2,0.01,2,ACTIVATED
3771,AW7646,CDG - OSL,2025-03-29 12:45:00,2025-03-29 14:25:00,2024-11-25,-124,OPEN,2,186,190,X,81.0,1,98.0,65.61,0.01,1,ACTIVATED
132,AW3280,CDG - TLL,2025-03-29 13:35:00,2025-03-29 19:15:00,2024-11-25,-124,CANCELLED,2,186,186,,,0,0.0,0.0,0.0,0,UNAVAILABLE
4436,AW7645,OSL - CDG,2025-03-29 13:55:00,2025-03-29 17:30:00,2024-11-25,-125,OPEN,2,186,188,T,59.0,3,325.0,257.17,0.02,3,ACTIVATED
6595,AW3283,TLL - CDG,2025-03-29 14:10:00,2025-03-29 16:10:00,2024-11-25,-124,OPEN,2,186,190,T,96.0,32,3551.0,2815.0,0.17,32,SCHEDULED
5263,AW7647,OSL - CDG,2025-03-29 15:05:00,2025-03-29 18:40:00,2024-11-25,-125,OPEN,2,186,191,N,40.0,7,488.0,329.37,0.04,7,ACTIVATED
130,AW7648,CDG - OSL,2025-03-29 16:20:00,2025-03-29 18:00:00,2024-11-25,-124,OPEN,2,189,186,T,63.0,0,0.0,0.0,0.0,0,ACTIVATED
4659,AW4638,CDG - VIE,2025-03-29 17:45:00,2025-03-29 19:55:00,2024-11-25,-124,OPEN,2,189,193,T,66.0,4,292.0,162.44,0.02,4,ACTIVATED
5390,AW7649,OSL - CDG,2025-03-29 18:40:00,2025-03-29 22:15:00,2024-11-25,-125,OPEN,2,189,188,T,59.0,8,770.0,589.12,0.04,8,ACTIVATED
133,AW3281,TLL - CDG,2025-03-29 20:15:00,2025-03-29 22:15:00,2024-11-25,-124,CANCELLED,2,186,186,,,0,0.0,0.0,0.0,0,UNAVAILABLE
4930,AW4639,VIE - CDG,2025-03-29 20:40:00,2025-03-29 22:50:00,2024-11-25,-124,OPEN,2,189,190,R,66.0,5,539.0,445.0,0.03,5,ACTIVATED
4438,AW7669,OSL - CDG,2025-03-30 06:00:00,2025-03-30 09:30:00,2024-11-25,-126,OPEN,2,189,189,G,47.0,3,87.0,18.63,0.02,3,ACTIVATED
4932,AW4781,VIE - CDG,2025-03-30 06:00:00,2025-03-30 08:05:00,2024-11-25,-125,OPEN,2,189,189,G,52.0,5,207.0,113.0,0.03,5,ACTIVATED
144,AW7665,OSL - CDG,2025-03-30 06:30:00,2025-03-30 10:00:00,2024-11-25,-126,CANCELLED,2,189,189,,,0,0.0,0.0,0.0,0,UNAVAILABLE
142,AW3423,TLL - CDG,2025-03-30 07:00:00,2025-03-30 09:50:00,2024-11-25,-125,CANCELLED,2,186,186,,,0,0.0,0.0,0.0,0,UNAVAILABLE
137,AW7640,CDG - OSL,2025-03-30 07:20:00,2025-03-30 09:00:00,2024-11-25,-125,OPEN,2,189,189,R,75.0,0,0.0,0.0,0.0,0,ACTIVATED
4661,AW3280,CDG - TLL,2025-03-30 08:05:00,2025-03-30 12:50:00,2024-11-25,-125,OPEN,2,189,189,T,92.0,4,392.0,126.96,0.02,4,SCHEDULED
143,AW7641,OSL - CDG,2025-03-30 09:40:00,2025-03-30 13:10:00,2024-11-25,-126,OPEN,2,189,189,G,47.0,0,0.0,0.0,0.0,0,ACTIVATED
4020,AW7658,CDG - OSL,2025-03-30 10:20:00,2025-03-30 12:00:00,2024-11-25,-125,OPEN,2,189,189,R,75.0,2,220.0,141.48,0.01,2,ACTIVATED
139,AW4638,CDG - VIE,2025-03-30 10:55:00,2025-03-30 13:05:00,2024-11-25,-125,OPEN,2,189,189,G,58.0,0,0.0,0.0,0.0,0,ACTIVATED
140,AW3288,CDG - TLL,2025-03-30 10:55:00,2025-03-30 15:40:00,2024-11-25,-125,OPEN,2,186,186,T,92.0,0,0.0,0.0,0.0,0,SCHEDULED
5526,AW7659,OSL - CDG,2025-03-30 12:40:00,2025-03-30 16:10:00,2024-11-25,-126,OPEN,2,189,189,R,69.0,9,731.22,527.73,0.05,9,ACTIVATED
6317,AW3281,TLL - CDG,2025-03-30 13:45:00,2025-03-30 16:35:00,2024-11-25,-125,OPEN,2,189,189,R,93.0,22,2238.0,1732.0,0.12,22,SCHEDULED
4437,AW4639,VIE - CDG,2025-03-30 13:55:00,2025-03-30 16:00:00,2024-11-25,-125,OPEN,2,189,189,T,60.0,3,180.0,123.6,0.02,3,ACTIVATED
4931,AW4636,CDG - VIE,2025-03-30 14:35:00,2025-03-30 16:45:00,2024-11-25,-125,OPEN,2,189,189,T,66.0,5,453.0,263.57,0.03,5,ACTIVATED
134,AW3556,CDG - HEL,2025-03-30 14:45:00,2025-03-30 19:05:00,2024-11-25,-125,CANCELLED,2,189,189,,,0,0.0,0.0,0.0,0,UNAVAILABLE
5264,AW3558,CDG - HEL,2025-03-30 15:00:00,2025-03-30 19:20:00,2024-11-25,-125,OPEN,2,189,189,M,232.0,7,1423.0,1168.79,0.04,7,ACTIVATED
5734,AW3289,TLL - CDG,2025-03-30 16:40:00,2025-03-30 19:30:00,2024-11-25,-125,OPEN,2,186,186,R,93.0,11,1138.0,885.0,0.06,11,SCHEDULED
4019,AW7646,CDG - OSL,2025-03-30 16:45:00,2025-03-30 18:25:00,2024-11-25,-125,OPEN,2,189,189,R,75.0,2,204.0,132.35,0.01,2,ACTIVATED
6691,AW4637,VIE - CDG,2025-03-30 17:30:00,2025-03-30 19:35:00,2024-11-25,-125,OPEN,2,189,189,R,70.0,36,1967.0,1290.2,0.19,36,ACTIVATED
141,AW3422,CDG - TLL,2025-03-30 19:00:00,2025-03-30 23:45:00,2024-11-25,-125,CANCELLED,2,186,186,,,0,0.0,0.0,0.0,0,UNAVAILABLE
5265,AW7647,OSL - CDG,2025-03-30 19:05:00,2025-03-30 22:35:00,2024-11-25,-126,OPEN,2,189,189,T,57.0,7,715.79,556.8,0.04,7,ACTIVATED
135,AW3557,HEL - CDG,2025-03-30 19:50:00,2025-03-30 22:35:00,2024-11-25,-125,CANCELLED,2,189,189,,,0,0.0,0.0,0.0,0,UNAVAILABLE
136,AW3559,HEL - CDG,2025-03-30 20:05:00,2025-03-30 22:50:00,2024-11-25,-125,OPEN,2,189,189,X,116.0,0,0.0,0.0,0.0,0,ACTIVATED
138,AW7664,CDG - OSL,2025-03-30 20:45:00,2025-03-30 22:25:00,2024-11-25,-125,CANCELLED,2,189,189,,,0,0.0,0.0,0.0,0,UNAVAILABLE
5110,AW7668,CDG - OSL,2025-03-30 21:15:00,2025-03-30 22:55:00,2024-11-25,-125,OPEN,2,189,189,G,57.0,6,400.0,164.44,0.03,6,ACTIVATED
5111,AW4780,CDG - VIE,2025-03-30 21:25:00,2025-03-30 23:35:00,2024-11-25,-125,OPEN,2,189,189,K,110.0,6,516.0,280.44,0.03,6,ACTIVATED
154,AW7669,OSL - CDG,2025-03-31 05:55:00,2025-03-31 09:25:00,2024-11-25,-127,OPEN,2,189,189,A,32.0,0,0.0,0.0,0.0,0,ACTIVATED
150,AW4781,VIE - CDG,2025-03-31 06:00:00,2025-03-31 08:05:00,2024-11-25,-126,OPEN,2,189,189,R,70.0,0,0.0,0.0,0.0,0,ACTIVATED
153,AW7665,OSL - CDG,2025-03-31 06:30:00,2025-03-31 10:00:00,2024-11-25,-127,CANCELLED,2,189,189,,,0,0.0,0.0,0.0,0,UNAVAILABLE
152,AW3423,TLL - CDG,2025-03-31 06:45:00,2025-03-31 09:35:00,2024-11-25,-126,CANCELLED,2,186,186,,,0,0.0,0.0,0.0,0,UNAVAILABLE
4022,AW7640,CDG - OSL,2025-03-31 07:15:00,2025-03-31 08:55:00,2024-11-25,-126,OPEN,2,189,189,R,75.0,2,172.0,93.48,0.01,2,ACTIVATED
6318,AW3284,CDG - TLL,2025-03-31 07:45:00,2025-03-31 12:30:00,2024-11-25,-126,OPEN,2,189,189,N,78.0,22,1540.0,164.67,0.12,22,SCHEDULED
5266,AW3550,CDG - HEL,2025-03-31 08:20:00,2025-03-31 12:40:00,2024-11-25,-126,OPEN,2,189,189,X,125.0,7,1153.0,898.79,0.04,7,ACTIVATED
4023,AW7641,OSL - CDG,2025-03-31 09:35:00,2025-03-31 13:05:00,2024-11-25,-127,OPEN,2,189,189,N,39.0,2,58.0,12.42,0.01,2,ACTIVATED
6982,AW4632,CDG - VIE,2025-03-31 10:05:00,2025-03-31 12:15:00,2024-11-25,-126,OPEN,2,189,189,L,97.0,53,3016.23,1299.56,0.28,53,ACTIVATED
6649,AW3280,CDG - TLL,2025-03-31 10:10:00,2025-03-31 14:55:00,2024-11-25,-126,OPEN,2,186,186,G,83.0,34,2462.0,314.02,0.18,34,SCHEDULED
3772,AW7644,CDG - OSL,2025-03-31 11:10:00,2025-03-31 12:50:00,2024-11-25,-126,OPEN,2,189,189,T,65.0,1,65.0,25.74,0.01,1,ACTIVATED
4439,AW4633,VIE - CDG,2025-03-31 13:05:00,2025-03-31 15:10:00,2024-11-25,-126,OPEN,2,189,189,X,82.0,3,312.0,255.6,0.02,3,ACTIVATED
6458,AW3285,TLL - CDG,2025-03-31 13:25:00,2025-03-31 16:15:00,2024-11-25,-126,OPEN,2,189,189,T,80.0,27,2139.0,1518.0,0.14,27,SCHEDULED
4021,AW3551,HEL - CDG,2025-03-31 13:25:00,2025-03-31 16:10:00,2024-11-25,-126,OPEN,2,189,189,R,103.0,2,232.0,188.1,0.01,2,ACTIVATED
5645,AW7645,OSL - CDG,2025-03-31 13:35:00,2025-03-31 17:05:00,2024-11-25,-127,OPEN,2,189,189,G,47.0,10,760.0,533.0,0.05,10,ACTIVATED
4440,AW4634,CDG - VIE,2025-03-31 14:30:00,2025-03-31 16:40:00,2024-11-25,-126,OPEN,2,189,189,R,75.0,3,495.26,377.48,0.02,3,ACTIVATED
145,AW3558,CDG - HEL,2025-03-31 14:55:00,2025-03-31 19:15:00,2024-11-25,-126,CANCELLED,2,189,189,,,0,0.0,0.0,0.0,0,UNAVAILABLE
6930,AW3281,TLL - CDG,2025-03-31 15:55:00,2025-03-31 18:45:00,2024-11-25,-126,OPEN,2,186,186,T,80.0,50,3681.0,2531.0,0.27,50,SCHEDULED
147,AW7648,CDG - OSL,2025-03-31 16:50:00,2025-03-31 18:30:00,2024-11-25,-126,OPEN,2,189,189,T,65.0,0,0.0,0.0,0.0,0,ACTIVATED
5735,AW4635,VIE - CDG,2025-03-31 17:30:00,2025-03-31 19:35:00,2024-11-25,-126,OPEN,2,189,189,T,60.0,11,572.0,365.2,0.06,11,ACTIVATED
151,AW3422,CDG - TLL,2025-03-31 19:00:00,2025-03-31 23:45:00,2024-11-25,-126,CANCELLED,2,186,186,,,0,0.0,0.0,0.0,0,UNAVAILABLE
4024,AW7649,OSL - CDG,2025-03-31 19:10:00,2025-03-31 22:40:00,2024-11-25,-127,OPEN,2,189,189,K,111.0,2,378.0,332.78,0.01,2,ACTIVATED
146,AW3559,HEL - CDG,2025-03-31 20:00:00,2025-03-31 22:45:00,2024-11-25,-126,CANCELLED,2,189,189,,,0,0.0,0.0,0.0,0,UNAVAILABLE
148,AW7664,CDG - OSL,2025-03-31 20:45:00,2025-03-31 22:25:00,2024-11-25,-126,CANCELLED,2,189,189,,,0,0.0,0.0,0.0,0,UNAVAILABLE
3773,AW7668,CDG - OSL,2025-03-31 21:15:00,2025-03-31 22:55:00,2024-11-25,-126,OPEN,2,189,189,T,65.0,1,187.0,154.61,0.01,1,ACTIVATED
149,AW4780,CDG - VIE,2025-03-31 21:20:00,2025-03-31 23:30:00,2024-11-25,-126,OPEN,2,189,189,R,75.0,0,0.0,0.0,0.0,0,ACTIVATED
3774,AW7669,OSL - CDG,2025-04-01 06:00:00,2025-04-01 09:30:00,2024-11-25,-128,OPEN,2,189,189,G,47.0,1,47.0,24.21,0.01,1,ACTIVATED
5527,AW4781,VIE - CDG,2025-04-01 06:00:00,2025-04-01 08:05:00,2024-11-25,-127,OPEN,2,189,189,T,60.0,9,388.0,218.8,0.05,9,ACTIVATED
5888,AW4670,CDG - BUD,2025-04-01 06:15:00,2025-04-01 09:20:00,2024-11-25,-127,OPEN,2,189,99,G,59.0,13,1140.0,643.36,0.13,13,SCHEDULED
167,AW7665,OSL - CDG,2025-04-01 06:30:00,2025-04-01 10:00:00,2024-11-25,-128,CANCELLED,2,189,189,,,0,0.0,0.0,0.0,0,UNAVAILABLE
164,AW3423,TLL - CDG,2025-04-01 06:45:00,2025-04-01 09:35:00,2024-11-25,-127,CANCELLED,2,186,186,,,0,0.0,0.0,0.0,0,UNAVAILABLE
157,AW7640,CDG - OSL,2025-04-01 07:15:00,2025-04-01 08:55:00,2024-11-25,-127,OPEN,2,189,189,R,75.0,0,0.0,0.0,0.0,0,ACTIVATED
165,AW7641,OSL - CDG,2025-04-01 09:35:00,2025-04-01 13:05:00,2024-11-25,-128,OPEN,2,189,189,G,47.0,0,0.0,0.0,0.0,0,ACTIVATED
5646,AW3288,CDG - TLL,2025-04-01 09:50:00,2025-04-01 14:35:00,2024-11-25,-127,OPEN,2,186,186,R,100.0,10,992.0,389.32,0.05,10,SCHEDULED
5949,AW4671,BUD - CDG,2025-04-01 10:05:00,2025-04-01 15:00:00,2024-11-25,-128,OPEN,2,189,99,G,52.0,14,1436.0,1298.52,0.14,14,DEACTIVATED
5112,AW4632,CDG - VIE,2025-04-01 10:05:00,2025-04-01 12:15:00,2024-11-25,-127,OPEN,2,189,189,R,75.0,6,322.0,100.18,0.03,6,ACTIVATED
155,AW3558,CDG - HEL,2025-04-01 11:30:00,2025-04-01 15:50:00,2024-11-25,-127,CANCELLED,2,189,189,,,0,0.0,0.0,0.0,0,UNAVAILABLE
158,AW7644,CDG - OSL,2025-04-01 11:50:00,2025-04-01 13:30:00,2024-11-25,-127,OPEN,2,189,189,L,97.0,0,0.0,0.0,0.0,0,ACTIVATED
5267,AW4633,VIE - CDG,2025-04-01 13:05:00,2025-04-01 15:10:00,2024-11-25,-127,OPEN,2,189,189,R,70.0,7,341.0,209.4,0.04,7,ACTIVATED
4025,AW7645,OSL - CDG,2025-04-01 14:15:00,2025-04-01 17:45:00,2024-11-25,-128,OPEN,2,189,189,G,47.0,2,94.0,48.42,0.01,2,ACTIVATED
6596,AW3286,CDG - TLL,2025-04-01 14:20:00,2025-04-01 19:05:00,2024-11-25,-127,OPEN,2,186,189,R,100.0,32,3143.0,1075.11,0.17,32,SCHEDULED
4441,AW4636,CDG - VIE,2025-04-01 15:00:00,2025-04-01 17:10:00,2024-11-25,-127,OPEN,2,189,189,R,75.0,3,174.0,56.22,0.02,3,ACTIVATED
5817,AW3289,TLL - CDG,2025-04-01 15:35:00,2025-04-01 18:25:00,2024-11-25,-127,OPEN,2,186,186,T,80.0,12,1226.0,950.0,0.06,12,SCHEDULED
156,AW3559,HEL - CDG,2025-04-01 16:35:00,2025-04-01 19:20:00,2024-11-25,-127,CANCELLED,2,189,189,,,0,0.0,0.0,0.0,0,UNAVAILABLE
159,AW7648,CDG - OSL,2025-04-01 16:45:00,2025-04-01 18:25:00,2024-11-25,-127,OPEN,2,189,189,R,75.0,0,0.0,0.0,0.0,0,ACTIVATED
162,AW4637,VIE - CDG,2025-04-01 18:00:00,2025-04-01 20:05:00,2024-11-25,-127,OPEN,2,189,189,T,60.0,0,0.0,0.0,0.0,0,ACTIVATED
163,AW3422,CDG - TLL,2025-04-01 19:00:00,2025-04-01 23:45:00,2024-11-25,-127,CANCELLED,2,186,186,,,0,0.0,0.0,0.0,0,UNAVAILABLE
166,AW7649,OSL - CDG,2025-04-01 19:05:00,2025-04-01 22:35:00,2024-11-25,-128,OPEN,2,189,189,G,47.0,0,0.0,0.0,0.0,0,ACTIVATED
5391,AW3287,TLL - CDG,2025-04-01 20:00:00,2025-04-01 22:50:00,2024-11-25,-127,OPEN,2,186,189,T,80.0,8,629.0,445.0,0.04,8,SCHEDULED
160,AW7664,CDG - OSL,2025-04-01 20:45:00,2025-04-01 22:25:00,2024-11-25,-127,CANCELLED,2,189,189,,,0,0.0,0.0,0.0,0,UNAVAILABLE
161,AW7668,CDG - OSL,2025-04-01 21:15:00,2025-04-01 22:55:00,2024-11-25,-127,OPEN,2,189,189,T,65.0,0,0.0,0.0,0.0,0,ACTIVATED
5392,AW4780,CDG - VIE,2025-04-01 21:20:00,2025-04-01 23:30:00,2024-11-25,-127,OPEN,2,189,189,R,75.0,8,453.0,193.88,0.04,8,ACTIVATED
180,AW7665,OSL - CDG,2025-04-02 06:00:00,2025-04-02 09:30:00,2024-11-25,-129,CANCELLED,2,189,189,,,0,0.0,0.0,0.0,0,UNAVAILABLE
4027,AW4781,VIE - CDG,2025-04-02 06:15:00,2025-04-02 08:20:00,2024-11-25,-128,OPEN,2,189,189,G,52.0,2,90.0,52.4,0.01,2,ACTIVATED
181,AW7669,OSL - CDG,2025-04-02 06:30:00,2025-04-02 10:00:00,2024-11-25,-129,OPEN,2,189,189,A,31.0,0,0.0,0.0,0.0,0,ACTIVATED
178,AW3423,TLL - CDG,2025-04-02 06:45:00,2025-04-02 09:35:00,2024-11-25,-128,CANCELLED,2,186,186,,,0,0.0,0.0,0.0,0,UNAVAILABLE
172,AW7640,CDG - OSL,2025-04-02 07:15:00,2025-04-02 08:55:00,2024-11-25,-128,OPEN,2,186,186,R,75.0,0,0.0,0.0,0.0,0,ACTIVATED
168,AW3550,CDG - HEL,2025-04-02 08:30:00,2025-04-02 12:50:00,2024-11-25,-128,CANCELLED,2,189,189,,,0,0.0,0.0,0.0,0,UNAVAILABLE
179,AW7641,OSL - CDG,2025-04-02 09:35:00,2025-04-02 13:05:00,2024-11-25,-129,OPEN,2,186,186,G,47.0,0,0.0,0.0,0.0,0,ACTIVATED
6459,AW3284,CDG - TLL,2025-04-02 10:05:00,2025-04-02 14:50:00,2024-11-25,-128,OPEN,2,189,189,X,111.0,27,3511.0,1826.84,0.14,27,SCHEDULED
5393,AW4632,CDG - VIE,2025-04-02 10:15:00,2025-04-02 12:25:00,2024-11-25,-128,OPEN,2,189,189,N,51.0,8,858.0,585.14,0.04,8,ACTIVATED
5529,AW3288,CDG - TLL,2025-04-02 10:55:00,2025-04-02 15:40:00,2024-11-25,-128,OPEN,2,186,186,X,111.0,9,1025.0,481.09,0.05,9,SCHEDULED
3775,AW7644,CDG - OSL,2025-04-02 11:50:00,2025-04-02 13:30:00,2024-11-25,-128,OPEN,2,189,189,X,86.0,1,125.0,85.74,0.01,1,ACTIVATED
6623,AW4633,VIE - CDG,2025-04-02 13:15:00,2025-04-02 15:20:00,2024-11-25,-128,OPEN,2,189,189,K,108.0,33,4146.96,3526.56,0.17,33,ACTIVATED
169,AW3551,HEL - CDG,2025-04-02 13:35:00,2025-04-02 16:20:00,2024-11-25,-128,CANCELLED,2,189,189,,,0,0.0,0.0,0.0,0,UNAVAILABLE
4028,AW7645,OSL - CDG,2025-04-02 14:10:00,2025-04-02 17:40:00,2024-11-25,-129,OPEN,2,189,189,G,47.0,2,114.0,68.78,0.01,2,ACTIVATED
170,AW3558,CDG - HEL,2025-04-02 14:20:00,2025-04-02 18:40:00,2024-11-25,-128,CANCELLED,2,189,189,,,0,0.0,0.0,0.0,0,UNAVAILABLE
6209,AW3286,CDG - TLL,2025-04-02 14:20:00,2025-04-02 19:05:00,2024-11-25,-128,OPEN,2,186,186,X,111.0,19,1849.0,664.96,0.1,19,SCHEDULED
175,AW4636,CDG - VIE,2025-04-02 14:40:00,2025-04-02 16:50:00,2024-11-25,-128,OPEN,2,189,189,N,51.0,0,0.0,0.0,0.0,0,ACTIVATED
5528,AW3285,TLL - CDG,2025-04-02 15:45:00,2025-04-02 18:35:00,2024-11-25,-128,OPEN,2,189,189,X,109.0,9,912.0,705.0,0.05,9,SCHEDULED
5268,AW3289,TLL - CDG,2025-04-02 16:40:00,2025-04-02 19:30:00,2024-11-25,-128,OPEN,2,186,186,T,80.0,7,549.0,388.0,0.04,7,SCHEDULED
3776,AW7646,CDG - OSL,2025-04-02 16:45:00,2025-04-02 18:25:00,2024-11-25,-128,OPEN,2,189,189,R,75.0,1,75.0,35.74,0.01,1,ACTIVATED
176,AW4637,VIE - CDG,2025-04-02 17:40:00,2025-04-02 19:45:00,2024-11-25,-128,OPEN,2,189,189,T,60.0,0,0.0,0.0,0.0,0,ACTIVATED
177,AW3422,CDG - TLL,2025-04-02 19:00:00,2025-04-02 23:45:00,2024-11-25,-128,CANCELLED,2,186,186,,,0,0.0,0.0,0.0,0,UNAVAILABLE
4029,AW7647,OSL - CDG,2025-04-02 19:10:00,2025-04-02 22:40:00,2024-11-25,-129,OPEN,2,189,189,G,47.0,2,94.0,48.78,0.01,2,ACTIVATED
171,AW3559,HEL - CDG,2025-04-02 19:25:00,2025-04-02 22:10:00,2024-11-25,-128,CANCELLED,2,189,189,,,0,0.0,0.0,0.0,0,UNAVAILABLE
4026,AW3287,TLL - CDG,2025-04-02 20:00:00,2025-04-02 22:50:00,2024-11-25,-128,OPEN,2,186,186,G,69.0,2,160.0,114.0,0.01,2,SCHEDULED
173,AW7664,CDG - OSL,2025-04-02 20:45:00,2025-04-02 22:25:00,2024-11-25,-128,CANCELLED,2,189,189,,,0,0.0,0.0,0.0,0,UNAVAILABLE
174,AW7668,CDG - OSL,2025-04-02 21:15:00,2025-04-02 22:55:00,2024-11-25,-128,OPEN,2,189,189,R,75.0,0,0.0,0.0,0.0,0,ACTIVATED
4662,AW4780,CDG - VIE,2025-04-02 21:20:00,2025-04-02 23:30:00,2024-11-25,-128,OPEN,2,189,189,R,75.0,4,234.0,90.7,0.02,4,ACTIVATED
186,AW4781,VIE - CDG,2025-04-03 06:00:00,2025-04-03 08:05:00,2024-11-25,-129,OPEN,2,189,189,G,52.0,0,0.0,0.0,0.0,0,ACTIVATED
197,AW7665,OSL - CDG,2025-04-03 06:00:00,2025-04-03 09:30:00,2024-11-25,-130,CANCELLED,2,189,189,,,0,0.0,0.0,0.0,0,UNAVAILABLE
198,AW7669,OSL - CDG,2025-04-03 06:30:00,2025-04-03 10:00:00,2024-11-25,-130,OPEN,2,189,189,G,47.0,0,0.0,0.0,0.0,0,ACTIVATED
188,AW3423,TLL - CDG,2025-04-03 06:45:00,2025-04-03 09:35:00,2024-11-25,-129,CANCELLED,2,186,186,,,0,0.0,0.0,0.0,0,UNAVAILABLE
4442,AW7640,CDG - OSL,2025-04-03 07:15:00,2025-04-03 08:55:00,2024-11-25,-129,OPEN,2,186,186,R,75.0,3,225.0,107.22,0.02,3,ACTIVATED
182,AW3550,CDG - HEL,2025-04-03 08:10:00,2025-04-03 12:30:00,2024-11-25,-129,CANCELLED,2,189,189,,,0,0.0,0.0,0.0,0,UNAVAILABLE
195,AW7641,OSL - CDG,2025-04-03 09:35:00,2025-04-03 13:05:00,2024-11-25,-130,OPEN,2,186,186,T,57.0,0,0.0,0.0,0.0,0,ACTIVATED
6167,AW4632,CDG - VIE,2025-04-03 09:45:00,2025-04-03 11:55:00,2024-11-25,-129,OPEN,2,189,189,R,75.0,18,1128.0,476.28,0.1,18,ACTIVATED
189,AW4670,CDG - BUD,2025-04-03 10:05:00,2025-04-03 13:10:00,2024-11-25,-129,CANCELLED,2,189,99,,,0,0.0,0.0,0.0,0,UNAVAILABLE
6540,AW3288,CDG - TLL,2025-04-03 11:25:00,2025-04-03 16:10:00,2024-11-25,-129,OPEN,2,186,186,L,122.0,30,3531.0,1640.57,0.16,30,SCHEDULED
3777,AW7644,CDG - OSL,2025-04-03 11:50:00,2025-04-03 13:30:00,2024-11-25,-129,OPEN,2,189,189,L,97.0,1,134.0,101.61,0.01,1,ACTIVATED
6478,AW4633,VIE - CDG,2025-04-03 12:45:00,2025-04-03 14:50:00,2024-11-25,-129,OPEN,2,189,189,X,82.0,28,2254.0,1727.6,0.15,28,ACTIVATED
183,AW3551,HEL - CDG,2025-04-03 13:15:00,2025-04-03 16:00:00,2024-11-25,-129,CANCELLED,2,189,189,,,0,0.0,0.0,0.0,0,UNAVAILABLE
206,AW4671,BUD - CDG,2025-04-03 13:55:00,2025-04-03 18:50:00,2024-11-25,-130,CANCELLED,2,189,99,,,0,0.0,0.0,0.0,0,UNAVAILABLE
4663,AW7645,OSL - CDG,2025-04-03 14:15:00,2025-04-03 17:45:00,2024-11-25,-130,OPEN,2,189,189,G,47.0,4,188.0,97.56,0.02,4,ACTIVATED
4933,AW4636,CDG - VIE,2025-04-03 14:30:00,2025-04-03 16:40:00,2024-11-25,-129,OPEN,2,189,189,R,75.0,5,336.0,167.18,0.03,5,ACTIVATED
5736,AW3556,CDG - HEL,2025-04-03 15:00:00,2025-04-03 19:20:00,2024-11-25,-129,OPEN,2,189,189,X,125.0,11,1615.0,1203.75,0.06,11,ACTIVATED
4031,AW7646,CDG - OSL,2025-04-03 15:20:00,2025-04-03 17:00:00,2024-11-25,-129,OPEN,2,189,189,X,86.0,2,172.0,93.48,0.01,2,ACTIVATED
5530,AW3289,TLL - CDG,2025-04-03 17:10:00,2025-04-03 20:00:00,2024-11-25,-129,OPEN,2,186,186,T,80.0,9,768.0,561.0,0.05,9,SCHEDULED
4443,AW4637,VIE - CDG,2025-04-03 17:30:00,2025-04-03 19:35:00,2024-11-25,-129,OPEN,2,189,189,X,82.0,3,156.0,99.6,0.02,3,ACTIVATED
196,AW7647,OSL - CDG,2025-04-03 17:40:00,2025-04-03 21:10:00,2024-11-25,-130,OPEN,2,189,189,T,57.0,0,0.0,0.0,0.0,0,ACTIVATED
187,AW3422,CDG - TLL,2025-04-03 19:00:00,2025-04-03 23:45:00,2024-11-25,-129,CANCELLED,2,186,186,,,0,0.0,0.0,0.0,0,UNAVAILABLE
4030,AW3557,HEL - CDG,2025-04-03 20:05:00,2025-04-03 22:50:00,2024-11-25,-129,OPEN,2,189,189,R,103.0,2,302.0,258.1,0.01,2,ACTIVATED
184,AW7664,CDG - OSL,2025-04-03 20:45:00,2025-04-03 22:25:00,2024-11-25,-129,CANCELLED,2,189,189,,,0,0.0,0.0,0.0,0,UNAVAILABLE
4934,AW4780,CDG - VIE,2025-04-03 21:15:00,2025-04-03 23:25:00,2024-11-25,-129,OPEN,2,189,189,X,86.0,5,354.0,157.7,0.03,5,ACTIVATED
185,AW7668,CDG - OSL,2025-04-03 21:15:00,2025-04-03 22:55:00,2024-11-25,-129,OPEN,2,189,189,R,75.0,0,0.0,0.0,0.0,0,ACTIVATED
212,AW7665,OSL - CDG,2025-04-04 06:00:00,2025-04-04 09:30:00,2024-11-25,-131,CANCELLED,2,189,189,,,0,0.0,0.0,0.0,0,UNAVAILABLE
213,AW7669,OSL - CDG,2025-04-04 06:30:00,2025-04-04 10:00:00,2024-11-25,-131,OPEN,2,189,189,G,47.0,0,0.0,0.0,0.0,0,ACTIVATED
208,AW3423,TLL - CDG,2025-04-04 06:35:00,2025-04-04 09:25:00,2024-11-25,-130,CANCELLED,2,186,186,,,0,0.0,0.0,0.0,0,UNAVAILABLE
6624,AW4781,VIE - CDG,2025-04-04 06:55:00,2025-04-04 09:00:00,2024-11-25,-130,OPEN,2,189,189,T,60.0,33,1526.0,905.6,0.17,33,ACTIVATED
201,AW7640,CDG - OSL,2025-04-04 07:20:00,2025-04-04 09:00:00,2024-11-25,-130,OPEN,2,186,186,Q,141.0,0,0.0,0.0,0.0,0,ACTIVATED
199,AW3550,CDG - HEL,2025-04-04 07:30:00,2025-04-04 11:50:00,2024-11-25,-130,CANCELLED,2,189,189,,,0,0.0,0.0,0.0,0,UNAVAILABLE
6168,AW3280,CDG - TLL,2025-04-04 09:05:00,2025-04-04 13:50:00,2024-11-25,-130,OPEN,2,186,186,X,111.0,18,1949.0,808.75,0.1,18,SCHEDULED
209,AW7641,OSL - CDG,2025-04-04 09:40:00,2025-04-04 13:10:00,2024-11-25,-131,OPEN,2,186,186,T,57.0,0,0.0,0.0,0.0,0,ACTIVATED
6514,AW4632,CDG - VIE,2025-04-04 10:05:00,2025-04-04 12:15:00,2024-11-25,-130,OPEN,2,189,189,K,110.0,29,3296.0,2336.08,0.15,29,ACTIVATED
202,AW7644,CDG - OSL,2025-04-04 11:10:00,2025-04-04 12:50:00,2024-11-25,-130,OPEN,2,189,189,K,110.0,0,0.0,0.0,0.0,0,ACTIVATED
200,AW3551,HEL - CDG,2025-04-04 12:35:00,2025-04-04 15:20:00,2024-11-25,-130,CANCELLED,2,189,189,,,0,0.0,0.0,0.0,0,UNAVAILABLE
6997,AW4633,VIE - CDG,2025-04-04 13:05:00,2025-04-04 15:10:00,2024-11-25,-130,OPEN,2,189,189,X,82.0,54,3094.0,2078.8,0.29,54,ACTIVATED
6460,AW3284,CDG - TLL,2025-04-04 13:25:00,2025-04-04 18:10:00,2024-11-25,-130,OPEN,2,189,189,X,111.0,27,3075.0,1293.47,0.14,27,SCHEDULED
210,AW7645,OSL - CDG,2025-04-04 13:35:00,2025-04-04 17:05:00,2024-11-25,-131,OPEN,2,189,189,T,57.0,0,0.0,0.0,0.0,0,ACTIVATED
5270,AW3281,TLL - CDG,2025-04-04 14:50:00,2025-04-04 17:40:00,2024-11-25,-130,OPEN,2,186,186,T,80.0,7,730.0,569.0,0.04,7,SCHEDULED
4665,AW4636,CDG - VIE,2025-04-04 14:55:00,2025-04-04 17:05:00,2024-11-25,-130,OPEN,2,189,189,L,97.0,4,378.0,234.7,0.02,4,ACTIVATED
5950,AW3558,CDG - HEL,2025-04-04 14:55:00,2025-04-04 19:15:00,2024-11-25,-130,OPEN,2,189,189,V,172.0,14,3218.0,2750.8,0.07,14,ACTIVATED
203,AW7648,CDG - OSL,2025-04-04 16:25:00,2025-04-04 18:05:00,2024-11-25,-130,OPEN,2,189,189,H,158.0,0,0.0,0.0,0.0,0,ACTIVATED
4032,AW4637,VIE - CDG,2025-04-04 17:55:00,2025-04-04 20:00:00,2024-11-25,-130,OPEN,2,189,189,G,52.0,2,104.0,66.4,0.01,2,ACTIVATED
211,AW7649,OSL - CDG,2025-04-04 18:45:00,2025-04-04 22:15:00,2024-11-25,-131,OPEN,2,189,189,T,57.0,0,0.0,0.0,0.0,0,ACTIVATED
207,AW3422,CDG - TLL,2025-04-04 19:00:00,2025-04-04 23:45:00,2024-11-25,-130,CANCELLED,2,186,186,,,0,0.0,0.0,0.0,0,UNAVAILABLE
4664,AW3285,TLL - CDG,2025-04-04 19:05:00,2025-04-04 21:55:00,2024-11-25,-130,OPEN,2,189,189,G,69.0,4,309.0,217.0,0.02,4,SCHEDULED
5269,AW3559,HEL - CDG,2025-04-04 20:00:00,2025-04-04 22:45:00,2024-11-25,-130,OPEN,2,189,189,R,103.0,7,760.0,606.35,0.04,7,ACTIVATED
204,AW7664,CDG - OSL,2025-04-04 20:45:00,2025-04-04 22:25:00,2024-11-25,-130,CANCELLED,2,189,189,,,0,0.0,0.0,0.0,0,UNAVAILABLE
4444,AW4780,CDG - VIE,2025-04-04 21:10:00,2025-04-04 23:20:00,2024-11-25,-130,OPEN,2,189,189,T,66.0,3,229.0,111.22,0.02,3,ACTIVATED
205,AW7668,CDG - OSL,2025-04-04 21:15:00,2025-04-04 22:55:00,2024-11-25,-130,OPEN,2,189,189,H,158.0,0,0.0,0.0,0.0,0,ACTIVATED
224,AW7665,OSL - CDG,2025-04-05 05:55:00,2025-04-05 09:25:00,2024-11-25,-132,CANCELLED,2,189,189,,,0,0.0,0.0,0.0,0,UNAVAILABLE
6847,AW4781,VIE - CDG,2025-04-05 06:00:00,2025-04-05 08:05:00,2024-11-25,-131,OPEN,2,189,189,X,82.0,45,3427.0,2581.0,0.24,45,ACTIVATED
6650,AW4670,CDG - BUD,2025-04-05 06:15:00,2025-04-05 09:20:00,2024-11-25,-131,OPEN,2,186,96,D,293.0,34,7129.0,6000.26,0.35,34,SCHEDULED
6848,AW7669,OSL - CDG,2025-04-05 06:25:00,2025-04-05 09:55:00,2024-11-25,-132,OPEN,2,189,189,R,69.0,45,2944.8,1927.35,0.24,45,ACTIVATED
222,AW3423,TLL - CDG,2025-04-05 06:45:00,2025-04-05 09:35:00,2024-11-25,-131,CANCELLED,2,186,186,,,0,0.0,0.0,0.0,0,UNAVAILABLE
214,AW3550,CDG - HEL,2025-04-05 08:35:00,2025-04-05 12:55:00,2024-11-25,-131,CANCELLED,2,189,189,,,0,0.0,0.0,0.0,0,UNAVAILABLE
6761,AW3280,CDG - TLL,2025-04-05 09:00:00,2025-04-05 13:45:00,2024-11-25,-131,OPEN,2,189,189,K,135.0,40,4477.0,2043.81,0.21,40,SCHEDULED
6479,AW4671,BUD - CDG,2025-04-05 10:05:00,2025-04-05 15:00:00,2024-11-25,-132,OPEN,2,186,94,K,114.0,28,3004.0,2729.04,0.3,28,DEACTIVATED
6076,AW4636,CDG - VIE,2025-04-05 10:10:00,2025-04-05 12:20:00,2024-11-25,-131,OPEN,2,189,189,L,97.0,16,1947.0,1387.54,0.08,16,ACTIVATED
6931,AW3288,CDG - TLL,2025-04-05 10:15:00,2025-04-05 15:00:00,2024-11-25,-131,OPEN,2,186,186,V,150.0,50,5264.0,2280.56,0.27,50,SCHEDULED
216,AW7644,CDG - OSL,2025-04-05 10:20:00,2025-04-05 12:00:00,2024-11-25,-131,OPEN,2,189,189,Q,141.0,0,0.0,0.0,0.0,0,ACTIVATED
4667,AW7645,OSL - CDG,2025-04-05 12:40:00,2025-04-05 16:10:00,2024-11-25,-132,OPEN,2,189,189,R,69.0,4,276.0,185.56,0.02,4,ACTIVATED
220,AW4637,VIE - CDG,2025-04-05 13:10:00,2025-04-05 15:15:00,2024-11-25,-131,OPEN,2,189,189,L,94.0,0,0.0,0.0,0.0,0,ACTIVATED
4666,AW4634,CDG - VIE,2025-04-05 13:35:00,2025-04-05 15:45:00,2024-11-25,-131,OPEN,2,189,189,K,110.0,4,388.0,230.96,0.02,4,ACTIVATED
215,AW3551,HEL - CDG,2025-04-05 13:40:00,2025-04-05 16:25:00,2024-11-25,-131,CANCELLED,2,189,189,,,0,0.0,0.0,0.0,0,UNAVAILABLE
4935,AW3281,TLL - CDG,2025-04-05 14:40:00,2025-04-05 17:30:00,2024-11-25,-131,OPEN,2,189,189,T,80.0,5,400.0,285.0,0.03,5,SCHEDULED
4033,AW7658,CDG - OSL,2025-04-05 15:20:00,2025-04-05 17:00:00,2024-11-25,-131,OPEN,2,189,189,Q,141.0,2,350.0,271.48,0.01,2,ACTIVATED
6075,AW3289,TLL - CDG,2025-04-05 16:00:00,2025-04-05 18:50:00,2024-11-25,-131,OPEN,2,186,186,T,80.0,16,1280.0,912.0,0.09,16,SCHEDULED
7057,AW4635,VIE - CDG,2025-04-05 16:40:00,2025-04-05 18:45:00,2024-11-25,-131,OPEN,2,189,189,L,94.0,59,3472.97,2363.77,0.31,59,ACTIVATED
217,AW7646,CDG - OSL,2025-04-05 16:45:00,2025-04-05 18:25:00,2024-11-25,-131,OPEN,2,186,186,Q,141.0,0,0.0,0.0,0.0,0,ACTIVATED
223,AW7659,OSL - CDG,2025-04-05 17:40:00,2025-04-05 21:10:00,2024-11-25,-132,OPEN,2,189,189,T,57.0,0,0.0,0.0,0.0,0,ACTIVATED
221,AW3422,CDG - TLL,2025-04-05 19:00:00,2025-04-05 23:45:00,2024-11-25,-131,CANCELLED,2,186,186,,,0,0.0,0.0,0.0,0,UNAVAILABLE
6436,AW7647,OSL - CDG,2025-04-05 19:05:00,2025-04-05 22:35:00,2024-11-25,-132,OPEN,2,186,186,R,69.0,26,1753.0,1165.14,0.14,26,ACTIVATED
218,AW7664,CDG - OSL,2025-04-05 20:45:00,2025-04-05 22:25:00,2024-11-25,-131,CANCELLED,2,189,189,,,0,0.0,0.0,0.0,0,UNAVAILABLE
219,AW7668,CDG - OSL,2025-04-05 21:15:00,2025-04-05 22:55:00,2024-11-25,-131,OPEN,2,189,189,H,158.0,0,0.0,0.0,0.0,0,ACTIVATED
3778,AW4780,CDG - VIE,2025-04-05 21:15:00,2025-04-05 23:25:00,2024-11-25,-131,OPEN,2,189,189,L,97.0,1,86.0,46.74,0.01,1,ACTIVATED
4036,AW7669,OSL - CDG,2025-04-06 06:00:00,2025-04-06 09:30:00,2024-11-25,-133,OPEN,2,189,189,T,57.0,2,114.0,68.78,0.01,2,ACTIVATED
6692,AW4781,VIE - CDG,2025-04-06 06:00:00,2025-04-06 08:05:00,2024-11-25,-132,OPEN,2,189,189,X,82.0,36,1883.16,1206.36,0.19,36,ACTIVATED
234,AW7665,OSL - CDG,2025-04-06 06:30:00,2025-04-06 10:00:00,2024-11-25,-133,CANCELLED,2,189,189,,,0,0.0,0.0,0.0,0,UNAVAILABLE
232,AW3423,TLL - CDG,2025-04-06 07:00:00,2025-04-06 09:50:00,2024-11-25,-132,CANCELLED,2,186,186,,,0,0.0,0.0,0.0,0,UNAVAILABLE
4668,AW7640,CDG - OSL,2025-04-06 07:20:00,2025-04-06 09:00:00,2024-11-25,-132,OPEN,2,189,189,X,86.0,4,344.0,186.96,0.02,4,ACTIVATED
6597,AW3280,CDG - TLL,2025-04-06 08:05:00,2025-04-06 12:50:00,2024-11-25,-132,OPEN,2,189,189,X,111.0,32,3420.0,1374.58,0.17,32,SCHEDULED
233,AW7641,OSL - CDG,2025-04-06 09:40:00,2025-04-06 13:10:00,2024-11-25,-133,OPEN,2,189,189,X,82.0,0,0.0,0.0,0.0,0,ACTIVATED
6077,AW7658,CDG - OSL,2025-04-06 10:20:00,2025-04-06 12:00:00,2024-11-25,-132,OPEN,2,189,189,L,97.0,16,1536.0,962.8,0.08,16,ACTIVATED
6598,AW3288,CDG - TLL,2025-04-06 10:55:00,2025-04-06 15:40:00,2024-11-25,-132,OPEN,2,186,186,X,111.0,32,3456.0,1515.44,0.17,32,SCHEDULED
7035,AW4638,CDG - VIE,2025-04-06 10:55:00,2025-04-06 13:05:00,2024-11-25,-132,OPEN,2,189,189,B,234.0,57,4975.24,2737.42,0.3,57,ACTIVATED
3779,AW7659,OSL - CDG,2025-04-06 12:40:00,2025-04-06 16:10:00,2024-11-25,-133,OPEN,2,189,189,R,69.0,1,96.0,73.39,0.01,1,ACTIVATED
5737,AW3281,TLL - CDG,2025-04-06 13:45:00,2025-04-06 16:35:00,2024-11-25,-132,OPEN,2,189,189,R,93.0,11,1183.0,930.0,0.06,11,SCHEDULED
4035,AW4639,VIE - CDG,2025-04-06 13:55:00,2025-04-06 16:00:00,2024-11-25,-132,OPEN,2,189,189,R,70.0,2,216.0,178.4,0.01,2,ACTIVATED
4034,AW4636,CDG - VIE,2025-04-06 14:35:00,2025-04-06 16:45:00,2024-11-25,-132,OPEN,2,189,189,V,124.0,2,194.0,115.48,0.01,2,ACTIVATED
225,AW3556,CDG - HEL,2025-04-06 14:45:00,2025-04-06 19:05:00,2024-11-25,-132,CANCELLED,2,189,189,,,0,0.0,0.0,0.0,0,UNAVAILABLE
6341,AW3558,CDG - HEL,2025-04-06 15:00:00,2025-04-06 19:20:00,2024-11-25,-132,OPEN,2,189,189,K,154.0,23,4562.0,3727.72,0.12,23,ACTIVATED
6373,AW3289,TLL - CDG,2025-04-06 16:40:00,2025-04-06 19:30:00,2024-11-25,-132,OPEN,2,186,186,X,109.0,24,2514.0,1962.0,0.13,24,SCHEDULED
227,AW7646,CDG - OSL,2025-04-06 16:45:00,2025-04-06 18:25:00,2024-11-25,-132,OPEN,2,189,189,L,97.0,0,0.0,0.0,0.0,0,ACTIVATED
6169,AW4637,VIE - CDG,2025-04-06 17:30:00,2025-04-06 19:35:00,2024-11-25,-132,OPEN,2,189,189,X,82.0,18,1242.0,903.6,0.1,18,ACTIVATED
231,AW3422,CDG - TLL,2025-04-06 19:00:00,2025-04-06 23:45:00,2024-11-25,-132,CANCELLED,2,186,186,,,0,0.0,0.0,0.0,0,UNAVAILABLE
5271,AW7647,OSL - CDG,2025-04-06 19:05:00,2025-04-06 22:35:00,2024-11-25,-133,OPEN,2,189,189,T,57.0,7,558.0,399.01,0.04,7,ACTIVATED
226,AW3557,HEL - CDG,2025-04-06 19:50:00,2025-04-06 22:35:00,2024-11-25,-132,CANCELLED,2,189,189,,,0,0.0,0.0,0.0,0,UNAVAILABLE
5113,AW3559,HEL - CDG,2025-04-06 20:05:00,2025-04-06 22:50:00,2024-11-25,-132,OPEN,2,189,189,R,103.0,6,644.0,512.3,0.03,6,ACTIVATED
228,AW7664,CDG - OSL,2025-04-06 20:45:00,2025-04-06 22:25:00,2024-11-25,-132,CANCELLED,2,189,189,,,0,0.0,0.0,0.0,0,UNAVAILABLE
229,AW7668,CDG - OSL,2025-04-06 21:15:00,2025-04-06 22:55:00,2024-11-25,-132,OPEN,2,189,189,L,97.0,0,0.0,0.0,0.0,0,ACTIVATED
230,AW4780,CDG - VIE,2025-04-06 21:25:00,2025-04-06 23:35:00,2024-11-25,-132,OPEN,2,189,189,L,97.0,0,0.0,0.0,0.0,0,ACTIVATED
248,AW7669,OSL - CDG,2025-04-07 05:55:00,2025-04-07 09:25:00,2024-11-25,-134,OPEN,2,189,189,T,57.0,0,0.0,0.0,0.0,0,ACTIVATED
241,AW4781,VIE - CDG,2025-04-07 06:00:00,2025-04-07 08:05:00,2024-11-25,-133,OPEN,2,189,189,G,52.0,0,0.0,0.0,0.0,0,ACTIVATED
247,AW7665,OSL - CDG,2025-04-07 06:30:00,2025-04-07 10:00:00,2024-11-25,-134,CANCELLED,2,189,189,,,0,0.0,0.0,0.0,0,UNAVAILABLE
243,AW3423,TLL - CDG,2025-04-07 06:45:00,2025-04-07 09:35:00,2024-11-25,-133,CANCELLED,2,186,186,,,0,0.0,0.0,0.0,0,UNAVAILABLE
5114,AW7640,CDG - OSL,2025-04-07 07:15:00,2025-04-07 08:55:00,2024-11-25,-133,OPEN,2,189,189,L,97.0,6,529.0,307.18,0.03,6,ACTIVATED
6849,AW3284,CDG - TLL,2025-04-07 07:45:00,2025-04-07 12:30:00,2024-11-25,-133,OPEN,2,189,189,R,100.0,45,3897.0,1132.51,0.24,45,SCHEDULED
6651,AW3550,CDG - HEL,2025-04-07 08:20:00,2025-04-07 12:40:00,2024-11-25,-133,OPEN,2,189,189,Q,192.0,34,6129.0,4869.73,0.18,34,ACTIVATED
244,AW7641,OSL - CDG,2025-04-07 09:35:00,2025-04-07 13:05:00,2024-11-25,-134,OPEN,2,189,189,T,57.0,0,0.0,0.0,0.0,0,ACTIVATED
7856,AW4632,CDG - VIE,2025-04-07 10:05:00,2025-04-07 12:15:00,2024-11-25,-133,OPEN,2,189,189,B,234.0,112,15842.16,12214.48,0.59,112,ACTIVATED
6625,AW3280,CDG - TLL,2025-04-07 10:10:00,2025-04-07 14:55:00,2024-11-25,-133,OPEN,2,186,186,R,100.0,33,2870.0,803.26,0.18,33,SCHEDULED
6566,AW7644,CDG - OSL,2025-04-07 11:10:00,2025-04-07 12:50:00,2024-11-25,-133,OPEN,2,189,189,V,125.0,31,3273.0,2083.42,0.16,31,ACTIVATED
240,AW4633,VIE - CDG,2025-04-07 13:05:00,2025-04-07 15:10:00,2024-11-25,-133,OPEN,2,189,189,G,52.0,0,0.0,0.0,0.0,0,ACTIVATED
5647,AW3551,HEL - CDG,2025-04-07 13:25:00,2025-04-07 16:10:00,2024-11-25,-133,OPEN,2,189,189,X,116.0,10,1536.0,1316.5,0.05,10,ACTIVATED
6245,AW3285,TLL - CDG,2025-04-07 13:25:00,2025-04-07 16:15:00,2024-11-25,-133,OPEN,2,189,189,T,80.0,20,1593.0,1133.0,0.11,20,SCHEDULED
245,AW7645,OSL - CDG,2025-04-07 13:35:00,2025-04-07 17:05:00,2024-11-25,-134,OPEN,2,189,189,T,57.0,0,0.0,0.0,0.0,0,ACTIVATED
5648,AW4634,CDG - VIE,2025-04-07 14:30:00,2025-04-07 16:40:00,2024-11-25,-133,OPEN,2,189,189,V,124.0,10,770.0,446.1,0.05,10,ACTIVATED
235,AW3558,CDG - HEL,2025-04-07 14:55:00,2025-04-07 19:15:00,2024-11-25,-133,CANCELLED,2,189,189,,,0,0.0,0.0,0.0,0,UNAVAILABLE
6461,AW3281,TLL - CDG,2025-04-07 15:55:00,2025-04-07 18:45:00,2024-11-25,-133,OPEN,2,186,186,T,80.0,27,1962.0,1341.0,0.15,27,SCHEDULED
237,AW7648,CDG - OSL,2025-04-07 16:50:00,2025-04-07 18:30:00,2024-11-25,-133,OPEN,2,189,189,X,86.0,0,0.0,0.0,0.0,0,ACTIVATED
5889,AW4635,VIE - CDG,2025-04-07 17:30:00,2025-04-07 19:35:00,2024-11-25,-133,OPEN,2,189,189,N,45.0,13,635.0,390.6,0.07,13,ACTIVATED
242,AW3422,CDG - TLL,2025-04-07 19:00:00,2025-04-07 23:45:00,2024-11-25,-133,CANCELLED,2,186,186,,,0,0.0,0.0,0.0,0,UNAVAILABLE
246,AW7649,OSL - CDG,2025-04-07 19:10:00,2025-04-07 22:40:00,2024-11-25,-134,OPEN,2,189,189,Q,147.0,0,0.0,0.0,0.0,0,ACTIVATED
236,AW3559,HEL - CDG,2025-04-07 20:00:00,2025-04-07 22:45:00,2024-11-25,-133,CANCELLED,2,189,189,,,0,0.0,0.0,0.0,0,UNAVAILABLE
238,AW7664,CDG - OSL,2025-04-07 20:45:00,2025-04-07 22:25:00,2024-11-25,-133,CANCELLED,2,189,189,,,0,0.0,0.0,0.0,0,UNAVAILABLE
239,AW7668,CDG - OSL,2025-04-07 21:15:00,2025-04-07 22:55:00,2024-11-25,-133,OPEN,2,189,189,R,75.0,0,0.0,0.0,0.0,0,ACTIVATED
5951,AW4780,CDG - VIE,2025-04-07 21:20:00,2025-04-07 23:30:00,2024-11-25,-133,OPEN,2,189,189,L,97.0,14,665.0,211.54,0.07,14,ACTIVATED
262,AW7669,OSL - CDG,2025-04-08 06:00:00,2025-04-08 09:30:00,2024-11-25,-135,OPEN,2,189,189,T,57.0,0,0.0,0.0,0.0,0,ACTIVATED
4937,AW4781,VIE - CDG,2025-04-08 06:00:00,2025-04-08 08:05:00,2024-11-25,-134,OPEN,2,189,189,N,45.0,5,180.0,86.0,0.03,5,ACTIVATED
5650,AW4670,CDG - BUD,2025-04-08 06:15:00,2025-04-08 09:20:00,2024-11-25,-134,OPEN,2,189,99,Q,152.0,10,1441.0,1089.62,0.1,10,SCHEDULED
261,AW7665,OSL - CDG,2025-04-08 06:30:00,2025-04-08 10:00:00,2024-11-25,-135,CANCELLED,2,189,189,,,0,0.0,0.0,0.0,0,UNAVAILABLE
258,AW3423,TLL - CDG,2025-04-08 06:45:00,2025-04-08 09:35:00,2024-11-25,-134,CANCELLED,2,186,186,,,0,0.0,0.0,0.0,0,UNAVAILABLE
251,AW7640,CDG - OSL,2025-04-08 07:15:00,2025-04-08 08:55:00,2024-11-25,-134,OPEN,2,189,189,X,86.0,0,0.0,0.0,0.0,0,ACTIVATED
259,AW7641,OSL - CDG,2025-04-08 09:35:00,2025-04-08 13:05:00,2024-11-25,-135,OPEN,2,189,189,G,47.0,0,0.0,0.0,0.0,0,ACTIVATED
4670,AW3288,CDG - TLL,2025-04-08 09:50:00,2025-04-08 14:35:00,2024-11-25,-134,OPEN,2,186,186,R,100.0,4,386.0,135.94,0.02,4,SCHEDULED
255,AW4632,CDG - VIE,2025-04-08 10:05:00,2025-04-08 12:15:00,2024-11-25,-134,OPEN,2,189,189,L,97.0,0,0.0,0.0,0.0,0,ACTIVATED
5890,AW4671,BUD - CDG,2025-04-08 10:05:00,2025-04-08 15:00:00,2024-11-25,-135,OPEN,2,189,99,R,72.0,13,1325.0,1197.34,0.13,13,DEACTIVATED
249,AW3558,CDG - HEL,2025-04-08 11:30:00,2025-04-08 15:50:00,2024-11-25,-134,CANCELLED,2,189,189,,,0,0.0,0.0,0.0,0,UNAVAILABLE
252,AW7644,CDG - OSL,2025-04-08 11:50:00,2025-04-08 13:30:00,2024-11-25,-134,OPEN,2,189,189,L,97.0,0,0.0,0.0,0.0,0,ACTIVATED
4936,AW4633,VIE - CDG,2025-04-08 13:05:00,2025-04-08 15:10:00,2024-11-25,-134,OPEN,2,189,189,G,52.0,5,295.0,201.0,0.03,5,ACTIVATED
260,AW7645,OSL - CDG,2025-04-08 14:15:00,2025-04-08 17:45:00,2024-11-25,-135,OPEN,2,189,189,T,57.0,0,0.0,0.0,0.0,0,ACTIVATED
5649,AW3286,CDG - TLL,2025-04-08 14:20:00,2025-04-08 19:05:00,2024-11-25,-134,OPEN,2,186,186,R,100.0,10,1082.0,434.38,0.05,10,SCHEDULED
256,AW4636,CDG - VIE,2025-04-08 15:00:00,2025-04-08 17:10:00,2024-11-25,-134,OPEN,2,189,189,V,124.0,0,0.0,0.0,0.0,0,ACTIVATED
5952,AW3289,TLL - CDG,2025-04-08 15:35:00,2025-04-08 18:25:00,2024-11-25,-134,OPEN,2,186,186,T,80.0,14,1120.0,798.0,0.08,14,SCHEDULED
250,AW3559,HEL - CDG,2025-04-08 16:35:00,2025-04-08 19:20:00,2024-11-25,-134,CANCELLED,2,189,189,,,0,0.0,0.0,0.0,0,UNAVAILABLE
3780,AW7648,CDG - OSL,2025-04-08 16:45:00,2025-04-08 18:25:00,2024-11-25,-134,OPEN,2,189,189,X,86.0,1,170.0,130.74,0.01,1,ACTIVATED
5115,AW4637,VIE - CDG,2025-04-08 18:00:00,2025-04-08 20:05:00,2024-11-25,-134,OPEN,2,189,189,A,38.0,6,234.0,121.2,0.03,6,ACTIVATED
257,AW3422,CDG - TLL,2025-04-08 19:00:00,2025-04-08 23:45:00,2024-11-25,-134,CANCELLED,2,186,186,,,0,0.0,0.0,0.0,0,UNAVAILABLE
3781,AW7649,OSL - CDG,2025-04-08 19:05:00,2025-04-08 22:35:00,2024-11-25,-135,OPEN,2,189,189,G,47.0,1,47.0,24.21,0.01,1,ACTIVATED
4669,AW3287,TLL - CDG,2025-04-08 20:00:00,2025-04-08 22:50:00,2024-11-25,-134,OPEN,2,186,186,T,80.0,4,320.0,228.0,0.02,4,SCHEDULED
253,AW7664,CDG - OSL,2025-04-08 20:45:00,2025-04-08 22:25:00,2024-11-25,-134,CANCELLED,2,189,189,,,0,0.0,0.0,0.0,0,UNAVAILABLE
254,AW7668,CDG - OSL,2025-04-08 21:15:00,2025-04-08 22:55:00,2024-11-25,-134,OPEN,2,189,189,X,86.0,0,0.0,0.0,0.0,0,ACTIVATED
4037,AW4780,CDG - VIE,2025-04-08 21:20:00,2025-04-08 23:30:00,2024-11-25,-134,OPEN,2,189,189,K,110.0,2,102.0,37.22,0.01,2,ACTIVATED
276,AW7665,OSL - CDG,2025-04-09 06:00:00,2025-04-09 09:30:00,2024-11-25,-136,CANCELLED,2,189,189,,,0,0.0,0.0,0.0,0,UNAVAILABLE
271,AW4781,VIE - CDG,2025-04-09 06:15:00,2025-04-09 08:20:00,2024-11-25,-135,OPEN,2,189,189,N,45.0,0,0.0,0.0,0.0,0,ACTIVATED
277,AW7669,OSL - CDG,2025-04-09 06:30:00,2025-04-09 10:00:00,2024-11-25,-136,OPEN,2,189,189,N,39.0,0,0.0,0.0,0.0,0,ACTIVATED
273,AW3423,TLL - CDG,2025-04-09 06:45:00,2025-04-09 09:35:00,2024-11-25,-135,CANCELLED,2,186,186,,,0,0.0,0.0,0.0,0,UNAVAILABLE
267,AW7640,CDG - OSL,2025-04-09 07:15:00,2025-04-09 08:55:00,2024-11-25,-135,OPEN,2,186,186,X,86.0,0,0.0,0.0,0.0,0,ACTIVATED
263,AW3550,CDG - HEL,2025-04-09 08:30:00,2025-04-09 12:50:00,2024-11-25,-135,CANCELLED,2,189,189,,,0,0.0,0.0,0.0,0,UNAVAILABLE
274,AW7641,OSL - CDG,2025-04-09 09:35:00,2025-04-09 13:05:00,2024-11-25,-136,OPEN,2,186,186,G,47.0,0,0.0,0.0,0.0,0,ACTIVATED
5272,AW3284,CDG - TLL,2025-04-09 10:05:00,2025-04-09 14:50:00,2024-11-25,-135,OPEN,2,189,189,X,111.0,7,759.0,302.67,0.04,7,SCHEDULED
270,AW4632,CDG - VIE,2025-04-09 10:15:00,2025-04-09 12:25:00,2024-11-25,-135,OPEN,2,189,189,G,58.0,0,0.0,0.0,0.0,0,ACTIVATED
4445,AW3288,CDG - TLL,2025-04-09 10:55:00,2025-04-09 15:40:00,2024-11-25,-135,OPEN,2,186,186,X,111.0,3,322.0,123.22,0.02,3,SCHEDULED
4671,AW7644,CDG - OSL,2025-04-09 11:50:00,2025-04-09 13:30:00,2024-11-25,-135,OPEN,2,189,189,L,97.0,4,388.0,230.96,0.02,4,ACTIVATED
5394,AW4633,VIE - CDG,2025-04-09 13:15:00,2025-04-09 15:20:00,2024-11-25,-135,OPEN,2,189,189,G,52.0,8,376.0,225.6,0.04,8,ACTIVATED
264,AW3551,HEL - CDG,2025-04-09 13:35:00,2025-04-09 16:20:00,2024-11-25,-135,CANCELLED,2,189,189,,,0,0.0,0.0,0.0,0,UNAVAILABLE
4038,AW7645,OSL - CDG,2025-04-09 14:10:00,2025-04-09 17:40:00,2024-11-25,-136,OPEN,2,189,189,T,57.0,2,94.0,48.42,0.01,2,ACTIVATED
265,AW3558,CDG - HEL,2025-04-09 14:20:00,2025-04-09 18:40:00,2024-11-25,-135,CANCELLED,2,189,189,,,0,0.0,0.0,0.0,0,UNAVAILABLE
3782,AW3286,CDG - TLL,2025-04-09 14:20:00,2025-04-09 19:05:00,2024-11-25,-135,OPEN,2,186,186,R,100.0,1,100.0,33.74,0.01,1,SCHEDULED
6626,AW4636,CDG - VIE,2025-04-09 14:40:00,2025-04-09 16:50:00,2024-11-25,-135,OPEN,2,189,189,R,75.0,33,2235.0,946.29,0.17,33,ACTIVATED
5738,AW3285,TLL - CDG,2025-04-09 15:45:00,2025-04-09 18:35:00,2024-11-25,-135,OPEN,2,189,189,T,80.0,11,880.0,627.0,0.06,11,SCHEDULED
5953,AW3289,TLL - CDG,2025-04-09 16:40:00,2025-04-09 19:30:00,2024-11-25,-135,OPEN,2,186,186,R,93.0,14,1204.0,882.0,0.08,14,SCHEDULED
268,AW7646,CDG - OSL,2025-04-09 16:45:00,2025-04-09 18:25:00,2024-11-25,-135,OPEN,2,189,189,X,86.0,0,0.0,0.0,0.0,0,ACTIVATED
5395,AW4637,VIE - CDG,2025-04-09 17:40:00,2025-04-09 19:45:00,2024-11-25,-135,OPEN,2,189,189,G,52.0,8,416.0,265.6,0.04,8,ACTIVATED
272,AW3422,CDG - TLL,2025-04-09 19:00:00,2025-04-09 23:45:00,2024-11-25,-135,CANCELLED,2,186,186,,,0,0.0,0.0,0.0,0,UNAVAILABLE
275,AW7647,OSL - CDG,2025-04-09 19:10:00,2025-04-09 22:40:00,2024-11-25,-136,OPEN,2,189,189,N,39.0,0,0.0,0.0,0.0,0,ACTIVATED
266,AW3559,HEL - CDG,2025-04-09 19:25:00,2025-04-09 22:10:00,2024-11-25,-135,CANCELLED,2,189,189,,,0,0.0,0.0,0.0,0,UNAVAILABLE
4938,AW3287,TLL - CDG,2025-04-09 20:00:00,2025-04-09 22:50:00,2024-11-25,-135,OPEN,2,186,186,T,80.0,5,400.0,285.0,0.03,5,SCHEDULED
269,AW7664,CDG - OSL,2025-04-09 20:45:00,2025-04-09 22:25:00,2024-11-25,-135,CANCELLED,2,189,189,,,0,0.0,0.0,0.0,0,UNAVAILABLE
4672,AW7668,CDG - OSL,2025-04-09 21:15:00,2025-04-09 22:55:00,2024-11-25,-135,OPEN,2,189,189,X,86.0,4,344.0,186.96,0.02,4,ACTIVATED
7273,AW4780,CDG - VIE,2025-04-09 21:20:00,2025-04-09 23:30:00,2024-11-25,-135,OPEN,2,189,189,L,97.0,77,6004.72,3510.69,0.41,77,ACTIVATED
4447,AW4781,VIE - CDG,2025-04-10 06:00:00,2025-04-10 08:05:00,2024-11-25,-136,OPEN,2,189,189,N,45.0,3,121.0,64.6,0.02,3,ACTIVATED
285,AW7665,OSL - CDG,2025-04-10 06:00:00,2025-04-10 09:30:00,2024-11-25,-137,CANCELLED,2,189,189,,,0,0.0,0.0,0.0,0,UNAVAILABLE
286,AW7669,OSL - CDG,2025-04-10 06:30:00,2025-04-10 10:00:00,2024-11-25,-137,OPEN,2,189,189,G,47.0,0,0.0,0.0,0.0,0,ACTIVATED
283,AW3423,TLL - CDG,2025-04-10 06:45:00,2025-04-10 09:35:00,2024-11-25,-136,CANCELLED,2,186,186,,,0,0.0,0.0,0.0,0,UNAVAILABLE
4446,AW7640,CDG - OSL,2025-04-10 07:15:00,2025-04-10 08:55:00,2024-11-25,-136,OPEN,2,186,186,L,97.0,3,347.0,242.96,0.02,3,ACTIVATED
278,AW3550,CDG - HEL,2025-04-10 08:10:00,2025-04-10 12:30:00,2024-11-25,-136,CANCELLED,2,189,189,,,0,0.0,0.0,0.0,0,UNAVAILABLE
4040,AW7641,OSL - CDG,2025-04-10 09:35:00,2025-04-10 13:05:00,2024-11-25,-137,OPEN,2,186,186,N,39.0,2,96.0,50.6,0.01,2,ACTIVATED
6374,AW4632,CDG - VIE,2025-04-10 09:45:00,2025-04-10 11:55:00,2024-11-25,-136,OPEN,2,189,189,R,75.0,24,1514.0,681.68,0.13,24,ACTIVATED
284,AW4670,CDG - BUD,2025-04-10 10:05:00,2025-04-10 13:10:00,2024-11-25,-136,CANCELLED,2,189,99,,,0,0.0,0.0,0.0,0,UNAVAILABLE
6002,AW3288,CDG - TLL,2025-04-10 11:25:00,2025-04-10 16:10:00,2024-11-25,-136,OPEN,2,186,186,K,135.0,15,1899.31,980.31,0.08,15,SCHEDULED
5117,AW7644,CDG - OSL,2025-04-10 11:50:00,2025-04-10 13:30:00,2024-11-25,-136,OPEN,2,189,189,L,97.0,6,1044.0,822.18,0.03,6,ACTIVATED
7044,AW4633,VIE - CDG,2025-04-10 12:45:00,2025-04-10 14:50:00,2024-11-25,-136,OPEN,2,189,189,R,70.0,58,3541.07,2450.67,0.31,58,ACTIVATED
279,AW3551,HEL - CDG,2025-04-10 13:15:00,2025-04-10 16:00:00,2024-11-25,-136,CANCELLED,2,189,189,,,0,0.0,0.0,0.0,0,UNAVAILABLE
291,AW4671,BUD - CDG,2025-04-10 13:55:00,2025-04-10 18:50:00,2024-11-25,-137,CANCELLED,2,189,99,,,0,0.0,0.0,0.0,0,UNAVAILABLE
5396,AW7645,OSL - CDG,2025-04-10 14:15:00,2025-04-10 17:45:00,2024-11-25,-137,OPEN,2,189,189,T,57.0,8,480.0,298.76,0.04,8,ACTIVATED
6746,AW4636,CDG - VIE,2025-04-10 14:30:00,2025-04-10 16:40:00,2024-11-25,-136,OPEN,2,189,189,T,66.0,39,3092.48,1595.69,0.21,39,ACTIVATED
6480,AW3556,CDG - HEL,2025-04-10 15:00:00,2025-04-10 19:20:00,2024-11-25,-136,OPEN,2,189,189,Q,192.0,28,4578.0,3547.42,0.15,28,ACTIVATED
280,AW7646,CDG - OSL,2025-04-10 15:20:00,2025-04-10 17:00:00,2024-11-25,-136,OPEN,2,189,189,L,97.0,0,0.0,0.0,0.0,0,ACTIVATED
5651,AW3289,TLL - CDG,2025-04-10 17:10:00,2025-04-10 20:00:00,2024-11-25,-136,OPEN,2,186,186,X,109.0,10,1155.0,925.0,0.05,10,SCHEDULED
7372,AW4637,VIE - CDG,2025-04-10 17:30:00,2025-04-10 19:35:00,2024-11-25,-136,OPEN,2,189,189,L,94.0,85,6405.8,4807.8,0.45,85,ACTIVATED
4041,AW7647,OSL - CDG,2025-04-10 17:40:00,2025-04-10 21:10:00,2024-11-25,-137,OPEN,2,189,189,T,57.0,2,114.0,68.78,0.01,2,ACTIVATED
282,AW3422,CDG - TLL,2025-04-10 19:00:00,2025-04-10 23:45:00,2024-11-25,-136,CANCELLED,2,186,186,,,0,0.0,0.0,0.0,0,UNAVAILABLE
5116,AW3557,HEL - CDG,2025-04-10 20:05:00,2025-04-10 22:50:00,2024-11-25,-136,OPEN,2,189,189,R,103.0,6,752.0,620.3,0.03,6,ACTIVATED
281,AW7664,CDG - OSL,2025-04-10 20:45:00,2025-04-10 22:25:00,2024-11-25,-136,CANCELLED,2,189,189,,,0,0.0,0.0,0.0,0,UNAVAILABLE
5273,AW4780,CDG - VIE,2025-04-10 21:15:00,2025-04-10 23:25:00,2024-11-25,-136,OPEN,2,189,189,T,66.0,7,490.0,242.66,0.04,7,ACTIVATED
4039,AW7668,CDG - OSL,2025-04-10 21:15:00,2025-04-10 22:55:00,2024-11-25,-136,OPEN,2,189,189,X,86.0,2,236.0,171.22,0.01,2,ACTIVATED
293,AW7665,OSL - CDG,2025-04-11 06:00:00,2025-04-11 09:30:00,2024-11-25,-138,CANCELLED,2,189,189,,,0,0.0,0.0,0.0,0,UNAVAILABLE
5532,AW7669,OSL - CDG,2025-04-11 06:30:00,2025-04-11 10:00:00,2024-11-25,-138,OPEN,2,189,189,T,57.0,9,513.0,309.51,0.05,9,ACTIVATED
292,AW3423,TLL - CDG,2025-04-11 06:35:00,2025-04-11 09:25:00,2024-11-25,-137,CANCELLED,2,186,186,,,0,0.0,0.0,0.0,0,UNAVAILABLE
6567,AW4781,VIE - CDG,2025-04-11 06:55:00,2025-04-11 09:00:00,2024-11-25,-137,OPEN,2,189,189,R,70.0,31,1920.0,1337.2,0.16,31,ACTIVATED
287,AW7640,CDG - OSL,2025-04-11 07:20:00,2025-04-11 09:00:00,2024-11-25,-137,OPEN,2,186,186,Q,141.0,0,0.0,0.0,0.0,0,ACTIVATED
6716,AW3550,CDG - HEL,2025-04-11 07:30:00,2025-04-11 11:50:00,2024-11-25,-137,OPEN,2,189,189,Q,192.0,37,6630.0,5287.3,0.2,37,ACTIVATED
6246,AW3280,CDG - TLL,2025-04-11 09:05:00,2025-04-11 13:50:00,2024-11-25,-137,OPEN,2,186,186,H,192.0,20,3535.77,2263.0,0.11,20,SCHEDULED
4449,AW7641,OSL - CDG,2025-04-11 09:40:00,2025-04-11 13:10:00,2024-11-25,-138,OPEN,2,186,186,R,69.0,3,207.0,139.17,0.02,3,ACTIVATED
5891,AW4632,CDG - VIE,2025-04-11 10:05:00,2025-04-11 12:15:00,2024-11-25,-137,OPEN,2,189,189,V,124.0,13,1850.0,1353.36,0.07,13,ACTIVATED
288,AW7644,CDG - OSL,2025-04-11 11:10:00,2025-04-11 12:50:00,2024-11-25,-137,OPEN,2,189,189,H,158.0,0,0.0,0.0,0.0,0,ACTIVATED
5739,AW3551,HEL - CDG,2025-04-11 12:35:00,2025-04-11 15:20:00,2024-11-25,-137,OPEN,2,189,189,R,103.0,11,1593.0,1351.55,0.06,11,ACTIVATED
6627,AW4633,VIE - CDG,2025-04-11 13:05:00,2025-04-11 15:10:00,2024-11-25,-137,OPEN,2,189,189,L,94.0,33,2275.0,1654.6,0.17,33,ACTIVATED
5531,AW3284,CDG - TLL,2025-04-11 13:25:00,2025-04-11 18:10:00,2024-11-25,-137,OPEN,2,189,189,H,192.0,9,1138.85,579.96,0.05,9,SCHEDULED
3783,AW7645,OSL - CDG,2025-04-11 13:35:00,2025-04-11 17:05:00,2024-11-25,-138,OPEN,2,189,189,R,69.0,1,124.0,101.39,0.01,1,ACTIVATED
6078,AW3281,TLL - CDG,2025-04-11 14:50:00,2025-04-11 17:40:00,2024-11-25,-137,OPEN,2,186,186,K,144.0,16,1926.0,1558.0,0.09,16,SCHEDULED
4042,AW4636,CDG - VIE,2025-04-11 14:55:00,2025-04-11 17:05:00,2024-11-25,-137,OPEN,2,189,189,K,110.0,2,194.0,115.48,0.01,2,ACTIVATED
5954,AW3558,CDG - HEL,2025-04-11 14:55:00,2025-04-11 19:15:00,2024-11-25,-137,OPEN,2,189,189,H,211.0,14,2992.0,2511.06,0.07,14,ACTIVATED
4940,AW7648,CDG - OSL,2025-04-11 16:25:00,2025-04-11 18:05:00,2024-11-25,-137,OPEN,2,189,189,H,158.0,5,874.0,677.7,0.03,5,ACTIVATED
6850,AW4637,VIE - CDG,2025-04-11 17:55:00,2025-04-11 20:00:00,2024-11-25,-137,OPEN,2,189,189,L,94.0,45,3811.1,2965.1,0.24,45,ACTIVATED
6278,AW7649,OSL - CDG,2025-04-11 18:45:00,2025-04-11 22:15:00,2024-11-25,-138,OPEN,2,189,189,R,69.0,21,1449.0,974.19,0.11,21,ACTIVATED
289,AW3422,CDG - TLL,2025-04-11 19:00:00,2025-04-11 23:45:00,2024-11-25,-137,CANCELLED,2,186,186,,,0,0.0,0.0,0.0,0,UNAVAILABLE
6003,AW3285,TLL - CDG,2025-04-11 19:05:00,2025-04-11 21:55:00,2024-11-25,-137,OPEN,2,189,189,K,144.0,15,1769.0,1424.0,0.08,15,SCHEDULED
4939,AW3559,HEL - CDG,2025-04-11 20:00:00,2025-04-11 22:45:00,2024-11-25,-137,OPEN,2,189,189,R,103.0,5,720.0,610.25,0.03,5,ACTIVATED
290,AW7664,CDG - OSL,2025-04-11 20:45:00,2025-04-11 22:25:00,2024-11-25,-137,CANCELLED,2,189,189,,,0,0.0,0.0,0.0,0,UNAVAILABLE
5118,AW4780,CDG - VIE,2025-04-11 21:10:00,2025-04-11 23:20:00,2024-11-25,-137,OPEN,2,189,189,Q,140.0,6,790.0,561.31,0.03,6,ACTIVATED
4448,AW7668,CDG - OSL,2025-04-11 21:15:00,2025-04-11 22:55:00,2024-11-25,-137,OPEN,2,189,189,H,158.0,3,546.0,448.83,0.02,3,ACTIVATED
301,AW7665,OSL - CDG,2025-04-12 05:55:00,2025-04-12 09:25:00,2024-11-25,-139,CANCELLED,2,189,189,,,0,0.0,0.0,0.0,0,UNAVAILABLE
6952,AW4781,VIE - CDG,2025-04-12 06:00:00,2025-04-12 08:05:00,2024-11-25,-138,OPEN,2,189,189,V,124.0,51,3291.0,2332.2,0.27,51,ACTIVATED
6693,AW4670,CDG - BUD,2025-04-12 06:15:00,2025-04-12 09:20:00,2024-11-25,-138,OPEN,2,186,96,D,293.0,36,8260.0,7045.87,0.38,36,SCHEDULED
6900,AW7669,OSL - CDG,2025-04-12 06:25:00,2025-04-12 09:55:00,2024-11-25,-139,OPEN,2,189,189,Q,147.0,48,3344.0,2258.72,0.25,48,ACTIVATED
299,AW3423,TLL - CDG,2025-04-12 06:45:00,2025-04-12 09:35:00,2024-11-25,-138,CANCELLED,2,186,186,,,0,0.0,0.0,0.0,0,UNAVAILABLE
6717,AW3550,CDG - HEL,2025-04-12 08:35:00,2025-04-12 12:55:00,2024-11-25,-138,OPEN,2,189,189,F,281.0,37,10026.0,8731.39,0.2,37,ACTIVATED
5892,AW3280,CDG - TLL,2025-04-12 09:00:00,2025-04-12 13:45:00,2024-11-25,-138,OPEN,2,189,189,B,306.0,13,1938.85,1174.84,0.07,13,SCHEDULED
6437,AW4671,BUD - CDG,2025-04-12 10:05:00,2025-04-12 15:00:00,2024-11-25,-139,OPEN,2,186,96,H,172.0,26,4278.0,4022.68,0.27,26,DEACTIVATED
4450,AW4636,CDG - VIE,2025-04-12 10:10:00,2025-04-12 12:20:00,2024-11-25,-138,OPEN,2,189,189,Q,140.0,3,372.0,254.22,0.02,3,ACTIVATED
5893,AW3288,CDG - TLL,2025-04-12 10:15:00,2025-04-12 15:00:00,2024-11-25,-138,OPEN,2,186,186,B,306.0,13,3074.0,2302.5,0.07,13,SCHEDULED
6004,AW7644,CDG - OSL,2025-04-12 10:20:00,2025-04-12 12:00:00,2024-11-25,-138,OPEN,2,189,189,I,195.0,15,3359.0,2797.58,0.08,15,ACTIVATED
4941,AW7645,OSL - CDG,2025-04-12 12:40:00,2025-04-12 16:10:00,2024-11-25,-139,OPEN,2,189,189,X,82.0,5,410.0,296.95,0.03,5,ACTIVATED
6653,AW4637,VIE - CDG,2025-04-12 13:10:00,2025-04-12 15:15:00,2024-11-25,-138,OPEN,2,189,189,L,94.0,34,2415.0,1775.8,0.18,34,ACTIVATED
4673,AW4634,CDG - VIE,2025-04-12 13:35:00,2025-04-12 15:45:00,2024-11-25,-138,OPEN,2,189,189,V,124.0,4,360.0,230.44,0.02,4,ACTIVATED
6747,AW3551,HEL - CDG,2025-04-12 13:40:00,2025-04-12 16:25:00,2024-11-25,-138,OPEN,2,189,189,R,103.0,39,6283.0,5426.95,0.21,39,ACTIVATED
5740,AW3281,TLL - CDG,2025-04-12 14:40:00,2025-04-12 17:30:00,2024-11-25,-138,OPEN,2,189,189,K,144.0,11,1487.0,1234.0,0.06,11,SCHEDULED
295,AW7658,CDG - OSL,2025-04-12 15:20:00,2025-04-12 17:00:00,2024-11-25,-138,OPEN,2,189,189,I,195.0,0,0.0,0.0,0.0,0,ACTIVATED
6342,AW3289,TLL - CDG,2025-04-12 16:00:00,2025-04-12 18:50:00,2024-11-25,-138,OPEN,2,186,186,K,144.0,23,2833.0,2304.0,0.12,23,SCHEDULED
6652,AW4635,VIE - CDG,2025-04-12 16:40:00,2025-04-12 18:45:00,2024-11-25,-138,OPEN,2,189,189,X,82.0,34,1890.0,1250.8,0.18,34,ACTIVATED
294,AW7646,CDG - OSL,2025-04-12 16:45:00,2025-04-12 18:25:00,2024-11-25,-138,OPEN,2,186,186,I,195.0,0,0.0,0.0,0.0,0,ACTIVATED
4942,AW7659,OSL - CDG,2025-04-12 17:40:00,2025-04-12 21:10:00,2024-11-25,-139,OPEN,2,189,189,R,69.0,5,309.0,195.59,0.03,5,ACTIVATED
297,AW3422,CDG - TLL,2025-04-12 19:00:00,2025-04-12 23:45:00,2024-11-25,-138,CANCELLED,2,186,186,,,0,0.0,0.0,0.0,0,UNAVAILABLE
300,AW7647,OSL - CDG,2025-04-12 19:05:00,2025-04-12 22:35:00,2024-11-25,-139,OPEN,2,186,186,X,82.0,0,0.0,0.0,0.0,0,ACTIVATED
298,AW7664,CDG - OSL,2025-04-12 20:45:00,2025-04-12 22:25:00,2024-11-25,-138,CANCELLED,2,189,189,,,0,0.0,0.0,0.0,0,UNAVAILABLE
5274,AW7668,CDG - OSL,2025-04-12 21:15:00,2025-04-12 22:55:00,2024-11-25,-138,OPEN,2,189,189,H,158.0,7,1055.0,780.18,0.04,7,ACTIVATED
296,AW4780,CDG - VIE,2025-04-12 21:15:00,2025-04-12 23:25:00,2024-11-25,-138,OPEN,2,189,189,K,110.0,0,0.0,0.0,0.0,0,ACTIVATED
7117,AW4781,VIE - CDG,2025-04-13 06:00:00,2025-04-13 08:05:00,2024-11-25,-139,OPEN,2,189,189,X,82.0,65,4234.12,3012.12,0.34,65,ACTIVATED
6569,AW7669,OSL - CDG,2025-04-13 06:00:00,2025-04-13 09:30:00,2024-11-25,-140,OPEN,2,189,189,K,111.0,31,2584.0,1882.73,0.16,31,ACTIVATED
313,AW7665,OSL - CDG,2025-04-13 06:30:00,2025-04-13 10:00:00,2024-11-25,-140,CANCELLED,2,189,189,,,0,0.0,0.0,0.0,0,UNAVAILABLE
307,AW3423,TLL - CDG,2025-04-13 07:00:00,2025-04-13 09:50:00,2024-11-25,-139,CANCELLED,2,186,186,,,0,0.0,0.0,0.0,0,UNAVAILABLE
302,AW7640,CDG - OSL,2025-04-13 07:20:00,2025-04-13 09:00:00,2024-11-25,-139,OPEN,2,189,189,H,158.0,0,0.0,0.0,0.0,0,ACTIVATED
5276,AW3280,CDG - TLL,2025-04-13 08:05:00,2025-04-13 12:50:00,2024-11-25,-139,OPEN,2,189,189,I,242.0,7,1656.0,1192.18,0.04,7,SCHEDULED
4451,AW7641,OSL - CDG,2025-04-13 09:40:00,2025-04-13 13:10:00,2024-11-25,-140,OPEN,2,189,189,T,57.0,3,171.0,102.63,0.02,3,ACTIVATED
5397,AW7658,CDG - OSL,2025-04-13 10:20:00,2025-04-13 12:00:00,2024-11-25,-139,OPEN,2,189,189,M,175.0,8,1499.0,1205.53,0.04,8,ACTIVATED
4674,AW4638,CDG - VIE,2025-04-13 10:55:00,2025-04-13 13:05:00,2024-11-25,-139,OPEN,2,189,189,K,110.0,4,412.0,282.44,0.02,4,ACTIVATED
5818,AW3288,CDG - TLL,2025-04-13 10:55:00,2025-04-13 15:40:00,2024-11-25,-139,OPEN,2,186,186,I,242.0,12,2136.08,1408.37,0.06,12,SCHEDULED
4675,AW7659,OSL - CDG,2025-04-13 12:40:00,2025-04-13 16:10:00,2024-11-25,-140,OPEN,2,189,189,X,82.0,4,276.0,185.56,0.02,4,ACTIVATED
6170,AW3281,TLL - CDG,2025-04-13 13:45:00,2025-04-13 16:35:00,2024-11-25,-139,OPEN,2,189,189,L,125.0,18,2122.0,1708.0,0.1,18,SCHEDULED
6319,AW4639,VIE - CDG,2025-04-13 13:55:00,2025-04-13 16:00:00,2024-11-25,-139,OPEN,2,189,189,X,82.0,22,1404.0,990.4,0.12,22,ACTIVATED
303,AW4636,CDG - VIE,2025-04-13 14:35:00,2025-04-13 16:45:00,2024-11-25,-139,OPEN,2,189,189,V,124.0,0,0.0,0.0,0.0,0,ACTIVATED
5275,AW3556,CDG - HEL,2025-04-13 14:45:00,2025-04-13 19:05:00,2024-11-25,-139,OPEN,2,189,189,I,256.0,7,1497.0,1270.27,0.04,7,ACTIVATED
6343,AW3558,CDG - HEL,2025-04-13 15:00:00,2025-04-13 19:20:00,2024-11-25,-139,OPEN,2,189,189,Q,192.0,23,4875.0,3972.02,0.12,23,ACTIVATED
6568,AW3289,TLL - CDG,2025-04-13 16:40:00,2025-04-13 19:30:00,2024-11-25,-139,OPEN,2,186,186,K,144.0,31,3880.0,3167.0,0.17,31,SCHEDULED
6279,AW7646,CDG - OSL,2025-04-13 16:45:00,2025-04-13 18:25:00,2024-11-25,-139,OPEN,2,189,189,M,175.0,21,3812.97,2988.51,0.11,21,ACTIVATED
6438,AW4637,VIE - CDG,2025-04-13 17:30:00,2025-04-13 19:35:00,2024-11-25,-139,OPEN,2,189,189,X,82.0,26,1561.8,1073.0,0.14,26,ACTIVATED
305,AW3422,CDG - TLL,2025-04-13 19:00:00,2025-04-13 23:45:00,2024-11-25,-139,CANCELLED,2,186,186,,,0,0.0,0.0,0.0,0,UNAVAILABLE
5277,AW7647,OSL - CDG,2025-04-13 19:05:00,2025-04-13 22:35:00,2024-11-25,-140,OPEN,2,189,189,R,69.0,7,483.0,323.83,0.04,7,ACTIVATED
6005,AW3557,HEL - CDG,2025-04-13 19:50:00,2025-04-13 22:35:00,2024-11-25,-139,OPEN,2,189,189,R,103.0,15,2337.9,2008.65,0.08,15,ACTIVATED
5652,AW3559,HEL - CDG,2025-04-13 20:05:00,2025-04-13 22:50:00,2024-11-25,-139,OPEN,2,189,189,R,103.0,10,1358.0,1138.5,0.05,10,ACTIVATED
306,AW7664,CDG - OSL,2025-04-13 20:45:00,2025-04-13 22:25:00,2024-11-25,-139,CANCELLED,2,189,189,,,0,0.0,0.0,0.0,0,UNAVAILABLE
5533,AW7668,CDG - OSL,2025-04-13 21:15:00,2025-04-13 22:55:00,2024-11-25,-139,OPEN,2,189,189,H,158.0,9,1142.0,850.49,0.05,9,ACTIVATED
304,AW4780,CDG - VIE,2025-04-13 21:25:00,2025-04-13 23:35:00,2024-11-25,-139,OPEN,2,189,189,K,110.0,0,0.0,0.0,0.0,0,ACTIVATED
5743,AW7669,OSL - CDG,2025-04-14 05:55:00,2025-04-14 09:25:00,2024-11-25,-141,OPEN,2,189,189,T,57.0,11,727.0,477.57,0.06,11,ACTIVATED
6079,AW4781,VIE - CDG,2025-04-14 06:00:00,2025-04-14 08:05:00,2024-11-25,-140,OPEN,2,189,189,R,70.0,16,803.0,502.2,0.08,16,ACTIVATED
320,AW7665,OSL - CDG,2025-04-14 06:30:00,2025-04-14 10:00:00,2024-11-25,-141,CANCELLED,2,189,189,,,0,0.0,0.0,0.0,0,UNAVAILABLE
319,AW3423,TLL - CDG,2025-04-14 06:45:00,2025-04-14 09:35:00,2024-11-25,-140,CANCELLED,2,186,186,,,0,0.0,0.0,0.0,0,UNAVAILABLE
314,AW7640,CDG - OSL,2025-04-14 07:15:00,2025-04-14 08:55:00,2024-11-25,-140,OPEN,2,189,189,M,175.0,0,0.0,0.0,0.0,0,ACTIVATED
5955,AW3284,CDG - TLL,2025-04-14 07:45:00,2025-04-14 12:30:00,2024-11-25,-140,OPEN,2,189,189,M,216.0,14,2780.0,1882.32,0.07,14,SCHEDULED
6462,AW3550,CDG - HEL,2025-04-14 08:20:00,2025-04-14 12:40:00,2024-11-25,-140,OPEN,2,189,189,V,172.0,27,5553.0,4589.16,0.14,27,ACTIVATED
4454,AW7641,OSL - CDG,2025-04-14 09:35:00,2025-04-14 13:05:00,2024-11-25,-141,OPEN,2,189,189,R,69.0,3,207.0,138.63,0.02,3,ACTIVATED
5956,AW4632,CDG - VIE,2025-04-14 10:05:00,2025-04-14 12:15:00,2024-11-25,-140,OPEN,2,189,189,K,110.0,14,1311.0,843.8,0.07,14,ACTIVATED
5894,AW3280,CDG - TLL,2025-04-14 10:10:00,2025-04-14 14:55:00,2024-11-25,-140,OPEN,2,186,186,M,216.0,13,2834.0,1987.6,0.07,13,SCHEDULED
4453,AW7644,CDG - OSL,2025-04-14 11:10:00,2025-04-14 12:50:00,2024-11-25,-140,OPEN,2,189,189,M,175.0,3,651.0,533.22,0.02,3,ACTIVATED
6320,AW4633,VIE - CDG,2025-04-14 13:05:00,2025-04-14 15:10:00,2024-11-25,-140,OPEN,2,189,189,K,108.0,22,1397.0,983.4,0.12,22,ACTIVATED
5742,AW3285,TLL - CDG,2025-04-14 13:25:00,2025-04-14 16:15:00,2024-11-25,-140,OPEN,2,189,189,X,109.0,11,1343.0,1090.0,0.06,11,SCHEDULED
4043,AW3551,HEL - CDG,2025-04-14 13:25:00,2025-04-14 16:10:00,2024-11-25,-140,OPEN,2,189,189,L,129.0,2,356.0,312.1,0.01,2,ACTIVATED
5278,AW7645,OSL - CDG,2025-04-14 13:35:00,2025-04-14 17:05:00,2024-11-25,-141,OPEN,2,189,189,R,69.0,7,459.0,300.73,0.04,7,ACTIVATED
4044,AW4634,CDG - VIE,2025-04-14 14:30:00,2025-04-14 16:40:00,2024-11-25,-140,OPEN,2,189,189,L,97.0,2,158.0,93.22,0.01,2,ACTIVATED
6570,AW3558,CDG - HEL,2025-04-14 14:55:00,2025-04-14 19:15:00,2024-11-25,-140,OPEN,2,189,189,V,172.0,31,5297.0,4114.29,0.16,31,ACTIVATED
5741,AW3281,TLL - CDG,2025-04-14 15:55:00,2025-04-14 18:45:00,2024-11-25,-140,OPEN,2,186,186,L,125.0,11,1199.0,946.0,0.06,11,SCHEDULED
315,AW7648,CDG - OSL,2025-04-14 16:50:00,2025-04-14 18:30:00,2024-11-25,-140,OPEN,2,189,189,H,158.0,0,0.0,0.0,0.0,0,ACTIVATED
4452,AW4635,VIE - CDG,2025-04-14 17:30:00,2025-04-14 19:35:00,2024-11-25,-140,OPEN,2,189,189,K,108.0,3,156.0,99.6,0.02,3,ACTIVATED
317,AW3422,CDG - TLL,2025-04-14 19:00:00,2025-04-14 23:45:00,2024-11-25,-140,CANCELLED,2,186,186,,,0,0.0,0.0,0.0,0,UNAVAILABLE
5279,AW7649,OSL - CDG,2025-04-14 19:10:00,2025-04-14 22:40:00,2024-11-25,-141,OPEN,2,189,189,X,82.0,7,711.0,552.19,0.04,7,ACTIVATED
6344,AW3559,HEL - CDG,2025-04-14 20:00:00,2025-04-14 22:45:00,2024-11-25,-140,OPEN,2,189,189,R,103.0,23,2503.0,1998.15,0.12,23,ACTIVATED
318,AW7664,CDG - OSL,2025-04-14 20:45:00,2025-04-14 22:25:00,2024-11-25,-140,CANCELLED,2,189,189,,,0,0.0,0.0,0.0,0,UNAVAILABLE
316,AW7668,CDG - OSL,2025-04-14 21:15:00,2025-04-14 22:55:00,2024-11-25,-140,OPEN,2,189,189,M,175.0,0,0.0,0.0,0.0,0,ACTIVATED
5653,AW4780,CDG - VIE,2025-04-14 21:20:00,2025-04-14 23:30:00,2024-11-25,-140,OPEN,2,189,189,X,86.0,10,640.0,302.36,0.05,10,ACTIVATED
328,AW7669,OSL - CDG,2025-04-15 06:00:00,2025-04-15 09:30:00,2024-11-25,-142,OPEN,2,189,189,T,57.0,0,0.0,0.0,0.0,0,ACTIVATED
6280,AW4781,VIE - CDG,2025-04-15 06:00:00,2025-04-15 08:05:00,2024-11-25,-141,OPEN,2,189,189,T,60.0,21,967.0,572.2,0.11,21,ACTIVATED
6321,AW4670,CDG - BUD,2025-04-15 06:15:00,2025-04-15 09:20:00,2024-11-25,-141,OPEN,2,189,99,V,133.0,22,2691.0,1916.59,0.22,22,SCHEDULED
327,AW7665,OSL - CDG,2025-04-15 06:30:00,2025-04-15 10:00:00,2024-11-25,-142,CANCELLED,2,189,189,,,0,0.0,0.0,0.0,0,UNAVAILABLE
326,AW3423,TLL - CDG,2025-04-15 06:45:00,2025-04-15 09:35:00,2024-11-25,-141,CANCELLED,2,186,186,,,0,0.0,0.0,0.0,0,UNAVAILABLE
5957,AW7640,CDG - OSL,2025-04-15 07:15:00,2025-04-15 08:55:00,2024-11-25,-141,OPEN,2,189,189,L,97.0,14,1442.0,919.84,0.07,14,ACTIVATED
3784,AW7641,OSL - CDG,2025-04-15 09:35:00,2025-04-15 13:05:00,2024-11-25,-142,OPEN,2,189,189,T,57.0,1,57.0,34.39,0.01,1,ACTIVATED
6345,AW3288,CDG - TLL,2025-04-15 09:50:00,2025-04-15 14:35:00,2024-11-25,-141,OPEN,2,186,186,H,192.0,23,3979.0,2567.37,0.12,23,SCHEDULED
6628,AW4671,BUD - CDG,2025-04-15 10:05:00,2025-04-15 15:00:00,2024-11-25,-142,OPEN,2,189,99,I,220.0,33,5589.04,5264.98,0.33,33,DEACTIVATED
323,AW4632,CDG - VIE,2025-04-15 10:05:00,2025-04-15 12:15:00,2024-11-25,-141,OPEN,2,189,189,K,110.0,0,0.0,0.0,0.0,0,ACTIVATED
6481,AW3558,CDG - HEL,2025-04-15 11:30:00,2025-04-15 15:50:00,2024-11-25,-141,OPEN,2,189,189,K,154.0,28,5006.0,4016.64,0.15,28,ACTIVATED
4455,AW7644,CDG - OSL,2025-04-15 11:50:00,2025-04-15 13:30:00,2024-11-25,-141,OPEN,2,189,189,H,158.0,3,564.0,466.83,0.02,3,ACTIVATED
5895,AW4633,VIE - CDG,2025-04-15 13:05:00,2025-04-15 15:10:00,2024-11-25,-141,OPEN,2,189,189,T,60.0,13,813.0,568.6,0.07,13,ACTIVATED
4456,AW7645,OSL - CDG,2025-04-15 14:15:00,2025-04-15 17:45:00,2024-11-25,-142,OPEN,2,189,189,T,57.0,3,183.0,114.81,0.02,3,ACTIVATED
5119,AW3286,CDG - TLL,2025-04-15 14:20:00,2025-04-15 19:05:00,2024-11-25,-141,OPEN,2,186,186,Q,170.0,6,885.0,524.89,0.03,6,SCHEDULED
324,AW4636,CDG - VIE,2025-04-15 15:00:00,2025-04-15 17:10:00,2024-11-25,-141,OPEN,2,189,189,R,75.0,0,0.0,0.0,0.0,0,ACTIVATED
4676,AW3289,TLL - CDG,2025-04-15 15:35:00,2025-04-15 18:25:00,2024-11-25,-141,OPEN,2,186,186,L,125.0,4,548.0,456.0,0.02,4,SCHEDULED
5534,AW3559,HEL - CDG,2025-04-15 16:35:00,2025-04-15 19:20:00,2024-11-25,-141,OPEN,2,189,189,L,129.0,9,1739.0,1541.45,0.05,9,ACTIVATED
321,AW7648,CDG - OSL,2025-04-15 16:45:00,2025-04-15 18:25:00,2024-11-25,-141,OPEN,2,189,189,V,125.0,0,0.0,0.0,0.0,0,ACTIVATED
4944,AW4637,VIE - CDG,2025-04-15 18:00:00,2025-04-15 20:05:00,2024-11-25,-141,OPEN,2,189,189,L,94.0,5,267.0,173.0,0.03,5,ACTIVATED
325,AW3422,CDG - TLL,2025-04-15 19:00:00,2025-04-15 23:45:00,2024-11-25,-141,CANCELLED,2,186,186,,,0,0.0,0.0,0.0,0,UNAVAILABLE
3785,AW7649,OSL - CDG,2025-04-15 19:05:00,2025-04-15 22:35:00,2024-11-25,-142,OPEN,2,189,189,T,57.0,1,57.0,34.39,0.01,1,ACTIVATED
4943,AW3287,TLL - CDG,2025-04-15 20:00:00,2025-04-15 22:50:00,2024-11-25,-141,OPEN,2,186,186,X,109.0,5,386.0,271.0,0.03,5,SCHEDULED
322,AW7664,CDG - OSL,2025-04-15 20:45:00,2025-04-15 22:25:00,2024-11-25,-141,CANCELLED,2,189,189,,,0,0.0,0.0,0.0,0,UNAVAILABLE
6731,AW7668,CDG - OSL,2025-04-15 21:15:00,2025-04-15 22:55:00,2024-11-25,-141,OPEN,2,189,189,I,195.0,38,4828.0,3342.99,0.2,38,ACTIVATED
5819,AW4780,CDG - VIE,2025-04-15 21:20:00,2025-04-15 23:30:00,2024-11-25,-141,OPEN,2,189,189,X,86.0,12,803.0,379.97,0.06,12,ACTIVATED
337,AW7665,OSL - CDG,2025-04-16 06:00:00,2025-04-16 09:30:00,2024-11-25,-143,CANCELLED,2,189,189,,,0,0.0,0.0,0.0,0,UNAVAILABLE
6748,AW4781,VIE - CDG,2025-04-16 06:15:00,2025-04-16 08:20:00,2024-11-25,-142,OPEN,2,189,189,T,60.0,39,1818.0,1084.8,0.21,39,ACTIVATED
4045,AW7669,OSL - CDG,2025-04-16 06:30:00,2025-04-16 10:00:00,2024-11-25,-143,OPEN,2,189,189,T,57.0,2,114.0,68.78,0.01,2,ACTIVATED
334,AW3423,TLL - CDG,2025-04-16 06:45:00,2025-04-16 09:35:00,2024-11-25,-142,CANCELLED,2,186,186,,,0,0.0,0.0,0.0,0,UNAVAILABLE
3786,AW7640,CDG - OSL,2025-04-16 07:15:00,2025-04-16 08:55:00,2024-11-25,-142,OPEN,2,186,186,Q,141.0,1,168.0,135.61,0.01,1,ACTIVATED
6322,AW3550,CDG - HEL,2025-04-16 08:30:00,2025-04-16 12:50:00,2024-11-25,-142,OPEN,2,189,189,K,154.0,22,3067.0,2237.63,0.12,22,ACTIVATED
335,AW7641,OSL - CDG,2025-04-16 09:35:00,2025-04-16 13:05:00,2024-11-25,-143,OPEN,2,186,186,T,57.0,0,0.0,0.0,0.0,0,ACTIVATED
6817,AW3284,CDG - TLL,2025-04-16 10:05:00,2025-04-16 14:50:00,2024-11-25,-142,OPEN,2,189,189,I,242.0,43,7775.0,5247.89,0.23,43,SCHEDULED
4946,AW4632,CDG - VIE,2025-04-16 10:15:00,2025-04-16 12:25:00,2024-11-25,-142,OPEN,2,189,189,X,86.0,5,327.0,165.05,0.03,5,ACTIVATED
5536,AW3288,CDG - TLL,2025-04-16 10:55:00,2025-04-16 15:40:00,2024-11-25,-142,OPEN,2,186,186,V,150.0,9,1350.0,753.66,0.05,9,SCHEDULED
330,AW7644,CDG - OSL,2025-04-16 11:50:00,2025-04-16 13:30:00,2024-11-25,-142,OPEN,2,189,189,H,158.0,0,0.0,0.0,0.0,0,ACTIVATED
5280,AW4633,VIE - CDG,2025-04-16 13:15:00,2025-04-16 15:20:00,2024-11-25,-142,OPEN,2,189,189,L,94.0,7,496.0,364.4,0.04,7,ACTIVATED
5398,AW3551,HEL - CDG,2025-04-16 13:35:00,2025-04-16 16:20:00,2024-11-25,-142,OPEN,2,189,189,Q,178.0,8,1789.0,1613.4,0.04,8,ACTIVATED
4677,AW7645,OSL - CDG,2025-04-16 14:10:00,2025-04-16 17:40:00,2024-11-25,-143,OPEN,2,189,189,T,57.0,4,228.0,136.84,0.02,4,ACTIVATED
6463,AW3558,CDG - HEL,2025-04-16 14:20:00,2025-04-16 18:40:00,2024-11-25,-142,OPEN,2,189,189,X,125.0,27,3571.0,2538.46,0.14,27,ACTIVATED
4945,AW3286,CDG - TLL,2025-04-16 14:20:00,2025-04-16 19:05:00,2024-11-25,-142,OPEN,2,186,186,V,150.0,5,736.0,419.68,0.03,5,SCHEDULED
6281,AW4636,CDG - VIE,2025-04-16 14:40:00,2025-04-16 16:50:00,2024-11-25,-142,OPEN,2,189,189,L,97.0,21,1395.0,652.98,0.11,21,ACTIVATED
5535,AW3285,TLL - CDG,2025-04-16 15:45:00,2025-04-16 18:35:00,2024-11-25,-142,OPEN,2,189,189,X,109.0,9,1077.0,870.0,0.05,9,SCHEDULED
329,AW3289,TLL - CDG,2025-04-16 16:40:00,2025-04-16 19:30:00,2024-11-25,-142,OPEN,2,186,186,R,93.0,0,0.0,0.0,0.0,0,SCHEDULED
5120,AW7646,CDG - OSL,2025-04-16 16:45:00,2025-04-16 18:25:00,2024-11-25,-142,OPEN,2,189,189,K,110.0,6,708.0,486.18,0.03,6,ACTIVATED
5744,AW4637,VIE - CDG,2025-04-16 17:40:00,2025-04-16 19:45:00,2024-11-25,-142,OPEN,2,189,189,K,108.0,11,606.0,399.2,0.06,11,ACTIVATED
333,AW3422,CDG - TLL,2025-04-16 19:00:00,2025-04-16 23:45:00,2024-11-25,-142,CANCELLED,2,186,186,,,0,0.0,0.0,0.0,0,UNAVAILABLE
336,AW7647,OSL - CDG,2025-04-16 19:10:00,2025-04-16 22:40:00,2024-11-25,-143,OPEN,2,189,189,T,57.0,0,0.0,0.0,0.0,0,ACTIVATED
5654,AW3559,HEL - CDG,2025-04-16 19:25:00,2025-04-16 22:10:00,2024-11-25,-142,OPEN,2,189,189,L,129.0,10,1768.0,1548.5,0.05,10,ACTIVATED
6006,AW3287,TLL - CDG,2025-04-16 20:00:00,2025-04-16 22:50:00,2024-11-25,-142,OPEN,2,186,186,X,109.0,15,1779.0,1434.0,0.08,15,SCHEDULED
331,AW7664,CDG - OSL,2025-04-16 20:45:00,2025-04-16 22:25:00,2024-11-25,-142,CANCELLED,2,189,189,,,0,0.0,0.0,0.0,0,UNAVAILABLE
332,AW7668,CDG - OSL,2025-04-16 21:15:00,2025-04-16 22:55:00,2024-11-25,-142,OPEN,2,189,189,K,110.0,0,0.0,0.0,0.0,0,ACTIVATED
6851,AW4780,CDG - VIE,2025-04-16 21:20:00,2025-04-16 23:30:00,2024-11-25,-142,OPEN,2,189,189,L,97.0,45,4241.0,2570.48,0.24,45,ACTIVATED
343,AW7665,OSL - CDG,2025-04-17 06:00:00,2025-04-17 09:30:00,2024-11-25,-144,CANCELLED,2,189,189,,,0,0.0,0.0,0.0,0,UNAVAILABLE
7098,AW4781,VIE - CDG,2025-04-17 06:00:00,2025-04-17 08:05:00,2024-11-25,-143,OPEN,2,189,189,Q,141.0,63,4924.0,3739.6,0.33,63,ACTIVATED
4680,AW7669,OSL - CDG,2025-04-17 06:30:00,2025-04-17 10:00:00,2024-11-25,-144,OPEN,2,189,189,T,57.0,4,228.0,137.2,0.02,4,ACTIVATED
340,AW3423,TLL - CDG,2025-04-17 06:45:00,2025-04-17 09:35:00,2024-11-25,-143,CANCELLED,2,186,186,,,0,0.0,0.0,0.0,0,UNAVAILABLE
4678,AW7640,CDG - OSL,2025-04-17 07:15:00,2025-04-17 08:55:00,2024-11-25,-143,OPEN,2,186,186,V,125.0,4,500.0,342.96,0.02,4,ACTIVATED
5958,AW3550,CDG - HEL,2025-04-17 08:10:00,2025-04-17 12:30:00,2024-11-25,-143,OPEN,2,189,189,K,154.0,14,1970.0,1489.06,0.07,14,ACTIVATED
341,AW7641,OSL - CDG,2025-04-17 09:35:00,2025-04-17 13:05:00,2024-11-25,-144,OPEN,2,186,186,R,69.0,0,0.0,0.0,0.0,0,ACTIVATED
3789,AW4632,CDG - VIE,2025-04-17 09:45:00,2025-04-17 11:55:00,2024-11-25,-143,OPEN,2,189,189,L,97.0,1,90.0,57.61,0.01,1,ACTIVATED
5745,AW4670,CDG - BUD,2025-04-17 10:05:00,2025-04-17 13:10:00,2024-11-25,-143,OPEN,2,189,99,M,191.0,11,2284.0,1927.71,0.11,11,SCHEDULED
5121,AW3288,CDG - TLL,2025-04-17 11:25:00,2025-04-17 16:10:00,2024-11-25,-143,OPEN,2,186,186,H,192.0,6,1322.0,924.44,0.03,6,SCHEDULED
5537,AW7644,CDG - OSL,2025-04-17 11:50:00,2025-04-17 13:30:00,2024-11-25,-143,OPEN,2,189,189,V,125.0,9,1283.0,936.53,0.05,9,ACTIVATED
6676,AW4633,VIE - CDG,2025-04-17 12:45:00,2025-04-17 14:50:00,2024-11-25,-143,OPEN,2,189,189,L,94.0,35,2434.0,1776.0,0.19,35,ACTIVATED
6080,AW3551,HEL - CDG,2025-04-17 13:15:00,2025-04-17 16:00:00,2024-11-25,-143,OPEN,2,189,189,V,160.0,16,3114.0,2762.8,0.08,16,ACTIVATED
6482,AW4671,BUD - CDG,2025-04-17 13:55:00,2025-04-17 18:50:00,2024-11-25,-144,OPEN,2,189,99,V,132.0,28,3062.0,2787.04,0.28,28,DEACTIVATED
342,AW7645,OSL - CDG,2025-04-17 14:15:00,2025-04-17 17:45:00,2024-11-25,-144,OPEN,2,189,189,R,69.0,0,0.0,0.0,0.0,0,ACTIVATED
5746,AW4636,CDG - VIE,2025-04-17 14:30:00,2025-04-17 16:40:00,2024-11-25,-143,OPEN,2,189,189,X,86.0,11,1090.0,699.36,0.06,11,ACTIVATED
5820,AW3556,CDG - HEL,2025-04-17 15:00:00,2025-04-17 19:20:00,2024-11-25,-143,OPEN,2,189,189,K,154.0,12,1305.0,916.32,0.06,12,ACTIVATED
3787,AW7646,CDG - OSL,2025-04-17 15:20:00,2025-04-17 17:00:00,2024-11-25,-143,OPEN,2,189,189,Q,141.0,1,151.0,118.61,0.01,1,ACTIVATED
5959,AW3289,TLL - CDG,2025-04-17 17:10:00,2025-04-17 20:00:00,2024-11-25,-143,OPEN,2,186,186,L,125.0,14,1670.0,1348.0,0.08,14,SCHEDULED
6282,AW4637,VIE - CDG,2025-04-17 17:30:00,2025-04-17 19:35:00,2024-11-25,-143,OPEN,2,189,189,K,108.0,21,1224.0,829.2,0.11,21,ACTIVATED
4679,AW7647,OSL - CDG,2025-04-17 17:40:00,2025-04-17 21:10:00,2024-11-25,-144,OPEN,2,189,189,R,69.0,4,252.0,161.2,0.02,4,ACTIVATED
339,AW3422,CDG - TLL,2025-04-17 19:00:00,2025-04-17 23:45:00,2024-11-25,-143,CANCELLED,2,186,186,,,0,0.0,0.0,0.0,0,UNAVAILABLE
6007,AW3557,HEL - CDG,2025-04-17 20:05:00,2025-04-17 22:50:00,2024-11-25,-143,OPEN,2,189,189,L,129.0,15,2534.0,2204.75,0.08,15,ACTIVATED
338,AW7664,CDG - OSL,2025-04-17 20:45:00,2025-04-17 22:25:00,2024-11-25,-143,CANCELLED,2,189,189,,,0,0.0,0.0,0.0,0,UNAVAILABLE
3788,AW7668,CDG - OSL,2025-04-17 21:15:00,2025-04-17 22:55:00,2024-11-25,-143,OPEN,2,189,189,V,125.0,1,125.0,85.74,0.01,1,ACTIVATED
6283,AW4780,CDG - VIE,2025-04-17 21:15:00,2025-04-17 23:25:00,2024-11-25,-143,OPEN,2,189,189,K,110.0,21,2018.0,1248.5,0.11,21,ACTIVATED
350,AW7665,OSL - CDG,2025-04-18 06:00:00,2025-04-18 09:30:00,2024-11-25,-145,CANCELLED,2,189,189,,,0,0.0,0.0,0.0,0,UNAVAILABLE
5655,AW7669,OSL - CDG,2025-04-18 06:30:00,2025-04-18 10:00:00,2024-11-25,-145,OPEN,2,189,189,R,69.0,10,690.0,462.46,0.05,10,ACTIVATED
349,AW3423,TLL - CDG,2025-04-18 06:35:00,2025-04-18 09:25:00,2024-11-25,-144,CANCELLED,2,186,186,,,0,0.0,0.0,0.0,0,UNAVAILABLE
4047,AW4781,VIE - CDG,2025-04-18 06:55:00,2025-04-18 09:00:00,2024-11-25,-144,OPEN,2,189,189,L,94.0,2,120.0,82.4,0.01,2,ACTIVATED
345,AW7640,CDG - OSL,2025-04-18 07:20:00,2025-04-18 09:00:00,2024-11-25,-144,OPEN,2,186,186,M,175.0,0,0.0,0.0,0.0,0,ACTIVATED
6629,AW3550,CDG - HEL,2025-04-18 07:30:00,2025-04-18 11:50:00,2024-11-25,-144,OPEN,2,189,189,K,154.0,33,4602.0,3402.6,0.17,33,ACTIVATED
4947,AW3280,CDG - TLL,2025-04-18 09:05:00,2025-04-18 13:50:00,2024-11-25,-144,OPEN,2,186,186,H,192.0,5,1200.0,868.7,0.03,5,SCHEDULED
5122,AW7641,OSL - CDG,2025-04-18 09:40:00,2025-04-18 13:10:00,2024-11-25,-145,OPEN,2,186,186,X,82.0,6,674.0,538.34,0.03,6,ACTIVATED
6171,AW4632,CDG - VIE,2025-04-18 10:05:00,2025-04-18 12:15:00,2024-11-25,-144,OPEN,2,189,189,K,110.0,18,1736.0,1125.5,0.1,18,ACTIVATED
4457,AW7644,CDG - OSL,2025-04-18 11:10:00,2025-04-18 12:50:00,2024-11-25,-144,OPEN,2,189,189,Q,141.0,3,321.26,203.48,0.02,3,ACTIVATED
6914,AW3551,HEL - CDG,2025-04-18 12:35:00,2025-04-18 15:20:00,2024-11-25,-144,OPEN,2,189,189,R,103.0,49,6473.91,5398.36,0.26,49,ACTIVATED
4681,AW4633,VIE - CDG,2025-04-18 13:05:00,2025-04-18 15:10:00,2024-11-25,-144,OPEN,2,189,189,R,70.0,4,304.0,228.8,0.02,4,ACTIVATED
344,AW3284,CDG - TLL,2025-04-18 13:25:00,2025-04-18 18:10:00,2024-11-25,-144,OPEN,2,189,189,H,192.0,0,0.0,0.0,0.0,0,SCHEDULED
4048,AW7645,OSL - CDG,2025-04-18 13:35:00,2025-04-18 17:05:00,2024-11-25,-145,OPEN,2,189,189,K,111.0,2,111.22,66.0,0.01,2,ACTIVATED
6375,AW3281,TLL - CDG,2025-04-18 14:50:00,2025-04-18 17:40:00,2024-11-25,-144,OPEN,2,186,186,L,125.0,24,2555.0,2003.0,0.13,24,SCHEDULED
5960,AW4636,CDG - VIE,2025-04-18 14:55:00,2025-04-18 17:05:00,2024-11-25,-144,OPEN,2,189,189,K,110.0,14,1616.0,1107.58,0.07,14,ACTIVATED
5399,AW3558,CDG - HEL,2025-04-18 14:55:00,2025-04-18 19:15:00,2024-11-25,-144,OPEN,2,189,189,K,154.0,8,1364.0,1077.4,0.04,8,ACTIVATED
4046,AW7648,CDG - OSL,2025-04-18 16:25:00,2025-04-18 18:05:00,2024-11-25,-144,OPEN,2,189,189,M,175.0,2,518.0,439.48,0.01,2,ACTIVATED
5281,AW4637,VIE - CDG,2025-04-18 17:55:00,2025-04-18 20:00:00,2024-11-25,-144,OPEN,2,189,189,X,82.0,7,490.0,358.4,0.04,7,ACTIVATED
5123,AW7649,OSL - CDG,2025-04-18 18:45:00,2025-04-18 22:15:00,2024-11-25,-145,OPEN,2,189,189,X,82.0,6,657.0,520.8,0.03,6,ACTIVATED
348,AW3422,CDG - TLL,2025-04-18 19:00:00,2025-04-18 23:45:00,2024-11-25,-144,CANCELLED,2,186,186,,,0,0.0,0.0,0.0,0,UNAVAILABLE
6128,AW3285,TLL - CDG,2025-04-18 19:05:00,2025-04-18 21:55:00,2024-11-25,-144,OPEN,2,189,189,L,125.0,17,1716.0,1325.0,0.09,17,SCHEDULED
6247,AW3559,HEL - CDG,2025-04-18 20:00:00,2025-04-18 22:45:00,2024-11-25,-144,OPEN,2,189,189,Q,178.0,20,3990.0,3551.0,0.11,20,ACTIVATED
346,AW7664,CDG - OSL,2025-04-18 20:45:00,2025-04-18 22:25:00,2024-11-25,-144,CANCELLED,2,189,189,,,0,0.0,0.0,0.0,0,UNAVAILABLE
6172,AW4780,CDG - VIE,2025-04-18 21:10:00,2025-04-18 23:20:00,2024-11-25,-144,OPEN,2,189,189,L,97.0,18,1590.0,993.24,0.1,18,ACTIVATED
347,AW7668,CDG - OSL,2025-04-18 21:15:00,2025-04-18 22:55:00,2024-11-25,-144,OPEN,2,189,189,H,158.0,0,0.0,0.0,0.0,0,ACTIVATED
356,AW7665,OSL - CDG,2025-04-19 05:55:00,2025-04-19 09:25:00,2024-11-25,-146,CANCELLED,2,189,189,,,0,0.0,0.0,0.0,0,UNAVAILABLE
5822,AW4781,VIE - CDG,2025-04-19 06:00:00,2025-04-19 08:05:00,2024-11-25,-145,OPEN,2,189,189,R,70.0,12,600.0,374.4,0.06,12,ACTIVATED
6284,AW4670,CDG - BUD,2025-04-19 06:15:00,2025-04-19 09:20:00,2024-11-25,-145,OPEN,2,186,96,B,265.0,21,5000.0,4223.63,0.22,21,SCHEDULED
5124,AW7669,OSL - CDG,2025-04-19 06:25:00,2025-04-19 09:55:00,2024-11-25,-146,OPEN,2,189,189,R,69.0,6,468.0,331.62,0.03,6,ACTIVATED
355,AW3423,TLL - CDG,2025-04-19 06:45:00,2025-04-19 09:35:00,2024-11-25,-145,CANCELLED,2,186,186,,,0,0.0,0.0,0.0,0,UNAVAILABLE
5821,AW3550,CDG - HEL,2025-04-19 08:35:00,2025-04-19 12:55:00,2024-11-25,-145,OPEN,2,189,189,M,232.0,12,2824.0,2387.23,0.06,12,ACTIVATED
5538,AW3280,CDG - TLL,2025-04-19 09:00:00,2025-04-19 13:45:00,2024-11-25,-145,OPEN,2,189,189,H,192.0,9,1686.0,1134.6,0.05,9,SCHEDULED
6515,AW4671,BUD - CDG,2025-04-19 10:05:00,2025-04-19 15:00:00,2024-11-25,-146,OPEN,2,186,96,J,373.0,29,8331.0,8046.22,0.3,29,DEACTIVATED
6008,AW4636,CDG - VIE,2025-04-19 10:10:00,2025-04-19 12:20:00,2024-11-25,-145,OPEN,2,189,189,L,97.0,15,1605.0,1050.45,0.08,15,ACTIVATED
5961,AW3288,CDG - TLL,2025-04-19 10:15:00,2025-04-19 15:00:00,2024-11-25,-145,OPEN,2,186,186,M,216.0,14,2862.0,1979.3,0.08,14,SCHEDULED
5747,AW7644,CDG - OSL,2025-04-19 10:20:00,2025-04-19 12:00:00,2024-11-25,-145,OPEN,2,189,189,I,195.0,11,2006.0,1594.75,0.06,11,ACTIVATED
6439,AW7645,OSL - CDG,2025-04-19 12:40:00,2025-04-19 16:10:00,2024-11-25,-146,OPEN,2,189,189,K,111.0,26,2892.42,2300.6,0.14,26,ACTIVATED
4682,AW4637,VIE - CDG,2025-04-19 13:10:00,2025-04-19 15:15:00,2024-11-25,-145,OPEN,2,189,189,V,124.0,4,208.0,132.8,0.02,4,ACTIVATED
6732,AW4634,CDG - VIE,2025-04-19 13:35:00,2025-04-19 15:45:00,2024-11-25,-145,OPEN,2,189,189,V,124.0,38,3452.0,2042.56,0.2,38,ACTIVATED
5400,AW3551,HEL - CDG,2025-04-19 13:40:00,2025-04-19 16:25:00,2024-11-25,-145,OPEN,2,189,189,I,239.0,8,1756.0,1580.4,0.04,8,ACTIVATED
6401,AW3281,TLL - CDG,2025-04-19 14:40:00,2025-04-19 17:30:00,2024-11-25,-145,OPEN,2,189,189,K,144.0,25,2938.0,2363.0,0.13,25,SCHEDULED
352,AW7658,CDG - OSL,2025-04-19 15:20:00,2025-04-19 17:00:00,2024-11-25,-145,OPEN,2,189,189,H,158.0,0,0.0,0.0,0.0,0,ACTIVATED
6832,AW3289,TLL - CDG,2025-04-19 16:00:00,2025-04-19 18:50:00,2024-11-25,-145,OPEN,2,186,186,V,165.0,44,5544.0,4532.0,0.24,44,SCHEDULED
4050,AW4635,VIE - CDG,2025-04-19 16:40:00,2025-04-19 18:45:00,2024-11-25,-145,OPEN,2,189,189,V,124.0,2,188.0,150.4,0.01,2,ACTIVATED
351,AW7646,CDG - OSL,2025-04-19 16:45:00,2025-04-19 18:25:00,2024-11-25,-145,OPEN,2,186,186,H,158.0,0,0.0,0.0,0.0,0,ACTIVATED
4948,AW7659,OSL - CDG,2025-04-19 17:40:00,2025-04-19 21:10:00,2024-11-25,-146,OPEN,2,189,189,L,96.0,5,576.0,462.95,0.03,5,ACTIVATED
354,AW3422,CDG - TLL,2025-04-19 19:00:00,2025-04-19 23:45:00,2024-11-25,-145,CANCELLED,2,186,186,,,0,0.0,0.0,0.0,0,UNAVAILABLE
5823,AW7647,OSL - CDG,2025-04-19 19:05:00,2025-04-19 22:35:00,2024-11-25,-146,OPEN,2,186,186,L,96.0,12,1724.0,1451.96,0.06,12,ACTIVATED
353,AW7664,CDG - OSL,2025-04-19 20:45:00,2025-04-19 22:25:00,2024-11-25,-145,CANCELLED,2,189,189,,,0,0.0,0.0,0.0,0,UNAVAILABLE
6833,AW4780,CDG - VIE,2025-04-19 21:15:00,2025-04-19 23:25:00,2024-11-25,-145,OPEN,2,189,189,K,110.0,44,3644.0,2102.05,0.23,44,ACTIVATED
4049,AW7668,CDG - OSL,2025-04-19 21:15:00,2025-04-19 22:55:00,2024-11-25,-145,OPEN,2,189,189,Q,141.0,2,302.0,237.22,0.01,2,ACTIVATED
5282,AW7669,OSL - CDG,2025-04-20 06:00:00,2025-04-20 09:30:00,2024-11-25,-147,OPEN,2,189,189,K,111.0,7,602.0,443.73,0.04,7,ACTIVATED
6376,AW4781,VIE - CDG,2025-04-20 06:00:00,2025-04-20 08:05:00,2024-11-25,-146,OPEN,2,189,189,X,82.0,24,1602.0,1150.8,0.13,24,ACTIVATED
365,AW7665,OSL - CDG,2025-04-20 06:30:00,2025-04-20 10:00:00,2024-11-25,-147,CANCELLED,2,189,189,,,0,0.0,0.0,0.0,0,UNAVAILABLE
363,AW3423,TLL - CDG,2025-04-20 07:00:00,2025-04-20 09:50:00,2024-11-25,-146,CANCELLED,2,186,186,,,0,0.0,0.0,0.0,0,UNAVAILABLE
358,AW7640,CDG - OSL,2025-04-20 07:20:00,2025-04-20 09:00:00,2024-11-25,-146,OPEN,2,189,189,V,125.0,0,0.0,0.0,0.0,0,ACTIVATED
357,AW3280,CDG - TLL,2025-04-20 08:05:00,2025-04-20 12:50:00,2024-11-25,-146,OPEN,2,189,189,H,192.0,0,0.0,0.0,0.0,0,SCHEDULED
5125,AW7641,OSL - CDG,2025-04-20 09:40:00,2025-04-20 13:10:00,2024-11-25,-147,OPEN,2,189,189,X,82.0,6,492.0,355.26,0.03,6,ACTIVATED
359,AW7658,CDG - OSL,2025-04-20 10:20:00,2025-04-20 12:00:00,2024-11-25,-146,OPEN,2,189,189,M,175.0,0,0.0,0.0,0.0,0,ACTIVATED
6694,AW4638,CDG - VIE,2025-04-20 10:55:00,2025-04-20 13:05:00,2024-11-25,-146,OPEN,2,189,189,K,110.0,36,3021.04,1731.34,0.19,36,ACTIVATED
4683,AW3288,CDG - TLL,2025-04-20 10:55:00,2025-04-20 15:40:00,2024-11-25,-146,OPEN,2,186,186,H,192.0,4,768.0,502.96,0.02,4,SCHEDULED
4684,AW7659,OSL - CDG,2025-04-20 12:40:00,2025-04-20 16:10:00,2024-11-25,-147,OPEN,2,189,189,H,165.0,4,828.0,737.56,0.02,4,ACTIVATED
6483,AW3281,TLL - CDG,2025-04-20 13:45:00,2025-04-20 16:35:00,2024-11-25,-146,OPEN,2,189,189,V,165.0,28,4025.0,3381.0,0.15,28,SCHEDULED
4949,AW4639,VIE - CDG,2025-04-20 13:55:00,2025-04-20 16:00:00,2024-11-25,-146,OPEN,2,189,189,X,82.0,5,410.0,316.0,0.03,5,ACTIVATED
6749,AW4636,CDG - VIE,2025-04-20 14:35:00,2025-04-20 16:45:00,2024-11-25,-146,OPEN,2,189,189,K,110.0,39,3536.0,2210.96,0.21,39,ACTIVATED
6346,AW3556,CDG - HEL,2025-04-20 14:45:00,2025-04-20 19:05:00,2024-11-25,-146,OPEN,2,189,189,V,172.0,23,4458.0,3596.24,0.12,23,ACTIVATED
6599,AW3558,CDG - HEL,2025-04-20 15:00:00,2025-04-20 19:20:00,2024-11-25,-146,OPEN,2,189,189,H,211.0,32,5934.0,4712.03,0.17,32,ACTIVATED
6009,AW3289,TLL - CDG,2025-04-20 16:40:00,2025-04-20 19:30:00,2024-11-25,-146,OPEN,2,186,186,V,165.0,15,2508.0,2163.0,0.08,15,SCHEDULED
4051,AW7646,CDG - OSL,2025-04-20 16:45:00,2025-04-20 18:25:00,2024-11-25,-146,OPEN,2,189,189,Q,141.0,2,250.0,171.48,0.01,2,ACTIVATED
5401,AW4637,VIE - CDG,2025-04-20 17:30:00,2025-04-20 19:35:00,2024-11-25,-146,OPEN,2,189,189,L,94.0,8,1040.0,889.6,0.04,8,ACTIVATED
362,AW3422,CDG - TLL,2025-04-20 19:00:00,2025-04-20 23:45:00,2024-11-25,-146,CANCELLED,2,186,186,,,0,0.0,0.0,0.0,0,UNAVAILABLE
364,AW7647,OSL - CDG,2025-04-20 19:05:00,2025-04-20 22:35:00,2024-11-25,-147,OPEN,2,189,189,K,111.0,0,0.0,0.0,0.0,0,ACTIVATED
6571,AW3557,HEL - CDG,2025-04-20 19:50:00,2025-04-20 22:35:00,2024-11-25,-146,OPEN,2,189,189,Q,178.0,31,6377.0,5696.55,0.16,31,ACTIVATED
5656,AW3559,HEL - CDG,2025-04-20 20:05:00,2025-04-20 22:50:00,2024-11-25,-146,OPEN,2,189,189,Q,178.0,10,1951.0,1731.5,0.05,10,ACTIVATED
360,AW7664,CDG - OSL,2025-04-20 20:45:00,2025-04-20 22:25:00,2024-11-25,-146,CANCELLED,2,189,189,,,0,0.0,0.0,0.0,0,UNAVAILABLE
361,AW7668,CDG - OSL,2025-04-20 21:15:00,2025-04-20 22:55:00,2024-11-25,-146,OPEN,2,189,189,V,125.0,0,0.0,0.0,0.0,0,ACTIVATED
6834,AW4780,CDG - VIE,2025-04-20 21:25:00,2025-04-20 23:35:00,2024-11-25,-146,OPEN,2,189,189,Q,140.0,44,3876.0,2450.84,0.23,44,ACTIVATED
376,AW7669,OSL - CDG,2025-04-21 05:55:00,2025-04-21 09:25:00,2024-11-25,-148,OPEN,2,189,189,X,82.0,0,0.0,0.0,0.0,0,ACTIVATED
372,AW4781,VIE - CDG,2025-04-21 06:00:00,2025-04-21 08:05:00,2024-11-25,-147,OPEN,2,189,189,X,82.0,0,0.0,0.0,0.0,0,ACTIVATED
375,AW7665,OSL - CDG,2025-04-21 06:30:00,2025-04-21 10:00:00,2024-11-25,-148,CANCELLED,2,189,189,,,0,0.0,0.0,0.0,0,UNAVAILABLE
374,AW3423,TLL - CDG,2025-04-21 06:45:00,2025-04-21 09:35:00,2024-11-25,-147,CANCELLED,2,186,186,,,0,0.0,0.0,0.0,0,UNAVAILABLE
367,AW7640,CDG - OSL,2025-04-21 07:15:00,2025-04-21 08:55:00,2024-11-25,-147,OPEN,2,189,189,V,125.0,0,0.0,0.0,0.0,0,ACTIVATED
4052,AW3284,CDG - TLL,2025-04-21 07:45:00,2025-04-21 12:30:00,2024-11-25,-147,OPEN,2,189,189,V,150.0,2,433.0,300.48,0.01,2,SCHEDULED
5748,AW3550,CDG - HEL,2025-04-21 08:20:00,2025-04-21 12:40:00,2024-11-25,-147,OPEN,2,189,189,V,172.0,11,2080.0,1675.62,0.06,11,ACTIVATED
5657,AW7641,OSL - CDG,2025-04-21 09:35:00,2025-04-21 13:05:00,2024-11-25,-148,OPEN,2,189,189,L,96.0,10,1216.0,989.72,0.05,10,ACTIVATED
5896,AW4632,CDG - VIE,2025-04-21 10:05:00,2025-04-21 12:15:00,2024-11-25,-147,OPEN,2,189,189,K,110.0,13,1353.0,870.1,0.07,13,ACTIVATED
5539,AW3280,CDG - TLL,2025-04-21 10:10:00,2025-04-21 14:55:00,2024-11-25,-147,OPEN,2,186,186,V,150.0,9,1445.0,901.09,0.05,9,SCHEDULED
4951,AW7644,CDG - OSL,2025-04-21 11:10:00,2025-04-21 12:50:00,2024-11-25,-147,OPEN,2,189,189,Q,141.0,5,590.0,428.05,0.03,5,ACTIVATED
371,AW4633,VIE - CDG,2025-04-21 13:05:00,2025-04-21 15:10:00,2024-11-25,-147,OPEN,2,189,189,K,108.0,0,0.0,0.0,0.0,0,ACTIVATED
366,AW3285,TLL - CDG,2025-04-21 13:25:00,2025-04-21 16:15:00,2024-11-25,-147,OPEN,2,189,189,H,212.0,0,0.0,0.0,0.0,0,SCHEDULED
6718,AW3551,HEL - CDG,2025-04-21 13:25:00,2025-04-21 16:10:00,2024-11-25,-147,OPEN,2,189,189,Q,178.0,37,6894.95,6082.8,0.2,37,ACTIVATED
5897,AW7645,OSL - CDG,2025-04-21 13:35:00,2025-04-21 17:05:00,2024-11-25,-148,OPEN,2,189,175,H,165.0,13,1444.56,1149.73,0.07,13,ACTIVATED
5283,AW4634,CDG - VIE,2025-04-21 14:30:00,2025-04-21 16:40:00,2024-11-25,-147,OPEN,2,189,189,K,110.0,7,554.0,313.53,0.04,7,ACTIVATED
5126,AW3558,CDG - HEL,2025-04-21 14:55:00,2025-04-21 19:15:00,2024-11-25,-147,OPEN,2,189,189,X,125.0,6,1062.0,840.18,0.03,6,ACTIVATED
4950,AW3281,TLL - CDG,2025-04-21 15:55:00,2025-04-21 18:45:00,2024-11-25,-147,OPEN,2,186,186,Q,188.0,5,1186.0,1071.0,0.03,5,SCHEDULED
368,AW7648,CDG - OSL,2025-04-21 16:50:00,2025-04-21 18:30:00,2024-11-25,-147,OPEN,2,189,189,Q,141.0,0,0.0,0.0,0.0,0,ACTIVATED
5749,AW4635,VIE - CDG,2025-04-21 17:30:00,2025-04-21 19:35:00,2024-11-25,-147,OPEN,2,189,189,K,108.0,11,1188.0,981.2,0.06,11,ACTIVATED
373,AW3422,CDG - TLL,2025-04-21 19:00:00,2025-04-21 23:45:00,2024-11-25,-147,CANCELLED,2,186,186,,,0,0.0,0.0,0.0,0,UNAVAILABLE
4952,AW7649,OSL - CDG,2025-04-21 19:10:00,2025-04-21 22:40:00,2024-11-25,-148,OPEN,2,189,189,V,128.0,5,795.0,681.95,0.03,5,ACTIVATED
6630,AW3559,HEL - CDG,2025-04-21 20:00:00,2025-04-21 22:45:00,2024-11-25,-147,OPEN,2,189,189,K,144.0,33,5618.0,4893.65,0.17,33,ACTIVATED
369,AW7664,CDG - OSL,2025-04-21 20:45:00,2025-04-21 22:25:00,2024-11-25,-147,CANCELLED,2,189,189,,,0,0.0,0.0,0.0,0,UNAVAILABLE
370,AW7668,CDG - OSL,2025-04-21 21:15:00,2025-04-21 22:55:00,2024-11-25,-147,OPEN,2,189,189,K,110.0,0,0.0,0.0,0.0,0,ACTIVATED
6631,AW4780,CDG - VIE,2025-04-21 21:20:00,2025-04-21 23:30:00,2024-11-25,-147,OPEN,2,189,189,R,75.0,33,2080.0,921.82,0.17,33,ACTIVATED
382,AW7669,OSL - CDG,2025-04-22 06:00:00,2025-04-22 09:30:00,2024-11-25,-149,OPEN,2,189,189,R,69.0,0,0.0,0.0,0.0,0,ACTIVATED
5404,AW4781,VIE - CDG,2025-04-22 06:00:00,2025-04-22 08:05:00,2024-11-25,-148,OPEN,2,189,189,N,45.0,8,468.0,317.6,0.04,8,ACTIVATED
6347,AW4670,CDG - BUD,2025-04-22 06:15:00,2025-04-22 09:20:00,2024-11-25,-148,OPEN,2,189,99,X,90.0,23,1801.0,1028.55,0.23,23,SCHEDULED
381,AW7665,OSL - CDG,2025-04-22 06:30:00,2025-04-22 10:00:00,2024-11-25,-149,CANCELLED,2,189,189,,,0,0.0,0.0,0.0,0,UNAVAILABLE
380,AW3423,TLL - CDG,2025-04-22 06:45:00,2025-04-22 09:35:00,2024-11-25,-148,CANCELLED,2,186,186,,,0,0.0,0.0,0.0,0,UNAVAILABLE
377,AW7640,CDG - OSL,2025-04-22 07:15:00,2025-04-22 08:55:00,2024-11-25,-148,OPEN,2,189,136,L,97.0,0,0.0,0.0,0.0,0,ACTIVATED
3790,AW7641,OSL - CDG,2025-04-22 09:35:00,2025-04-22 13:05:00,2024-11-25,-149,OPEN,2,189,136,L,96.0,1,111.0,88.39,0.01,1,ACTIVATED
4954,AW3288,CDG - TLL,2025-04-22 09:50:00,2025-04-22 14:35:00,2024-11-25,-148,OPEN,2,186,186,V,150.0,5,750.0,418.7,0.03,5,SCHEDULED
5540,AW4632,CDG - VIE,2025-04-22 10:05:00,2025-04-22 12:15:00,2024-11-25,-148,OPEN,2,189,189,T,66.0,9,734.0,394.4,0.05,9,ACTIVATED
6210,AW4671,BUD - CDG,2025-04-22 10:05:00,2025-04-22 15:00:00,2024-11-25,-149,OPEN,2,189,99,M,195.0,19,3013.0,2826.42,0.19,19,DEACTIVATED
5658,AW3558,CDG - HEL,2025-04-22 11:30:00,2025-04-22 15:50:00,2024-11-25,-148,OPEN,2,189,189,X,125.0,10,1534.78,1176.53,0.05,10,ACTIVATED
6248,AW7644,CDG - OSL,2025-04-22 11:50:00,2025-04-22 13:30:00,2024-11-25,-148,OPEN,2,189,189,L,97.0,20,1760.21,1064.32,0.11,20,ACTIVATED
4458,AW4633,VIE - CDG,2025-04-22 13:05:00,2025-04-22 15:10:00,2024-11-25,-148,OPEN,2,189,189,N,45.0,3,180.0,123.6,0.02,3,ACTIVATED
6129,AW7645,OSL - CDG,2025-04-22 14:15:00,2025-04-22 17:45:00,2024-11-25,-149,OPEN,2,189,189,L,96.0,17,1664.0,1278.19,0.09,17,ACTIVATED
4953,AW3286,CDG - TLL,2025-04-22 14:20:00,2025-04-22 19:05:00,2024-11-25,-148,OPEN,2,186,186,V,150.0,5,873.0,564.17,0.03,5,SCHEDULED
5659,AW4636,CDG - VIE,2025-04-22 15:00:00,2025-04-22 17:10:00,2024-11-25,-148,OPEN,2,189,189,T,66.0,10,590.0,266.1,0.05,10,ACTIVATED
5127,AW3289,TLL - CDG,2025-04-22 15:35:00,2025-04-22 18:25:00,2024-11-25,-148,OPEN,2,186,186,V,165.0,6,990.0,852.0,0.03,6,SCHEDULED
7067,AW3559,HEL - CDG,2025-04-22 16:35:00,2025-04-22 19:20:00,2024-11-25,-148,OPEN,2,189,189,K,144.0,60,10430.0,9113.0,0.32,60,ACTIVATED
4685,AW7648,CDG - OSL,2025-04-22 16:45:00,2025-04-22 18:25:00,2024-11-25,-148,OPEN,2,189,189,X,86.0,4,316.0,186.44,0.02,4,ACTIVATED
4053,AW4637,VIE - CDG,2025-04-22 18:00:00,2025-04-22 20:05:00,2024-11-25,-148,OPEN,2,189,189,T,60.0,2,120.0,82.4,0.01,2,ACTIVATED
379,AW3422,CDG - TLL,2025-04-22 19:00:00,2025-04-22 23:45:00,2024-11-25,-148,CANCELLED,2,186,186,,,0,0.0,0.0,0.0,0,UNAVAILABLE
4686,AW7649,OSL - CDG,2025-04-22 19:05:00,2025-04-22 22:35:00,2024-11-25,-149,OPEN,2,189,189,L,96.0,4,448.0,357.56,0.02,4,ACTIVATED
5402,AW3287,TLL - CDG,2025-04-22 20:00:00,2025-04-22 22:50:00,2024-11-25,-148,OPEN,2,186,186,V,165.0,8,1320.0,1136.0,0.04,8,SCHEDULED
378,AW7664,CDG - OSL,2025-04-22 20:45:00,2025-04-22 22:25:00,2024-11-25,-148,CANCELLED,2,189,189,,,0,0.0,0.0,0.0,0,UNAVAILABLE
5128,AW7668,CDG - OSL,2025-04-22 21:15:00,2025-04-22 22:55:00,2024-11-25,-148,OPEN,2,189,189,L,97.0,6,488.0,279.92,0.03,6,ACTIVATED
5403,AW4780,CDG - VIE,2025-04-22 21:20:00,2025-04-22 23:30:00,2024-11-25,-148,OPEN,2,189,189,T,66.0,8,408.0,148.88,0.04,8,ACTIVATED
398,AW7665,OSL - CDG,2025-04-23 06:00:00,2025-04-23 09:30:00,2024-11-25,-150,CANCELLED,2,189,189,,,0,0.0,0.0,0.0,0,UNAVAILABLE
4955,AW4781,VIE - CDG,2025-04-23 06:15:00,2025-04-23 08:20:00,2024-11-25,-149,OPEN,2,189,189,N,45.0,5,198.0,104.0,0.03,5,ACTIVATED
5407,AW7669,OSL - CDG,2025-04-23 06:30:00,2025-04-23 10:00:00,2024-11-25,-150,OPEN,2,189,189,R,69.0,8,552.0,371.12,0.04,8,ACTIVATED
391,AW3423,TLL - CDG,2025-04-23 06:45:00,2025-04-23 09:35:00,2024-11-25,-149,CANCELLED,2,186,186,,,0,0.0,0.0,0.0,0,UNAVAILABLE
5660,AW7640,CDG - OSL,2025-04-23 07:15:00,2025-04-23 08:55:00,2024-11-25,-149,OPEN,2,186,186,X,86.0,10,806.0,482.1,0.05,10,ACTIVATED
4687,AW3550,CDG - HEL,2025-04-23 08:30:00,2025-04-23 12:50:00,2024-11-25,-149,OPEN,2,189,189,X,125.0,4,774.0,630.7,0.02,4,ACTIVATED
5406,AW7641,OSL - CDG,2025-04-23 09:35:00,2025-04-23 13:05:00,2024-11-25,-150,OPEN,2,186,186,X,82.0,8,685.0,503.4,0.04,8,ACTIVATED
384,AW3284,CDG - TLL,2025-04-23 10:05:00,2025-04-23 14:50:00,2024-11-25,-149,OPEN,2,189,189,V,150.0,0,0.0,0.0,0.0,0,SCHEDULED
4057,AW4632,CDG - VIE,2025-04-23 10:15:00,2025-04-23 12:25:00,2024-11-25,-149,OPEN,2,189,189,T,66.0,2,132.0,53.48,0.01,2,ACTIVATED
385,AW3288,CDG - TLL,2025-04-23 10:55:00,2025-04-23 15:40:00,2024-11-25,-149,OPEN,2,186,186,V,150.0,0,0.0,0.0,0.0,0,SCHEDULED
387,AW7644,CDG - OSL,2025-04-23 11:50:00,2025-04-23 13:30:00,2024-11-25,-149,OPEN,2,189,189,L,97.0,0,0.0,0.0,0.0,0,ACTIVATED
4058,AW4633,VIE - CDG,2025-04-23 13:15:00,2025-04-23 15:20:00,2024-11-25,-149,OPEN,2,189,189,T,60.0,2,120.0,82.4,0.01,2,ACTIVATED
5898,AW3551,HEL - CDG,2025-04-23 13:35:00,2025-04-23 16:20:00,2024-11-25,-149,OPEN,2,189,189,K,144.0,13,2076.0,1790.65,0.07,13,ACTIVATED
397,AW7645,OSL - CDG,2025-04-23 14:10:00,2025-04-23 17:40:00,2024-11-25,-150,OPEN,2,189,189,K,111.0,0,0.0,0.0,0.0,0,ACTIVATED
383,AW3558,CDG - HEL,2025-04-23 14:20:00,2025-04-23 18:40:00,2024-11-25,-149,OPEN,2,189,189,K,154.0,0,0.0,0.0,0.0,0,ACTIVATED
4055,AW3286,CDG - TLL,2025-04-23 14:20:00,2025-04-23 19:05:00,2024-11-25,-149,OPEN,2,186,186,V,150.0,2,183.54,66.0,0.01,2,SCHEDULED
5129,AW4636,CDG - VIE,2025-04-23 14:40:00,2025-04-23 16:50:00,2024-11-25,-149,OPEN,2,189,189,T,66.0,6,404.0,195.92,0.03,6,ACTIVATED
4054,AW3285,TLL - CDG,2025-04-23 15:45:00,2025-04-23 18:35:00,2024-11-25,-149,OPEN,2,189,189,V,165.0,2,500.0,454.0,0.01,2,SCHEDULED
386,AW3289,TLL - CDG,2025-04-23 16:40:00,2025-04-23 19:30:00,2024-11-25,-149,OPEN,2,186,186,V,165.0,0,0.0,0.0,0.0,0,SCHEDULED
388,AW7646,CDG - OSL,2025-04-23 16:45:00,2025-04-23 18:25:00,2024-11-25,-149,OPEN,2,189,189,X,86.0,0,0.0,0.0,0.0,0,ACTIVATED
5405,AW4637,VIE - CDG,2025-04-23 17:40:00,2025-04-23 19:45:00,2024-11-25,-149,OPEN,2,189,189,G,52.0,8,608.0,457.6,0.04,8,ACTIVATED
390,AW3422,CDG - TLL,2025-04-23 19:00:00,2025-04-23 23:45:00,2024-11-25,-149,CANCELLED,2,186,186,,,0,0.0,0.0,0.0,0,UNAVAILABLE
4688,AW7647,OSL - CDG,2025-04-23 19:10:00,2025-04-23 22:40:00,2024-11-25,-150,OPEN,2,189,189,V,128.0,4,512.0,421.56,0.02,4,ACTIVATED
6348,AW3559,HEL - CDG,2025-04-23 19:25:00,2025-04-23 22:10:00,2024-11-25,-149,OPEN,2,189,189,K,144.0,23,3546.0,3041.15,0.12,23,ACTIVATED
4056,AW3287,TLL - CDG,2025-04-23 20:00:00,2025-04-23 22:50:00,2024-11-25,-149,OPEN,2,186,186,V,165.0,2,426.0,380.0,0.01,2,SCHEDULED
389,AW7664,CDG - OSL,2025-04-23 20:45:00,2025-04-23 22:25:00,2024-11-25,-149,CANCELLED,2,189,189,,,0,0.0,0.0,0.0,0,UNAVAILABLE
5541,AW7668,CDG - OSL,2025-04-23 21:15:00,2025-04-23 22:55:00,2024-11-25,-149,OPEN,2,189,189,R,75.0,9,612.95,307.7,0.05,9,ACTIVATED
6632,AW4780,CDG - VIE,2025-04-23 21:20:00,2025-04-23 23:30:00,2024-11-25,-149,OPEN,2,189,189,R,75.0,33,1837.0,726.91,0.17,33,ACTIVATED
404,AW7665,OSL - CDG,2025-04-24 06:00:00,2025-04-24 09:30:00,2024-11-25,-151,CANCELLED,2,189,189,,,0,0.0,0.0,0.0,0,UNAVAILABLE
4689,AW4781,VIE - CDG,2025-04-24 06:00:00,2025-04-24 08:05:00,2024-11-25,-150,OPEN,2,189,189,N,45.0,4,180.0,104.8,0.02,4,ACTIVATED
405,AW7669,OSL - CDG,2025-04-24 06:30:00,2025-04-24 10:00:00,2024-11-25,-151,OPEN,2,189,189,V,128.0,0,0.0,0.0,0.0,0,ACTIVATED
402,AW3423,TLL - CDG,2025-04-24 06:45:00,2025-04-24 09:35:00,2024-11-25,-150,CANCELLED,2,186,186,,,0,0.0,0.0,0.0,0,UNAVAILABLE
5284,AW7640,CDG - OSL,2025-04-24 07:15:00,2025-04-24 08:55:00,2024-11-25,-150,OPEN,2,186,186,X,86.0,7,591.0,336.79,0.04,7,ACTIVATED
5899,AW3550,CDG - HEL,2025-04-24 08:10:00,2025-04-24 12:30:00,2024-11-25,-150,OPEN,2,189,189,K,154.0,13,2176.0,1706.84,0.07,13,ACTIVATED
5661,AW7641,OSL - CDG,2025-04-24 09:35:00,2025-04-24 13:05:00,2024-11-25,-151,OPEN,2,186,186,X,82.0,10,878.0,650.46,0.05,10,ACTIVATED
5542,AW4632,CDG - VIE,2025-04-24 09:45:00,2025-04-24 11:55:00,2024-11-25,-150,OPEN,2,189,189,T,66.0,9,524.0,218.75,0.05,9,ACTIVATED
5751,AW4670,CDG - BUD,2025-04-24 10:05:00,2025-04-24 13:10:00,2024-11-25,-150,OPEN,2,189,99,K,117.0,11,1284.0,852.14,0.11,11,SCHEDULED
5750,AW3288,CDG - TLL,2025-04-24 11:25:00,2025-04-24 16:10:00,2024-11-25,-150,OPEN,2,186,186,L,122.0,11,1253.0,576.57,0.06,11,SCHEDULED
4459,AW7644,CDG - OSL,2025-04-24 11:50:00,2025-04-24 13:30:00,2024-11-25,-150,OPEN,2,189,189,L,97.0,3,387.0,282.96,0.02,3,ACTIVATED
3791,AW4633,VIE - CDG,2025-04-24 12:45:00,2025-04-24 14:50:00,2024-11-25,-150,OPEN,2,189,189,K,108.0,1,82.0,63.2,0.01,1,ACTIVATED
6081,AW3551,HEL - CDG,2025-04-24 13:15:00,2025-04-24 16:00:00,2024-11-25,-150,OPEN,2,189,189,H,197.0,16,2679.0,2327.8,0.08,16,ACTIVATED
5662,AW4671,BUD - CDG,2025-04-24 13:55:00,2025-04-24 18:50:00,2024-11-25,-151,OPEN,2,189,99,I,220.0,10,2389.0,2290.8,0.1,10,DEACTIVATED
403,AW7645,OSL - CDG,2025-04-24 14:15:00,2025-04-24 17:45:00,2024-11-25,-151,OPEN,2,189,189,H,165.0,0,0.0,0.0,0.0,0,ACTIVATED
400,AW4636,CDG - VIE,2025-04-24 14:30:00,2025-04-24 16:40:00,2024-11-25,-150,OPEN,2,189,189,T,66.0,0,0.0,0.0,0.0,0,ACTIVATED
4059,AW3556,CDG - HEL,2025-04-24 15:00:00,2025-04-24 19:20:00,2024-11-25,-150,OPEN,2,189,189,K,154.0,2,308.0,229.48,0.01,2,ACTIVATED
4460,AW7646,CDG - OSL,2025-04-24 15:20:00,2025-04-24 17:00:00,2024-11-25,-150,OPEN,2,189,189,K,110.0,3,323.0,212.09,0.02,3,ACTIVATED
5408,AW3289,TLL - CDG,2025-04-24 17:10:00,2025-04-24 20:00:00,2024-11-25,-150,OPEN,2,186,186,V,165.0,8,1428.0,1244.0,0.04,8,SCHEDULED
4956,AW4637,VIE - CDG,2025-04-24 17:30:00,2025-04-24 19:35:00,2024-11-25,-150,OPEN,2,189,189,K,108.0,5,488.0,394.0,0.03,5,ACTIVATED
5131,AW7647,OSL - CDG,2025-04-24 17:40:00,2025-04-24 21:10:00,2024-11-25,-151,OPEN,2,189,189,V,128.0,6,666.0,530.34,0.03,6,ACTIVATED
401,AW3422,CDG - TLL,2025-04-24 19:00:00,2025-04-24 23:45:00,2024-11-25,-150,CANCELLED,2,186,186,,,0,0.0,0.0,0.0,0,UNAVAILABLE
6484,AW3557,HEL - CDG,2025-04-24 20:05:00,2025-04-24 22:50:00,2024-11-25,-150,OPEN,2,189,189,V,160.0,28,5153.0,4538.4,0.15,28,ACTIVATED
399,AW7664,CDG - OSL,2025-04-24 20:45:00,2025-04-24 22:25:00,2024-11-25,-150,CANCELLED,2,189,189,,,0,0.0,0.0,0.0,0,UNAVAILABLE
5130,AW7668,CDG - OSL,2025-04-24 21:15:00,2025-04-24 22:55:00,2024-11-25,-150,OPEN,2,189,189,L,97.0,6,595.0,359.44,0.03,6,ACTIVATED
4060,AW4780,CDG - VIE,2025-04-24 21:15:00,2025-04-24 23:25:00,2024-11-25,-150,OPEN,2,189,189,G,58.0,2,116.0,37.48,0.01,2,ACTIVATED
421,AW7665,OSL - CDG,2025-04-25 06:00:00,2025-04-25 09:30:00,2024-11-25,-152,CANCELLED,2,189,189,,,0,0.0,0.0,0.0,0,UNAVAILABLE
7157,AW7669,OSL - CDG,2025-04-25 06:30:00,2025-04-25 10:00:00,2024-11-25,-152,OPEN,2,189,189,B,253.0,68,9082.0,7544.52,0.36,68,ACTIVATED
410,AW3423,TLL - CDG,2025-04-25 06:35:00,2025-04-25 09:25:00,2024-11-25,-151,CANCELLED,2,186,186,,,0,0.0,0.0,0.0,0,UNAVAILABLE
409,AW4781,VIE - CDG,2025-04-25 06:55:00,2025-04-25 09:00:00,2024-11-25,-151,OPEN,2,189,189,L,94.0,0,0.0,0.0,0.0,0,ACTIVATED
406,AW7640,CDG - OSL,2025-04-25 07:20:00,2025-04-25 09:00:00,2024-11-25,-151,OPEN,2,186,186,L,97.0,0,0.0,0.0,0.0,0,ACTIVATED
4061,AW3550,CDG - HEL,2025-04-25 07:30:00,2025-04-25 11:50:00,2024-11-25,-151,OPEN,2,189,189,K,154.0,2,308.0,229.48,0.01,2,ACTIVATED
4957,AW3280,CDG - TLL,2025-04-25 09:05:00,2025-04-25 13:50:00,2024-11-25,-151,OPEN,2,186,186,L,122.0,5,754.0,422.7,0.03,5,SCHEDULED
6010,AW7641,OSL - CDG,2025-04-25 09:40:00,2025-04-25 13:10:00,2024-11-25,-152,OPEN,2,186,186,Q,147.0,15,1878.22,1537.99,0.08,15,ACTIVATED
5409,AW4632,CDG - VIE,2025-04-25 10:05:00,2025-04-25 12:15:00,2024-11-25,-151,OPEN,2,189,189,R,75.0,8,554.0,267.4,0.04,8,ACTIVATED
4064,AW7644,CDG - OSL,2025-04-25 11:10:00,2025-04-25 12:50:00,2024-11-25,-151,OPEN,2,189,189,Q,141.0,2,236.0,171.22,0.01,2,ACTIVATED
6485,AW3551,HEL - CDG,2025-04-25 12:35:00,2025-04-25 15:20:00,2024-11-25,-151,OPEN,2,189,189,F,261.0,28,5521.9,4907.3,0.15,28,ACTIVATED
4461,AW4633,VIE - CDG,2025-04-25 13:05:00,2025-04-25 15:10:00,2024-11-25,-151,OPEN,2,189,189,L,94.0,3,282.0,225.6,0.02,3,ACTIVATED
4063,AW3284,CDG - TLL,2025-04-25 13:25:00,2025-04-25 18:10:00,2024-11-25,-151,OPEN,2,189,189,L,122.0,2,244.0,111.48,0.01,2,SCHEDULED
417,AW7645,OSL - CDG,2025-04-25 13:35:00,2025-04-25 17:05:00,2024-11-25,-152,OPEN,2,189,189,I,207.0,0,0.0,0.0,0.0,0,ACTIVATED
4066,AW3281,TLL - CDG,2025-04-25 14:50:00,2025-04-25 17:40:00,2024-11-25,-151,OPEN,2,186,186,H,212.0,2,424.0,378.0,0.01,2,SCHEDULED
4062,AW3558,CDG - HEL,2025-04-25 14:55:00,2025-04-25 19:15:00,2024-11-25,-151,OPEN,2,189,189,K,154.0,2,370.0,305.22,0.01,2,ACTIVATED
4065,AW4636,CDG - VIE,2025-04-25 14:55:00,2025-04-25 17:05:00,2024-11-25,-151,OPEN,2,189,189,X,86.0,2,136.0,71.22,0.01,2,ACTIVATED
3792,AW7648,CDG - OSL,2025-04-25 16:25:00,2025-04-25 18:05:00,2024-11-25,-151,OPEN,2,189,189,V,125.0,1,118.0,85.61,0.01,1,ACTIVATED
4068,AW4637,VIE - CDG,2025-04-25 17:55:00,2025-04-25 20:00:00,2024-11-25,-151,OPEN,2,189,189,K,108.0,2,248.0,210.4,0.01,2,ACTIVATED
418,AW7649,OSL - CDG,2025-04-25 18:45:00,2025-04-25 22:15:00,2024-11-25,-152,OPEN,2,189,189,M,185.0,0,0.0,0.0,0.0,0,ACTIVATED
411,AW3422,CDG - TLL,2025-04-25 19:00:00,2025-04-25 23:45:00,2024-11-25,-151,CANCELLED,2,186,186,,,0,0.0,0.0,0.0,0,UNAVAILABLE
4067,AW3285,TLL - CDG,2025-04-25 19:05:00,2025-04-25 21:55:00,2024-11-25,-151,OPEN,2,189,189,H,212.0,2,520.0,474.0,0.01,2,SCHEDULED
5752,AW3559,HEL - CDG,2025-04-25 20:00:00,2025-04-25 22:45:00,2024-11-25,-151,OPEN,2,189,189,M,217.0,11,2655.0,2413.55,0.06,11,ACTIVATED
407,AW7664,CDG - OSL,2025-04-25 20:45:00,2025-04-25 22:25:00,2024-11-25,-151,CANCELLED,2,189,189,,,0,0.0,0.0,0.0,0,UNAVAILABLE
5410,AW4780,CDG - VIE,2025-04-25 21:10:00,2025-04-25 23:20:00,2024-11-25,-151,OPEN,2,189,189,T,66.0,8,738.0,465.14,0.04,8,ACTIVATED
408,AW7668,CDG - OSL,2025-04-25 21:15:00,2025-04-25 22:55:00,2024-11-25,-151,OPEN,2,189,189,K,110.0,0,0.0,0.0,0.0,0,ACTIVATED
433,AW7665,OSL - CDG,2025-04-26 05:55:00,2025-04-26 09:25:00,2024-11-25,-153,CANCELLED,2,189,189,,,0,0.0,0.0,0.0,0,UNAVAILABLE
419,AW4781,VIE - CDG,2025-04-26 06:00:00,2025-04-26 08:05:00,2024-11-25,-152,OPEN,2,189,189,V,124.0,0,0.0,0.0,0.0,0,ACTIVATED
5900,AW4670,CDG - BUD,2025-04-26 06:15:00,2025-04-26 09:20:00,2024-11-25,-152,OPEN,2,186,116,K,117.0,13,1731.0,1275.58,0.11,13,SCHEDULED
428,AW7669,OSL - CDG,2025-04-26 06:25:00,2025-04-26 09:55:00,2024-11-25,-153,OPEN,2,189,189,Q,147.0,0,0.0,0.0,0.0,0,ACTIVATED
420,AW3423,TLL - CDG,2025-04-26 06:45:00,2025-04-26 09:35:00,2024-11-25,-152,CANCELLED,2,186,186,,,0,0.0,0.0,0.0,0,UNAVAILABLE
6211,AW3550,CDG - HEL,2025-04-26 08:35:00,2025-04-26 12:55:00,2024-11-25,-152,OPEN,2,189,189,H,211.0,19,4240.0,3597.11,0.1,19,ACTIVATED
5824,AW3280,CDG - TLL,2025-04-26 09:00:00,2025-04-26 13:45:00,2024-11-25,-152,OPEN,2,189,189,K,135.0,12,1495.0,737.33,0.06,12,SCHEDULED
6541,AW4671,BUD - CDG,2025-04-26 10:05:00,2025-04-26 15:00:00,2024-11-25,-153,OPEN,2,186,99,Z,413.0,30,10948.0,10653.4,0.3,30,DEACTIVATED
5132,AW4636,CDG - VIE,2025-04-26 10:10:00,2025-04-26 12:20:00,2024-11-25,-152,OPEN,2,189,189,R,75.0,6,354.0,159.66,0.03,6,ACTIVATED
5753,AW3288,CDG - TLL,2025-04-26 10:15:00,2025-04-26 15:00:00,2024-11-25,-152,OPEN,2,186,186,K,135.0,11,1331.03,632.13,0.06,11,SCHEDULED
412,AW7644,CDG - OSL,2025-04-26 10:20:00,2025-04-26 12:00:00,2024-11-25,-152,OPEN,2,189,189,K,110.0,0,0.0,0.0,0.0,0,ACTIVATED
426,AW7645,OSL - CDG,2025-04-26 12:40:00,2025-04-26 16:10:00,2024-11-25,-153,OPEN,2,189,189,I,207.0,0,0.0,0.0,0.0,0,ACTIVATED
4070,AW4637,VIE - CDG,2025-04-26 13:10:00,2025-04-26 15:15:00,2024-11-25,-152,OPEN,2,189,189,K,108.0,2,300.0,262.4,0.01,2,ACTIVATED
416,AW4634,CDG - VIE,2025-04-26 13:35:00,2025-04-26 15:45:00,2024-11-25,-152,OPEN,2,189,189,R,75.0,0,0.0,0.0,0.0,0,ACTIVATED
6011,AW3551,HEL - CDG,2025-04-26 13:40:00,2025-04-26 16:25:00,2024-11-25,-152,OPEN,2,189,189,D,310.0,15,4264.0,3934.75,0.08,15,ACTIVATED
5663,AW3281,TLL - CDG,2025-04-26 14:40:00,2025-04-26 17:30:00,2024-11-25,-152,OPEN,2,189,189,H,212.0,10,2120.0,1890.0,0.05,10,SCHEDULED
413,AW7658,CDG - OSL,2025-04-26 15:20:00,2025-04-26 17:00:00,2024-11-25,-152,OPEN,2,189,189,K,110.0,0,0.0,0.0,0.0,0,ACTIVATED
5411,AW3289,TLL - CDG,2025-04-26 16:00:00,2025-04-26 18:50:00,2024-11-25,-152,OPEN,2,186,186,H,212.0,8,1384.0,1200.0,0.04,8,SCHEDULED
4959,AW4635,VIE - CDG,2025-04-26 16:40:00,2025-04-26 18:45:00,2024-11-25,-152,OPEN,2,189,189,Q,141.0,5,225.2,131.2,0.03,5,ACTIVATED
4069,AW7646,CDG - OSL,2025-04-26 16:45:00,2025-04-26 18:25:00,2024-11-25,-152,OPEN,2,186,186,L,97.0,2,194.0,115.48,0.01,2,ACTIVATED
4462,AW7659,OSL - CDG,2025-04-26 17:40:00,2025-04-26 21:10:00,2024-11-25,-153,OPEN,2,189,189,I,207.0,3,747.0,678.63,0.02,3,ACTIVATED
422,AW3422,CDG - TLL,2025-04-26 19:00:00,2025-04-26 23:45:00,2024-11-25,-152,CANCELLED,2,186,186,,,0,0.0,0.0,0.0,0,UNAVAILABLE
427,AW7647,OSL - CDG,2025-04-26 19:05:00,2025-04-26 22:35:00,2024-11-25,-153,OPEN,2,186,186,I,207.0,0,0.0,0.0,0.0,0,ACTIVATED
414,AW7664,CDG - OSL,2025-04-26 20:45:00,2025-04-26 22:25:00,2024-11-25,-152,CANCELLED,2,189,189,,,0,0.0,0.0,0.0,0,UNAVAILABLE
415,AW7668,CDG - OSL,2025-04-26 21:15:00,2025-04-26 22:55:00,2024-11-25,-152,OPEN,2,189,189,V,125.0,0,0.0,0.0,0.0,0,ACTIVATED
4958,AW4780,CDG - VIE,2025-04-26 21:15:00,2025-04-26 23:25:00,2024-11-25,-152,OPEN,2,189,189,R,75.0,5,220.0,58.05,0.03,5,ACTIVATED
431,AW4781,VIE - CDG,2025-04-27 06:00:00,2025-04-27 08:05:00,2024-11-25,-153,OPEN,2,189,189,V,124.0,0,0.0,0.0,0.0,0,ACTIVATED
5133,AW7669,OSL - CDG,2025-04-27 06:00:00,2025-04-27 09:30:00,2024-11-25,-154,OPEN,2,189,189,H,165.0,6,661.83,526.17,0.03,6,ACTIVATED
447,AW7665,OSL - CDG,2025-04-27 06:30:00,2025-04-27 10:00:00,2024-11-25,-154,CANCELLED,2,189,189,,,0,0.0,0.0,0.0,0,UNAVAILABLE
432,AW3423,TLL - CDG,2025-04-27 07:00:00,2025-04-27 09:50:00,2024-11-25,-153,CANCELLED,2,186,186,,,0,0.0,0.0,0.0,0,UNAVAILABLE
4692,AW7640,CDG - OSL,2025-04-27 07:20:00,2025-04-27 09:00:00,2024-11-25,-153,OPEN,2,189,189,V,125.0,4,500.0,342.96,0.02,4,ACTIVATED
5543,AW3280,CDG - TLL,2025-04-27 08:05:00,2025-04-27 12:50:00,2024-11-25,-153,OPEN,2,189,189,L,122.0,9,1091.0,502.15,0.05,9,SCHEDULED
441,AW7641,OSL - CDG,2025-04-27 09:40:00,2025-04-27 13:10:00,2024-11-25,-154,OPEN,2,189,189,M,185.0,0,0.0,0.0,0.0,0,ACTIVATED
3793,AW7658,CDG - OSL,2025-04-27 10:20:00,2025-04-27 12:00:00,2024-11-25,-153,OPEN,2,189,189,L,97.0,1,167.0,127.74,0.01,1,ACTIVATED
425,AW4638,CDG - VIE,2025-04-27 10:55:00,2025-04-27 13:05:00,2024-11-25,-153,OPEN,2,189,189,T,66.0,0,0.0,0.0,0.0,0,ACTIVATED
4691,AW3288,CDG - TLL,2025-04-27 10:55:00,2025-04-27 15:40:00,2024-11-25,-153,OPEN,2,186,186,L,122.0,4,515.0,272.43,0.02,4,SCHEDULED
442,AW7659,OSL - CDG,2025-04-27 12:40:00,2025-04-27 16:10:00,2024-11-25,-154,OPEN,2,189,189,I,207.0,0,0.0,0.0,0.0,0,ACTIVATED
4463,AW3281,TLL - CDG,2025-04-27 13:45:00,2025-04-27 16:35:00,2024-11-25,-153,OPEN,2,189,189,M,239.0,3,717.0,648.0,0.02,3,SCHEDULED
430,AW4639,VIE - CDG,2025-04-27 13:55:00,2025-04-27 16:00:00,2024-11-25,-153,OPEN,2,189,189,Q,141.0,0,0.0,0.0,0.0,0,ACTIVATED
4960,AW4636,CDG - VIE,2025-04-27 14:35:00,2025-04-27 16:45:00,2024-11-25,-153,OPEN,2,189,189,X,86.0,5,313.0,144.18,0.03,5,ACTIVATED
4690,AW3556,CDG - HEL,2025-04-27 14:45:00,2025-04-27 19:05:00,2024-11-25,-153,OPEN,2,189,183,K,154.0,4,678.0,534.7,0.02,4,ACTIVATED
423,AW3558,CDG - HEL,2025-04-27 15:00:00,2025-04-27 19:20:00,2024-11-25,-153,OPEN,2,189,189,K,154.0,0,0.0,0.0,0.0,0,ACTIVATED
429,AW3289,TLL - CDG,2025-04-27 16:40:00,2025-04-27 19:30:00,2024-11-25,-153,OPEN,2,186,186,M,239.0,0,0.0,0.0,0.0,0,SCHEDULED
5412,AW7646,CDG - OSL,2025-04-27 16:45:00,2025-04-27 18:25:00,2024-11-25,-153,OPEN,2,189,189,K,110.0,8,866.0,565.66,0.04,8,ACTIVATED
4694,AW4637,VIE - CDG,2025-04-27 17:30:00,2025-04-27 19:35:00,2024-11-25,-153,OPEN,2,189,189,V,124.0,4,404.0,328.8,0.02,4,ACTIVATED
434,AW3422,CDG - TLL,2025-04-27 19:00:00,2025-04-27 23:45:00,2024-11-25,-153,CANCELLED,2,186,186,,,0,0.0,0.0,0.0,0,UNAVAILABLE
4073,AW7647,OSL - CDG,2025-04-27 19:05:00,2025-04-27 22:35:00,2024-11-25,-154,OPEN,2,189,189,I,207.0,2,506.0,460.78,0.01,2,ACTIVATED
5754,AW3557,HEL - CDG,2025-04-27 19:50:00,2025-04-27 22:35:00,2024-11-25,-153,OPEN,2,189,189,I,239.0,11,2673.0,2431.55,0.06,11,ACTIVATED
4693,AW3559,HEL - CDG,2025-04-27 20:05:00,2025-04-27 22:50:00,2024-11-25,-153,OPEN,2,189,189,F,261.0,4,938.0,850.2,0.02,4,ACTIVATED
424,AW7664,CDG - OSL,2025-04-27 20:45:00,2025-04-27 22:25:00,2024-11-25,-153,CANCELLED,2,189,189,,,0,0.0,0.0,0.0,0,UNAVAILABLE
6285,AW7668,CDG - OSL,2025-04-27 21:15:00,2025-04-27 22:55:00,2024-11-25,-153,OPEN,2,189,189,V,125.0,21,2625.0,1800.54,0.11,21,ACTIVATED
5544,AW4780,CDG - VIE,2025-04-27 21:25:00,2025-04-27 23:35:00,2024-11-25,-153,OPEN,2,189,189,T,66.0,9,580.0,240.4,0.05,9,ACTIVATED
4696,AW7669,OSL - CDG,2025-04-28 05:55:00,2025-04-28 09:25:00,2024-11-25,-155,OPEN,2,189,189,V,128.0,4,222.44,132.0,0.02,4,ACTIVATED
3794,AW4781,VIE - CDG,2025-04-28 06:00:00,2025-04-28 08:05:00,2024-11-25,-154,OPEN,2,189,189,L,94.0,1,94.0,75.2,0.01,1,ACTIVATED
459,AW7665,OSL - CDG,2025-04-28 06:30:00,2025-04-28 10:00:00,2024-11-25,-155,CANCELLED,2,189,189,,,0,0.0,0.0,0.0,0,UNAVAILABLE
446,AW3423,TLL - CDG,2025-04-28 06:45:00,2025-04-28 09:35:00,2024-11-25,-154,CANCELLED,2,186,186,,,0,0.0,0.0,0.0,0,UNAVAILABLE
436,AW7640,CDG - OSL,2025-04-28 07:15:00,2025-04-28 08:55:00,2024-11-25,-154,OPEN,2,189,189,X,86.0,0,0.0,0.0,0.0,0,ACTIVATED
4071,AW3284,CDG - TLL,2025-04-28 07:45:00,2025-04-28 12:30:00,2024-11-25,-154,OPEN,2,189,189,L,122.0,2,230.0,112.46,0.01,2,SCHEDULED
6130,AW3550,CDG - HEL,2025-04-28 08:20:00,2025-04-28 12:40:00,2024-11-25,-154,OPEN,2,189,189,K,154.0,17,3342.0,2743.28,0.09,17,ACTIVATED
4076,AW7641,OSL - CDG,2025-04-28 09:35:00,2025-04-28 13:05:00,2024-11-25,-155,OPEN,2,189,189,Q,147.0,2,294.0,248.78,0.01,2,ACTIVATED
6953,AW4632,CDG - VIE,2025-04-28 10:05:00,2025-04-28 12:15:00,2024-11-25,-154,OPEN,2,189,189,L,97.0,51,3699.03,2047.14,0.27,51,ACTIVATED
435,AW3280,CDG - TLL,2025-04-28 10:10:00,2025-04-28 14:55:00,2024-11-25,-154,OPEN,2,186,186,L,122.0,0,0.0,0.0,0.0,0,SCHEDULED
437,AW7644,CDG - OSL,2025-04-28 11:10:00,2025-04-28 12:50:00,2024-11-25,-154,OPEN,2,189,189,X,86.0,0,0.0,0.0,0.0,0,ACTIVATED
444,AW4633,VIE - CDG,2025-04-28 13:05:00,2025-04-28 15:10:00,2024-11-25,-154,OPEN,2,189,189,L,94.0,0,0.0,0.0,0.0,0,ACTIVATED
4465,AW3285,TLL - CDG,2025-04-28 13:25:00,2025-04-28 16:15:00,2024-11-25,-154,OPEN,2,189,189,Q,188.0,3,708.0,639.0,0.02,3,SCHEDULED
5755,AW3551,HEL - CDG,2025-04-28 13:25:00,2025-04-28 16:10:00,2024-11-25,-154,OPEN,2,189,189,X,116.0,11,1639.0,1397.55,0.06,11,ACTIVATED
457,AW7645,OSL - CDG,2025-04-28 13:35:00,2025-04-28 17:05:00,2024-11-25,-155,OPEN,2,189,175,Q,147.0,0,0.0,0.0,0.0,0,ACTIVATED
440,AW4634,CDG - VIE,2025-04-28 14:30:00,2025-04-28 16:40:00,2024-11-25,-154,OPEN,2,189,189,X,86.0,0,0.0,0.0,0.0,0,ACTIVATED
4695,AW3558,CDG - HEL,2025-04-28 14:55:00,2025-04-28 19:15:00,2024-11-25,-154,OPEN,2,189,189,K,154.0,4,438.78,295.48,0.02,4,ACTIVATED
443,AW3281,TLL - CDG,2025-04-28 15:55:00,2025-04-28 18:45:00,2024-11-25,-154,OPEN,2,186,186,Q,188.0,0,0.0,0.0,0.0,0,SCHEDULED
438,AW7648,CDG - OSL,2025-04-28 16:50:00,2025-04-28 18:30:00,2024-11-25,-154,OPEN,2,189,189,X,86.0,0,0.0,0.0,0.0,0,ACTIVATED
445,AW4635,VIE - CDG,2025-04-28 17:30:00,2025-04-28 19:35:00,2024-11-25,-154,OPEN,2,189,189,K,108.0,0,0.0,0.0,0.0,0,ACTIVATED
448,AW3422,CDG - TLL,2025-04-28 19:00:00,2025-04-28 23:45:00,2024-11-25,-154,CANCELLED,2,186,186,,,0,0.0,0.0,0.0,0,UNAVAILABLE
458,AW7649,OSL - CDG,2025-04-28 19:10:00,2025-04-28 22:40:00,2024-11-25,-155,OPEN,2,189,189,Q,147.0,0,0.0,0.0,0.0,0,ACTIVATED
4464,AW3559,HEL - CDG,2025-04-28 20:00:00,2025-04-28 22:45:00,2024-11-25,-154,OPEN,2,189,189,X,116.0,3,448.0,382.15,0.02,3,ACTIVATED
439,AW7664,CDG - OSL,2025-04-28 20:45:00,2025-04-28 22:25:00,2024-11-25,-154,CANCELLED,2,189,189,,,0,0.0,0.0,0.0,0,UNAVAILABLE
7099,AW7668,CDG - OSL,2025-04-28 21:15:00,2025-04-28 22:55:00,2024-11-25,-154,OPEN,2,189,189,K,110.0,63,5847.0,3751.47,0.33,63,ACTIVATED
4072,AW4780,CDG - VIE,2025-04-28 21:20:00,2025-04-28 23:30:00,2024-11-25,-154,OPEN,2,189,189,X,86.0,2,102.0,37.22,0.01,2,ACTIVATED
465,AW7669,OSL - CDG,2025-04-29 06:00:00,2025-04-29 09:30:00,2024-11-25,-156,OPEN,2,189,189,T,57.0,0,0.0,0.0,0.0,0,ACTIVATED
5416,AW4781,VIE - CDG,2025-04-29 06:00:00,2025-04-29 08:05:00,2024-11-25,-155,OPEN,2,189,189,X,82.0,8,554.0,403.6,0.04,8,ACTIVATED
6131,AW4670,CDG - BUD,2025-04-29 06:15:00,2025-04-29 09:20:00,2024-11-25,-155,OPEN,2,189,99,X,90.0,17,1312.0,706.41,0.17,17,SCHEDULED
464,AW7665,OSL - CDG,2025-04-29 06:30:00,2025-04-29 10:00:00,2024-11-25,-156,CANCELLED,2,189,189,,,0,0.0,0.0,0.0,0,UNAVAILABLE
461,AW3423,TLL - CDG,2025-04-29 06:45:00,2025-04-29 09:35:00,2024-11-25,-155,CANCELLED,2,186,186,,,0,0.0,0.0,0.0,0,UNAVAILABLE
452,AW7640,CDG - OSL,2025-04-29 07:15:00,2025-04-29 08:55:00,2024-11-25,-155,OPEN,2,189,136,X,86.0,0,0.0,0.0,0.0,0,ACTIVATED
462,AW7641,OSL - CDG,2025-04-29 09:35:00,2025-04-29 13:05:00,2024-11-25,-156,OPEN,2,189,136,V,128.0,0,0.0,0.0,0.0,0,ACTIVATED
451,AW3288,CDG - TLL,2025-04-29 09:50:00,2025-04-29 14:35:00,2024-11-25,-155,OPEN,2,186,186,V,150.0,0,0.0,0.0,0.0,0,SCHEDULED
455,AW4632,CDG - VIE,2025-04-29 10:05:00,2025-04-29 12:15:00,2024-11-25,-155,OPEN,2,189,189,X,86.0,0,0.0,0.0,0.0,0,ACTIVATED
5664,AW4671,BUD - CDG,2025-04-29 10:05:00,2025-04-29 15:00:00,2024-11-25,-156,OPEN,2,189,99,K,114.0,10,1312.0,1213.8,0.1,10,DEACTIVATED
449,AW3558,CDG - HEL,2025-04-29 11:30:00,2025-04-29 15:50:00,2024-11-25,-155,OPEN,2,189,189,K,154.0,0,0.0,0.0,0.0,0,ACTIVATED
5415,AW7644,CDG - OSL,2025-04-29 11:50:00,2025-04-29 13:30:00,2024-11-25,-155,OPEN,2,189,189,L,97.0,8,1034.0,774.88,0.04,8,ACTIVATED
5825,AW4633,VIE - CDG,2025-04-29 13:05:00,2025-04-29 15:10:00,2024-11-25,-155,OPEN,2,189,189,K,108.0,12,720.0,494.4,0.06,12,ACTIVATED
463,AW7645,OSL - CDG,2025-04-29 14:15:00,2025-04-29 17:45:00,2024-11-25,-156,OPEN,2,189,189,X,82.0,0,0.0,0.0,0.0,0,ACTIVATED
450,AW3286,CDG - TLL,2025-04-29 14:20:00,2025-04-29 19:05:00,2024-11-25,-155,OPEN,2,186,186,V,150.0,0,0.0,0.0,0.0,0,SCHEDULED
4075,AW4636,CDG - VIE,2025-04-29 15:00:00,2025-04-29 17:10:00,2024-11-25,-155,OPEN,2,189,189,X,86.0,2,64.78,0.0,0.01,2,ACTIVATED
4074,AW3289,TLL - CDG,2025-04-29 15:35:00,2025-04-29 18:25:00,2024-11-25,-155,OPEN,2,186,186,K,144.0,2,384.0,338.0,0.01,2,SCHEDULED
5413,AW3559,HEL - CDG,2025-04-29 16:35:00,2025-04-29 19:20:00,2024-11-25,-155,OPEN,2,189,189,X,116.0,8,1316.0,1140.4,0.04,8,ACTIVATED
5285,AW7648,CDG - OSL,2025-04-29 16:45:00,2025-04-29 18:25:00,2024-11-25,-155,OPEN,2,189,189,X,86.0,7,623.0,368.79,0.04,7,ACTIVATED
5134,AW4637,VIE - CDG,2025-04-29 18:00:00,2025-04-29 20:05:00,2024-11-25,-155,OPEN,2,189,189,X,82.0,6,334.0,221.2,0.03,6,ACTIVATED
460,AW3422,CDG - TLL,2025-04-29 19:00:00,2025-04-29 23:45:00,2024-11-25,-155,CANCELLED,2,186,186,,,0,0.0,0.0,0.0,0,UNAVAILABLE
6212,AW7649,OSL - CDG,2025-04-29 19:05:00,2025-04-29 22:35:00,2024-11-25,-156,OPEN,2,189,189,X,82.0,19,1522.22,1092.63,0.1,19,ACTIVATED
5414,AW3287,TLL - CDG,2025-04-29 20:00:00,2025-04-29 22:50:00,2024-11-25,-155,OPEN,2,186,186,X,109.0,8,1160.0,976.0,0.04,8,SCHEDULED
453,AW7664,CDG - OSL,2025-04-29 20:45:00,2025-04-29 22:25:00,2024-11-25,-155,CANCELLED,2,189,189,,,0,0.0,0.0,0.0,0,UNAVAILABLE
454,AW7668,CDG - OSL,2025-04-29 21:15:00,2025-04-29 22:55:00,2024-11-25,-155,OPEN,2,189,189,X,86.0,0,0.0,0.0,0.0,0,ACTIVATED
456,AW4780,CDG - VIE,2025-04-29 21:20:00,2025-04-29 23:30:00,2024-11-25,-155,OPEN,2,189,189,X,86.0,0,0.0,0.0,0.0,0,ACTIVATED
474,AW7665,OSL - CDG,2025-04-30 06:00:00,2025-04-30 09:30:00,2024-11-25,-157,CANCELLED,2,189,189,,,0,0.0,0.0,0.0,0,UNAVAILABLE
5418,AW4781,VIE - CDG,2025-04-30 06:15:00,2025-04-30 08:20:00,2024-11-25,-156,OPEN,2,189,189,K,108.0,8,752.0,601.6,0.04,8,ACTIVATED
4080,AW7669,OSL - CDG,2025-04-30 06:30:00,2025-04-30 10:00:00,2024-11-25,-157,OPEN,2,189,189,X,82.0,2,164.0,118.78,0.01,2,ACTIVATED
472,AW3423,TLL - CDG,2025-04-30 06:45:00,2025-04-30 09:35:00,2024-11-25,-156,CANCELLED,2,186,186,,,0,0.0,0.0,0.0,0,UNAVAILABLE
467,AW7640,CDG - OSL,2025-04-30 07:15:00,2025-04-30 08:55:00,2024-11-25,-156,OPEN,2,186,186,L,97.0,0,0.0,0.0,0.0,0,ACTIVATED
4961,AW3550,CDG - HEL,2025-04-30 08:30:00,2025-04-30 12:50:00,2024-11-25,-156,OPEN,2,189,189,M,232.0,5,1213.0,1037.31,0.03,5,ACTIVATED
5135,AW7641,OSL - CDG,2025-04-30 09:35:00,2025-04-30 13:05:00,2024-11-25,-157,OPEN,2,186,186,L,96.0,6,502.61,366.95,0.03,6,ACTIVATED
5286,AW3284,CDG - TLL,2025-04-30 10:05:00,2025-04-30 14:50:00,2024-11-25,-156,OPEN,2,189,189,H,192.0,7,1224.31,782.96,0.04,7,SCHEDULED
469,AW4632,CDG - VIE,2025-04-30 10:15:00,2025-04-30 12:25:00,2024-11-25,-156,OPEN,2,189,189,L,97.0,0,0.0,0.0,0.0,0,ACTIVATED
4078,AW3288,CDG - TLL,2025-04-30 10:55:00,2025-04-30 15:40:00,2024-11-25,-156,OPEN,2,186,186,H,192.0,2,172.65,55.11,0.01,2,SCHEDULED
4962,AW7644,CDG - OSL,2025-04-30 11:50:00,2025-04-30 13:30:00,2024-11-25,-156,OPEN,2,189,189,K,110.0,5,814.0,645.18,0.03,5,ACTIVATED
470,AW4633,VIE - CDG,2025-04-30 13:15:00,2025-04-30 15:20:00,2024-11-25,-156,OPEN,2,189,189,K,108.0,0,0.0,0.0,0.0,0,ACTIVATED
5826,AW3551,HEL - CDG,2025-04-30 13:35:00,2025-04-30 16:20:00,2024-11-25,-156,OPEN,2,189,189,X,116.0,12,1804.0,1540.6,0.06,12,ACTIVATED
4079,AW7645,OSL - CDG,2025-04-30 14:10:00,2025-04-30 17:40:00,2024-11-25,-157,OPEN,2,189,189,X,82.0,2,778.0,732.78,0.01,2,ACTIVATED
6082,AW3558,CDG - HEL,2025-04-30 14:20:00,2025-04-30 18:40:00,2024-11-25,-156,OPEN,2,189,189,Q,192.0,16,3463.0,2910.41,0.08,16,ACTIVATED
466,AW3286,CDG - TLL,2025-04-30 14:20:00,2025-04-30 19:05:00,2024-11-25,-156,OPEN,2,186,186,H,192.0,0,0.0,0.0,0.0,0,SCHEDULED
5417,AW4636,CDG - VIE,2025-04-30 14:40:00,2025-04-30 16:50:00,2024-11-25,-156,OPEN,2,189,189,X,86.0,8,682.0,395.4,0.04,8,ACTIVATED
4466,AW3285,TLL - CDG,2025-04-30 15:45:00,2025-04-30 18:35:00,2024-11-25,-156,OPEN,2,189,189,X,109.0,3,471.0,402.0,0.02,3,SCHEDULED
4467,AW3289,TLL - CDG,2025-04-30 16:40:00,2025-04-30 19:30:00,2024-11-25,-156,OPEN,2,186,186,X,109.0,3,311.0,242.0,0.02,3,SCHEDULED
4963,AW7646,CDG - OSL,2025-04-30 16:45:00,2025-04-30 18:25:00,2024-11-25,-156,OPEN,2,189,189,L,97.0,5,485.0,288.7,0.03,5,ACTIVATED
4697,AW4637,VIE - CDG,2025-04-30 17:40:00,2025-04-30 19:45:00,2024-11-25,-156,OPEN,2,189,189,K,108.0,4,498.0,422.8,0.02,4,ACTIVATED
471,AW3422,CDG - TLL,2025-04-30 19:00:00,2025-04-30 23:45:00,2024-11-25,-156,CANCELLED,2,186,186,,,0,0.0,0.0,0.0,0,UNAVAILABLE
473,AW7647,OSL - CDG,2025-04-30 19:10:00,2025-04-30 22:40:00,2024-11-25,-157,OPEN,2,189,189,R,69.0,0,0.0,0.0,0.0,0,ACTIVATED
4077,AW3559,HEL - CDG,2025-04-30 19:25:00,2025-04-30 22:10:00,2024-11-25,-156,OPEN,2,189,189,X,116.0,2,232.0,188.1,0.01,2,ACTIVATED
5287,AW3287,TLL - CDG,2025-04-30 20:00:00,2025-04-30 22:50:00,2024-11-25,-156,OPEN,2,186,186,X,109.0,7,710.0,549.0,0.04,7,SCHEDULED
468,AW7664,CDG - OSL,2025-04-30 20:45:00,2025-04-30 22:25:00,2024-11-25,-156,CANCELLED,2,189,189,,,0,0.0,0.0,0.0,0,UNAVAILABLE
5288,AW7668,CDG - OSL,2025-04-30 21:15:00,2025-04-30 22:55:00,2024-11-25,-156,OPEN,2,189,189,V,125.0,7,1407.0,1180.27,0.04,7,ACTIVATED
5289,AW4780,CDG - VIE,2025-04-30 21:20:00,2025-04-30 23:30:00,2024-11-25,-156,OPEN,2,189,189,L,97.0,7,581.0,326.79,0.04,7,ACTIVATED
6600,AW4781,VIE - CDG,2025-05-01 06:00:00,2025-05-01 08:05:00,2024-11-25,-157,OPEN,2,189,189,Q,141.0,32,3302.0,2700.4,0.17,32,ACTIVATED
483,AW7665,OSL - CDG,2025-05-01 06:00:00,2025-05-01 09:30:00,2024-11-25,-158,CANCELLED,2,189,189,,,0,0.0,0.0,0.0,0,UNAVAILABLE
5665,AW7669,OSL - CDG,2025-05-01 06:30:00,2025-05-01 10:00:00,2024-11-25,-158,OPEN,2,189,189,L,96.0,10,960.0,733.36,0.05,10,ACTIVATED
480,AW3423,TLL - CDG,2025-05-01 06:45:00,2025-05-01 09:35:00,2024-11-25,-157,CANCELLED,2,186,186,,,0,0.0,0.0,0.0,0,UNAVAILABLE
6852,AW7640,CDG - OSL,2025-05-01 07:15:00,2025-05-01 08:55:00,2024-11-25,-157,OPEN,2,186,186,K,110.0,45,4780.0,3040.78,0.24,45,ACTIVATED
6677,AW3550,CDG - HEL,2025-05-01 08:10:00,2025-05-01 12:30:00,2024-11-25,-157,OPEN,2,189,189,Q,192.0,35,6708.78,5458.34,0.19,35,ACTIVATED
5136,AW7641,OSL - CDG,2025-05-01 09:35:00,2025-05-01 13:05:00,2024-11-25,-158,OPEN,2,186,186,X,82.0,6,492.0,355.62,0.03,6,ACTIVATED
6377,AW4632,CDG - VIE,2025-05-01 09:45:00,2025-05-01 11:55:00,2024-11-25,-157,OPEN,2,189,189,K,110.0,24,2732.0,1844.72,0.13,24,ACTIVATED
6213,AW4670,CDG - BUD,2025-05-01 10:05:00,2025-05-01 13:10:00,2024-11-25,-157,OPEN,2,189,99,L,102.0,19,2169.0,1471.15,0.19,19,SCHEDULED
4699,AW3288,CDG - TLL,2025-05-01 11:25:00,2025-05-01 16:10:00,2024-11-25,-157,OPEN,2,186,186,I,242.0,4,1328.0,1077.94,0.02,4,SCHEDULED
6464,AW7644,CDG - OSL,2025-05-01 11:50:00,2025-05-01 13:30:00,2024-11-25,-157,OPEN,2,189,189,K,110.0,27,2778.52,1773.46,0.14,27,ACTIVATED
6402,AW4633,VIE - CDG,2025-05-01 12:45:00,2025-05-01 14:50:00,2024-11-25,-157,OPEN,2,189,189,Q,141.0,25,2432.0,1962.0,0.13,25,ACTIVATED
4698,AW3551,HEL - CDG,2025-05-01 13:15:00,2025-05-01 16:00:00,2024-11-25,-157,OPEN,2,189,189,K,144.0,4,808.0,720.2,0.02,4,ACTIVATED
6012,AW4671,BUD - CDG,2025-05-01 13:55:00,2025-05-01 18:50:00,2024-11-25,-158,OPEN,2,189,99,V,132.0,15,1787.0,1639.7,0.15,15,DEACTIVATED
481,AW7645,OSL - CDG,2025-05-01 14:15:00,2025-05-01 17:45:00,2024-11-25,-158,OPEN,2,189,189,Q,147.0,0,0.0,0.0,0.0,0,ACTIVATED
4964,AW4636,CDG - VIE,2025-05-01 14:30:00,2025-05-01 16:40:00,2024-11-25,-157,OPEN,2,189,189,K,110.0,5,475.26,292.7,0.03,5,ACTIVATED
475,AW3556,CDG - HEL,2025-05-01 15:00:00,2025-05-01 19:20:00,2024-11-25,-157,CANCELLED,2,189,189,,,0,0.0,0.0,0.0,0,UNAVAILABLE
5419,AW7646,CDG - OSL,2025-05-01 15:20:00,2025-05-01 17:00:00,2024-11-25,-157,OPEN,2,189,189,X,86.0,8,705.0,397.79,0.04,8,ACTIVATED
5290,AW3289,TLL - CDG,2025-05-01 17:10:00,2025-05-01 20:00:00,2024-11-25,-157,OPEN,2,186,186,X,109.0,7,933.0,772.0,0.04,7,SCHEDULED
4081,AW4637,VIE - CDG,2025-05-01 17:30:00,2025-05-01 19:35:00,2024-11-25,-157,OPEN,2,189,189,V,124.0,2,216.0,178.4,0.01,2,ACTIVATED
482,AW7647,OSL - CDG,2025-05-01 17:40:00,2025-05-01 21:10:00,2024-11-25,-158,OPEN,2,189,189,H,165.0,0,0.0,0.0,0.0,0,ACTIVATED
479,AW3422,CDG - TLL,2025-05-01 19:00:00,2025-05-01 23:45:00,2024-11-25,-157,CANCELLED,2,186,186,,,0,0.0,0.0,0.0,0,UNAVAILABLE
476,AW3557,HEL - CDG,2025-05-01 20:05:00,2025-05-01 22:50:00,2024-11-25,-157,CANCELLED,2,189,189,,,0,0.0,0.0,0.0,0,UNAVAILABLE
477,AW7664,CDG - OSL,2025-05-01 20:45:00,2025-05-01 22:25:00,2024-11-25,-157,CANCELLED,2,189,189,,,0,0.0,0.0,0.0,0,UNAVAILABLE
4700,AW7668,CDG - OSL,2025-05-01 21:15:00,2025-05-01 22:55:00,2024-11-25,-157,OPEN,2,189,189,R,75.0,4,232.0,102.44,0.02,4,ACTIVATED
478,AW4780,CDG - VIE,2025-05-01 21:15:00,2025-05-01 23:25:00,2024-11-25,-157,OPEN,2,189,189,X,86.0,0,0.0,0.0,0.0,0,ACTIVATED
493,AW7665,OSL - CDG,2025-05-02 06:00:00,2025-05-02 09:30:00,2024-11-25,-159,CANCELLED,2,189,189,,,0,0.0,0.0,0.0,0,UNAVAILABLE
494,AW7669,OSL - CDG,2025-05-02 06:30:00,2025-05-02 10:00:00,2024-11-25,-159,OPEN,2,189,189,X,82.0,0,0.0,0.0,0.0,0,ACTIVATED
492,AW3423,TLL - CDG,2025-05-02 06:35:00,2025-05-02 09:25:00,2024-11-25,-158,CANCELLED,2,186,186,,,0,0.0,0.0,0.0,0,UNAVAILABLE
490,AW4781,VIE - CDG,2025-05-02 06:55:00,2025-05-02 09:00:00,2024-11-25,-158,OPEN,2,189,189,R,70.0,0,0.0,0.0,0.0,0,ACTIVATED
484,AW7640,CDG - OSL,2025-05-02 07:20:00,2025-05-02 09:00:00,2024-11-25,-158,OPEN,2,186,186,M,175.0,0,0.0,0.0,0.0,0,ACTIVATED
3795,AW3550,CDG - HEL,2025-05-02 07:30:00,2025-05-02 11:50:00,2024-11-25,-158,OPEN,2,189,189,Q,192.0,1,270.0,237.61,0.01,1,ACTIVATED
5545,AW3280,CDG - TLL,2025-05-02 09:05:00,2025-05-02 13:50:00,2024-11-25,-158,OPEN,2,186,186,L,122.0,9,972.0,428.09,0.05,9,SCHEDULED
5137,AW7641,OSL - CDG,2025-05-02 09:40:00,2025-05-02 13:10:00,2024-11-25,-159,OPEN,2,186,186,R,69.0,6,274.0,138.34,0.03,6,ACTIVATED
4083,AW4632,CDG - VIE,2025-05-02 10:05:00,2025-05-02 12:15:00,2024-11-25,-158,OPEN,2,189,189,X,86.0,2,172.0,93.48,0.01,2,ACTIVATED
4470,AW7644,CDG - OSL,2025-05-02 11:10:00,2025-05-02 12:50:00,2024-11-25,-158,OPEN,2,189,189,Q,141.0,3,527.0,422.96,0.02,3,ACTIVATED
6214,AW3551,HEL - CDG,2025-05-02 12:35:00,2025-05-02 15:20:00,2024-11-25,-158,OPEN,2,189,189,K,144.0,19,3893.0,3475.95,0.1,19,ACTIVATED
3796,AW4633,VIE - CDG,2025-05-02 13:05:00,2025-05-02 15:10:00,2024-11-25,-158,OPEN,2,189,189,X,82.0,1,108.0,89.2,0.01,1,ACTIVATED
4469,AW3284,CDG - TLL,2025-05-02 13:25:00,2025-05-02 18:10:00,2024-11-25,-158,OPEN,2,189,189,X,111.0,3,390.0,213.69,0.02,3,SCHEDULED
4084,AW7645,OSL - CDG,2025-05-02 13:35:00,2025-05-02 17:05:00,2024-11-25,-159,OPEN,2,189,189,T,57.0,2,164.0,118.78,0.01,2,ACTIVATED
4468,AW3281,TLL - CDG,2025-05-02 14:50:00,2025-05-02 17:40:00,2024-11-25,-158,OPEN,2,186,186,X,109.0,3,311.0,242.0,0.02,3,SCHEDULED
5756,AW3558,CDG - HEL,2025-05-02 14:55:00,2025-05-02 19:15:00,2024-11-25,-158,OPEN,2,189,189,V,172.0,11,2243.0,1811.14,0.06,11,ACTIVATED
488,AW4636,CDG - VIE,2025-05-02 14:55:00,2025-05-02 17:05:00,2024-11-25,-158,OPEN,2,189,189,K,110.0,0,0.0,0.0,0.0,0,ACTIVATED
485,AW7648,CDG - OSL,2025-05-02 16:25:00,2025-05-02 18:05:00,2024-11-25,-158,OPEN,2,189,189,L,97.0,0,0.0,0.0,0.0,0,ACTIVATED
6954,AW4637,VIE - CDG,2025-05-02 17:55:00,2025-05-02 20:00:00,2024-11-25,-158,OPEN,2,189,189,X,82.0,51,5262.18,4303.38,0.27,51,ACTIVATED
4085,AW7649,OSL - CDG,2025-05-02 18:45:00,2025-05-02 22:15:00,2024-11-25,-159,OPEN,2,189,189,X,82.0,2,164.0,118.78,0.01,2,ACTIVATED
491,AW3422,CDG - TLL,2025-05-02 19:00:00,2025-05-02 23:45:00,2024-11-25,-158,CANCELLED,2,186,186,,,0,0.0,0.0,0.0,0,UNAVAILABLE
5420,AW3285,TLL - CDG,2025-05-02 19:05:00,2025-05-02 21:55:00,2024-11-25,-158,OPEN,2,189,189,X,109.0,8,856.0,672.0,0.04,8,SCHEDULED
4082,AW3559,HEL - CDG,2025-05-02 20:00:00,2025-05-02 22:45:00,2024-11-25,-158,OPEN,2,189,189,V,160.0,2,394.0,350.1,0.01,2,ACTIVATED
486,AW7664,CDG - OSL,2025-05-02 20:45:00,2025-05-02 22:25:00,2024-11-25,-158,CANCELLED,2,189,189,,,0,0.0,0.0,0.0,0,UNAVAILABLE
489,AW4780,CDG - VIE,2025-05-02 21:10:00,2025-05-02 23:20:00,2024-11-25,-158,OPEN,2,189,189,K,110.0,0,0.0,0.0,0.0,0,ACTIVATED
487,AW7668,CDG - OSL,2025-05-02 21:15:00,2025-05-02 22:55:00,2024-11-25,-158,OPEN,2,189,189,H,158.0,0,0.0,0.0,0.0,0,ACTIVATED
509,AW7665,OSL - CDG,2025-05-03 05:55:00,2025-05-03 09:25:00,2024-11-25,-160,CANCELLED,2,189,189,,,0,0.0,0.0,0.0,0,UNAVAILABLE
502,AW4781,VIE - CDG,2025-05-03 06:00:00,2025-05-03 08:05:00,2024-11-25,-159,OPEN,2,189,189,R,70.0,0,0.0,0.0,0.0,0,ACTIVATED
5139,AW4670,CDG - BUD,2025-05-03 06:15:00,2025-05-03 09:20:00,2024-11-25,-159,OPEN,2,186,116,X,90.0,6,540.0,304.44,0.05,6,SCHEDULED
4087,AW7669,OSL - CDG,2025-05-03 06:25:00,2025-05-03 09:55:00,2024-11-25,-160,OPEN,2,189,189,X,82.0,2,138.0,92.78,0.01,2,ACTIVATED
504,AW3423,TLL - CDG,2025-05-03 06:45:00,2025-05-03 09:35:00,2024-11-25,-159,CANCELLED,2,186,186,,,0,0.0,0.0,0.0,0,UNAVAILABLE
6915,AW3550,CDG - HEL,2025-05-03 08:35:00,2025-05-03 12:55:00,2024-11-25,-159,OPEN,2,189,189,I,256.0,49,8812.6,7191.14,0.26,49,ACTIVATED
4086,AW3280,CDG - TLL,2025-05-03 09:00:00,2025-05-03 13:45:00,2024-11-25,-159,OPEN,2,189,189,L,122.0,2,230.0,112.46,0.01,2,SCHEDULED
5901,AW4671,BUD - CDG,2025-05-03 10:05:00,2025-05-03 15:00:00,2024-11-25,-160,OPEN,2,186,116,K,114.0,13,1467.0,1339.34,0.11,13,DEACTIVATED
4472,AW4636,CDG - VIE,2025-05-03 10:10:00,2025-05-03 12:20:00,2024-11-25,-159,OPEN,2,189,189,R,75.0,3,270.0,172.83,0.02,3,ACTIVATED
5138,AW3288,CDG - TLL,2025-05-03 10:15:00,2025-05-03 15:00:00,2024-11-25,-159,OPEN,2,186,186,L,122.0,6,690.0,337.38,0.03,6,SCHEDULED
4471,AW7644,CDG - OSL,2025-05-03 10:20:00,2025-05-03 12:00:00,2024-11-25,-159,OPEN,2,189,189,M,175.0,3,585.0,467.22,0.02,3,ACTIVATED
5291,AW7645,OSL - CDG,2025-05-03 12:40:00,2025-05-03 16:10:00,2024-11-25,-160,OPEN,2,189,189,X,82.0,7,590.0,431.37,0.04,7,ACTIVATED
501,AW4637,VIE - CDG,2025-05-03 13:10:00,2025-05-03 15:15:00,2024-11-25,-159,OPEN,2,189,189,L,94.0,0,0.0,0.0,0.0,0,ACTIVATED
500,AW4634,CDG - VIE,2025-05-03 13:35:00,2025-05-03 15:45:00,2024-11-25,-159,OPEN,2,189,189,L,97.0,0,0.0,0.0,0.0,0,ACTIVATED
6323,AW3551,HEL - CDG,2025-05-03 13:40:00,2025-05-03 16:25:00,2024-11-25,-159,OPEN,2,189,189,M,217.0,22,5192.0,4709.1,0.12,22,ACTIVATED
495,AW3281,TLL - CDG,2025-05-03 14:40:00,2025-05-03 17:30:00,2024-11-25,-159,OPEN,2,189,189,Q,188.0,0,0.0,0.0,0.0,0,SCHEDULED
497,AW7658,CDG - OSL,2025-05-03 15:20:00,2025-05-03 17:00:00,2024-11-25,-159,OPEN,2,189,189,M,175.0,0,0.0,0.0,0.0,0,ACTIVATED
4701,AW3289,TLL - CDG,2025-05-03 16:00:00,2025-05-03 18:50:00,2024-11-25,-159,OPEN,2,186,186,Q,188.0,4,752.0,660.0,0.02,4,SCHEDULED
3797,AW4635,VIE - CDG,2025-05-03 16:40:00,2025-05-03 18:45:00,2024-11-25,-159,OPEN,2,189,189,X,82.0,1,18.8,0.0,0.01,1,ACTIVATED
496,AW7646,CDG - OSL,2025-05-03 16:45:00,2025-05-03 18:25:00,2024-11-25,-159,OPEN,2,186,186,H,158.0,0,0.0,0.0,0.0,0,ACTIVATED
508,AW7659,OSL - CDG,2025-05-03 17:40:00,2025-05-03 21:10:00,2024-11-25,-160,OPEN,2,189,189,X,82.0,0,0.0,0.0,0.0,0,ACTIVATED
503,AW3422,CDG - TLL,2025-05-03 19:00:00,2025-05-03 23:45:00,2024-11-25,-159,CANCELLED,2,186,186,,,0,0.0,0.0,0.0,0,UNAVAILABLE
5421,AW7647,OSL - CDG,2025-05-03 19:05:00,2025-05-03 22:35:00,2024-11-25,-160,OPEN,2,186,186,L,96.0,8,797.0,615.22,0.04,8,ACTIVATED
498,AW7664,CDG - OSL,2025-05-03 20:45:00,2025-05-03 22:25:00,2024-11-25,-159,CANCELLED,2,189,189,,,0,0.0,0.0,0.0,0,UNAVAILABLE
6215,AW4780,CDG - VIE,2025-05-03 21:15:00,2025-05-03 23:25:00,2024-11-25,-159,OPEN,2,189,189,L,97.0,19,1874.0,1237.98,0.1,19,ACTIVATED
499,AW7668,CDG - OSL,2025-05-03 21:15:00,2025-05-03 22:55:00,2024-11-25,-159,OPEN,2,189,189,X,86.0,0,0.0,0.0,0.0,0,ACTIVATED
513,AW7669,OSL - CDG,2025-05-04 06:00:00,2025-05-04 09:30:00,2024-11-25,-161,OPEN,2,189,189,X,82.0,0,0.0,0.0,0.0,0,ACTIVATED
4473,AW4781,VIE - CDG,2025-05-04 06:00:00,2025-05-04 08:05:00,2024-11-25,-160,OPEN,2,189,189,R,70.0,3,180.0,123.6,0.02,3,ACTIVATED
512,AW7665,OSL - CDG,2025-05-04 06:30:00,2025-05-04 10:00:00,2024-11-25,-161,CANCELLED,2,189,189,,,0,0.0,0.0,0.0,0,UNAVAILABLE
511,AW3423,TLL - CDG,2025-05-04 07:00:00,2025-05-04 09:50:00,2024-11-25,-160,CANCELLED,2,186,186,,,0,0.0,0.0,0.0,0,UNAVAILABLE
510,AW7640,CDG - OSL,2025-05-04 07:20:00,2025-05-04 09:00:00,2024-11-25,-160,OPEN,2,189,189,H,158.0,0,0.0,0.0,0.0,0,ACTIVATED
5547,AW3280,CDG - TLL,2025-05-04 08:05:00,2025-05-04 12:50:00,2024-11-25,-160,OPEN,2,189,189,L,122.0,9,1136.0,554.64,0.05,9,SCHEDULED
5903,AW7641,OSL - CDG,2025-05-04 09:40:00,2025-05-04 13:10:00,2024-11-25,-161,OPEN,2,189,189,H,165.0,13,1721.0,1427.07,0.07,13,ACTIVATED
6216,AW7658,CDG - OSL,2025-05-04 10:20:00,2025-05-04 12:00:00,2024-11-25,-160,OPEN,2,189,189,M,175.0,19,2186.52,1571.11,0.1,19,ACTIVATED
5757,AW4638,CDG - VIE,2025-05-04 10:55:00,2025-05-04 13:05:00,2024-11-25,-160,OPEN,2,189,189,H,156.0,11,1572.0,1140.14,0.06,11,ACTIVATED
4965,AW3288,CDG - TLL,2025-05-04 10:55:00,2025-05-04 15:40:00,2024-11-25,-160,OPEN,2,186,186,X,111.0,5,575.0,273.66,0.03,5,SCHEDULED
4474,AW7659,OSL - CDG,2025-05-04 12:40:00,2025-05-04 16:10:00,2024-11-25,-161,OPEN,2,189,189,H,165.0,3,555.0,487.17,0.02,3,ACTIVATED
5140,AW3281,TLL - CDG,2025-05-04 13:45:00,2025-05-04 16:35:00,2024-11-25,-160,OPEN,2,189,189,M,239.0,6,1476.0,1338.0,0.03,6,SCHEDULED
5293,AW4639,VIE - CDG,2025-05-04 13:55:00,2025-05-04 16:00:00,2024-11-25,-160,OPEN,2,189,189,X,82.0,7,704.0,572.4,0.04,7,ACTIVATED
6286,AW4636,CDG - VIE,2025-05-04 14:35:00,2025-05-04 16:45:00,2024-11-25,-160,OPEN,2,189,189,M,174.0,21,2867.0,2145.59,0.11,21,ACTIVATED
5292,AW3556,CDG - HEL,2025-05-04 14:45:00,2025-05-04 19:05:00,2024-11-25,-160,OPEN,2,189,189,Q,192.0,7,1740.0,1478.92,0.04,7,ACTIVATED
4088,AW3558,CDG - HEL,2025-05-04 15:00:00,2025-05-04 19:20:00,2024-11-25,-160,OPEN,2,189,189,Q,192.0,2,370.0,305.22,0.01,2,ACTIVATED
4089,AW3289,TLL - CDG,2025-05-04 16:40:00,2025-05-04 19:30:00,2024-11-25,-160,OPEN,2,186,186,I,269.0,2,623.0,577.0,0.01,2,SCHEDULED
4091,AW7646,CDG - OSL,2025-05-04 16:45:00,2025-05-04 18:25:00,2024-11-25,-160,OPEN,2,189,189,X,86.0,2,220.0,155.22,0.01,2,ACTIVATED
5902,AW4637,VIE - CDG,2025-05-04 17:30:00,2025-05-04 19:35:00,2024-11-25,-160,OPEN,2,189,189,X,82.0,13,1296.0,1051.6,0.07,13,ACTIVATED
4090,AW3422,CDG - TLL,2025-05-04 19:00:00,2025-05-04 23:45:00,2024-11-25,-160,OPEN,2,186,186,X,111.0,2,211.0,78.48,0.01,2,SCHEDULED
6819,AW7647,OSL - CDG,2025-05-04 19:05:00,2025-05-04 22:35:00,2024-11-25,-161,OPEN,2,189,189,H,165.0,43,9213.0,8240.23,0.23,43,ACTIVATED
5546,AW3557,HEL - CDG,2025-05-04 19:50:00,2025-05-04 22:35:00,2024-11-25,-160,OPEN,2,189,189,Q,178.0,9,2100.0,1902.45,0.05,9,ACTIVATED
6083,AW3559,HEL - CDG,2025-05-04 20:05:00,2025-05-04 22:50:00,2024-11-25,-160,OPEN,2,189,189,K,144.0,16,2946.0,2594.8,0.08,16,ACTIVATED
4092,AW7664,CDG - OSL,2025-05-04 20:45:00,2025-05-04 22:25:00,2024-11-25,-160,OPEN,2,189,189,X,86.0,2,172.0,93.48,0.01,2,ACTIVATED
6217,AW7668,CDG - OSL,2025-05-04 21:15:00,2025-05-04 22:55:00,2024-11-25,-160,OPEN,2,189,189,R,75.0,19,1502.0,756.06,0.1,19,ACTIVATED
5294,AW4780,CDG - VIE,2025-05-04 21:25:00,2025-05-04 23:35:00,2024-11-25,-160,OPEN,2,189,189,F,213.0,7,1491.0,1216.18,0.04,7,ACTIVATED
4477,AW7669,OSL - CDG,2025-05-05 05:55:00,2025-05-05 09:25:00,2024-11-25,-162,OPEN,2,189,189,R,69.0,3,207.0,139.17,0.02,3,ACTIVATED
521,AW4781,VIE - CDG,2025-05-05 06:00:00,2025-05-05 08:05:00,2024-11-25,-161,OPEN,2,189,189,G,52.0,0,0.0,0.0,0.0,0,ACTIVATED
3799,AW7665,OSL - CDG,2025-05-05 06:30:00,2025-05-05 10:00:00,2024-11-25,-162,OPEN,2,189,189,T,57.0,1,57.0,34.39,0.01,1,ACTIVATED
516,AW3423,TLL - CDG,2025-05-05 06:45:00,2025-05-05 09:35:00,2024-11-25,-161,OPEN,2,186,186,Q,188.0,0,0.0,0.0,0.0,0,SCHEDULED
517,AW7640,CDG - OSL,2025-05-05 07:15:00,2025-05-05 08:55:00,2024-11-25,-161,CANCELLED,2,189,189,,,0,0.0,0.0,0.0,0,UNAVAILABLE
4096,AW3284,CDG - TLL,2025-05-05 07:45:00,2025-05-05 12:30:00,2024-11-25,-161,OPEN,2,189,189,X,111.0,2,222.0,89.48,0.01,2,SCHEDULED
4093,AW3550,CDG - HEL,2025-05-05 08:20:00,2025-05-05 12:40:00,2024-11-25,-161,OPEN,2,189,189,V,172.0,2,344.0,265.48,0.01,2,ACTIVATED
522,AW7641,OSL - CDG,2025-05-05 09:35:00,2025-05-05 13:05:00,2024-11-25,-162,CANCELLED,2,189,189,,,0,0.0,0.0,0.0,0,UNAVAILABLE
520,AW4632,CDG - VIE,2025-05-05 10:05:00,2025-05-05 12:15:00,2024-11-25,-161,OPEN,2,189,189,Q,140.0,0,0.0,0.0,0.0,0,ACTIVATED
514,AW3280,CDG - TLL,2025-05-05 10:10:00,2025-05-05 14:55:00,2024-11-25,-161,OPEN,2,186,186,R,100.0,0,0.0,0.0,0.0,0,SCHEDULED
4966,AW7644,CDG - OSL,2025-05-05 11:10:00,2025-05-05 12:50:00,2024-11-25,-161,OPEN,2,189,189,L,97.0,5,674.0,498.31,0.03,5,ACTIVATED
5141,AW4633,VIE - CDG,2025-05-05 13:05:00,2025-05-05 15:10:00,2024-11-25,-161,OPEN,2,189,189,T,60.0,6,488.0,375.2,0.03,6,ACTIVATED
3798,AW3285,TLL - CDG,2025-05-05 13:25:00,2025-05-05 16:15:00,2024-11-25,-161,OPEN,2,189,189,V,165.0,1,165.0,142.0,0.01,1,SCHEDULED
5758,AW3551,HEL - CDG,2025-05-05 13:25:00,2025-05-05 16:10:00,2024-11-25,-161,OPEN,2,189,189,L,129.0,11,2010.0,1768.55,0.06,11,ACTIVATED
5142,AW7645,OSL - CDG,2025-05-05 13:35:00,2025-05-05 17:05:00,2024-11-25,-162,OPEN,2,189,175,L,96.0,6,534.0,398.34,0.03,6,ACTIVATED
4476,AW4634,CDG - VIE,2025-05-05 14:30:00,2025-05-05 16:40:00,2024-11-25,-161,OPEN,2,189,189,V,124.0,3,456.0,338.22,0.02,3,ACTIVATED
5422,AW3558,CDG - HEL,2025-05-05 14:55:00,2025-05-05 19:15:00,2024-11-25,-161,OPEN,2,189,189,Q,192.0,8,1480.0,1220.88,0.04,8,ACTIVATED
4095,AW3281,TLL - CDG,2025-05-05 15:55:00,2025-05-05 18:45:00,2024-11-25,-161,OPEN,2,186,186,V,165.0,2,378.0,332.0,0.01,2,SCHEDULED
518,AW7648,CDG - OSL,2025-05-05 16:50:00,2025-05-05 18:30:00,2024-11-25,-161,OPEN,2,189,189,R,75.0,0,0.0,0.0,0.0,0,ACTIVATED
5423,AW4635,VIE - CDG,2025-05-05 17:30:00,2025-05-05 19:35:00,2024-11-25,-161,OPEN,2,189,189,T,60.0,8,510.0,359.6,0.04,8,ACTIVATED
515,AW3422,CDG - TLL,2025-05-05 19:00:00,2025-05-05 23:45:00,2024-11-25,-161,OPEN,2,186,186,R,100.0,0,0.0,0.0,0.0,0,SCHEDULED
5143,AW7649,OSL - CDG,2025-05-05 19:10:00,2025-05-05 22:40:00,2024-11-25,-162,OPEN,2,189,189,X,82.0,6,832.0,695.98,0.03,6,ACTIVATED
4094,AW3559,HEL - CDG,2025-05-05 20:00:00,2025-05-05 22:45:00,2024-11-25,-161,OPEN,2,189,189,L,129.0,2,526.0,482.1,0.01,2,ACTIVATED
4475,AW7664,CDG - OSL,2025-05-05 20:45:00,2025-05-05 22:25:00,2024-11-25,-161,OPEN,2,189,189,X,86.0,3,309.0,211.83,0.02,3,ACTIVATED
519,AW7668,CDG - OSL,2025-05-05 21:15:00,2025-05-05 22:55:00,2024-11-25,-161,OPEN,2,189,189,X,86.0,0,0.0,0.0,0.0,0,ACTIVATED
4967,AW4780,CDG - VIE,2025-05-05 21:20:00,2025-05-05 23:30:00,2024-11-25,-161,OPEN,2,189,189,X,86.0,5,430.0,233.7,0.03,5,ACTIVATED
526,AW4781,VIE - CDG,2025-05-06 06:00:00,2025-05-06 08:05:00,2024-11-25,-162,OPEN,2,189,189,T,60.0,0,0.0,0.0,0.0,0,ACTIVATED
533,AW7669,OSL - CDG,2025-05-06 06:00:00,2025-05-06 09:30:00,2024-11-25,-163,OPEN,2,189,189,L,96.0,0,0.0,0.0,0.0,0,ACTIVATED
5549,AW4670,CDG - BUD,2025-05-06 06:15:00,2025-05-06 09:20:00,2024-11-25,-162,OPEN,2,189,99,R,78.0,9,681.0,327.66,0.09,9,SCHEDULED
532,AW7665,OSL - CDG,2025-05-06 06:30:00,2025-05-06 10:00:00,2024-11-25,-163,OPEN,2,189,189,H,165.0,0,0.0,0.0,0.0,0,ACTIVATED
4478,AW3423,TLL - CDG,2025-05-06 06:45:00,2025-05-06 09:35:00,2024-11-25,-162,OPEN,2,186,186,R,93.0,3,279.0,210.0,0.02,3,SCHEDULED
524,AW7640,CDG - OSL,2025-05-06 07:15:00,2025-05-06 08:55:00,2024-11-25,-162,OPEN,2,189,136,R,75.0,0,0.0,0.0,0.0,0,ACTIVATED
529,AW7641,OSL - CDG,2025-05-06 09:35:00,2025-05-06 13:05:00,2024-11-25,-163,OPEN,2,189,136,H,165.0,0,0.0,0.0,0.0,0,ACTIVATED
523,AW3288,CDG - TLL,2025-05-06 09:50:00,2025-05-06 14:35:00,2024-11-25,-162,OPEN,2,186,186,R,100.0,0,0.0,0.0,0.0,0,SCHEDULED
5827,AW4671,BUD - CDG,2025-05-06 10:05:00,2025-05-06 15:00:00,2024-11-25,-163,OPEN,2,189,99,Q,152.0,12,1500.0,1382.16,0.12,12,DEACTIVATED
6695,AW4632,CDG - VIE,2025-05-06 10:05:00,2025-05-06 12:15:00,2024-11-25,-162,OPEN,2,189,189,X,86.0,36,3432.94,2253.16,0.19,36,ACTIVATED
5295,AW3558,CDG - HEL,2025-05-06 11:30:00,2025-05-06 15:50:00,2024-11-25,-162,OPEN,2,189,189,K,154.0,7,1116.0,841.18,0.04,7,ACTIVATED
5759,AW7644,CDG - OSL,2025-05-06 11:50:00,2025-05-06 13:30:00,2024-11-25,-162,OPEN,2,189,189,X,86.0,11,897.0,513.23,0.06,11,ACTIVATED
525,AW4633,VIE - CDG,2025-05-06 13:05:00,2025-05-06 15:10:00,2024-11-25,-162,OPEN,2,189,189,L,94.0,0,0.0,0.0,0.0,0,ACTIVATED
530,AW7645,OSL - CDG,2025-05-06 14:15:00,2025-05-06 17:45:00,2024-11-25,-163,OPEN,2,189,189,H,165.0,0,0.0,0.0,0.0,0,ACTIVATED
527,AW3286,CDG - TLL,2025-05-06 14:20:00,2025-05-06 19:05:00,2024-11-25,-162,CANCELLED,2,186,186,,,0,0.0,0.0,0.0,0,UNAVAILABLE
4968,AW4636,CDG - VIE,2025-05-06 15:00:00,2025-05-06 17:10:00,2024-11-25,-162,OPEN,2,189,189,G,58.0,5,324.0,127.7,0.03,5,ACTIVATED
5548,AW3289,TLL - CDG,2025-05-06 15:35:00,2025-05-06 18:25:00,2024-11-25,-162,OPEN,2,186,186,X,109.0,9,992.0,785.0,0.05,9,SCHEDULED
4702,AW3559,HEL - CDG,2025-05-06 16:35:00,2025-05-06 19:20:00,2024-11-25,-162,OPEN,2,189,189,L,129.0,4,576.0,488.2,0.02,4,ACTIVATED
4097,AW7648,CDG - OSL,2025-05-06 16:45:00,2025-05-06 18:25:00,2024-11-25,-162,OPEN,2,189,189,T,65.0,2,116.0,51.22,0.01,2,ACTIVATED
4098,AW4637,VIE - CDG,2025-05-06 18:00:00,2025-05-06 20:05:00,2024-11-25,-162,OPEN,2,189,189,R,70.0,2,224.0,186.4,0.01,2,ACTIVATED
5144,AW3422,CDG - TLL,2025-05-06 19:00:00,2025-05-06 23:45:00,2024-11-25,-162,OPEN,2,186,186,R,100.0,6,567.08,214.46,0.03,6,SCHEDULED
531,AW7649,OSL - CDG,2025-05-06 19:05:00,2025-05-06 22:35:00,2024-11-25,-163,OPEN,2,189,189,X,82.0,0,0.0,0.0,0.0,0,ACTIVATED
528,AW3287,TLL - CDG,2025-05-06 20:00:00,2025-05-06 22:50:00,2024-11-25,-162,CANCELLED,2,186,186,,,0,0.0,0.0,0.0,0,UNAVAILABLE
5296,AW7664,CDG - OSL,2025-05-06 20:45:00,2025-05-06 22:25:00,2024-11-25,-162,OPEN,2,189,189,T,65.0,7,347.78,86.7,0.04,7,ACTIVATED
3800,AW7668,CDG - OSL,2025-05-06 21:15:00,2025-05-06 22:55:00,2024-11-25,-162,OPEN,2,189,189,G,57.0,1,50.0,17.61,0.01,1,ACTIVATED
4479,AW4780,CDG - VIE,2025-05-06 21:20:00,2025-05-06 23:30:00,2024-11-25,-162,OPEN,2,189,189,G,58.0,3,174.0,56.22,0.02,3,ACTIVATED
546,AW7665,OSL - CDG,2025-05-07 06:00:00,2025-05-07 09:30:00,2024-11-25,-164,OPEN,2,189,189,X,82.0,0,0.0,0.0,0.0,0,ACTIVATED
544,AW4781,VIE - CDG,2025-05-07 06:15:00,2025-05-07 08:20:00,2024-11-25,-163,OPEN,2,189,189,G,52.0,0,0.0,0.0,0.0,0,ACTIVATED
4481,AW7669,OSL - CDG,2025-05-07 06:30:00,2025-05-07 10:00:00,2024-11-25,-164,OPEN,2,189,189,T,57.0,3,267.0,198.99,0.02,3,ACTIVATED
5145,AW3423,TLL - CDG,2025-05-07 06:45:00,2025-05-07 09:35:00,2024-11-25,-163,OPEN,2,186,186,T,80.0,6,480.0,342.0,0.03,6,SCHEDULED
538,AW7640,CDG - OSL,2025-05-07 07:15:00,2025-05-07 08:55:00,2024-11-25,-163,CANCELLED,2,186,186,,,0,0.0,0.0,0.0,0,UNAVAILABLE
6084,AW3550,CDG - HEL,2025-05-07 08:30:00,2025-05-07 12:50:00,2024-11-25,-163,OPEN,2,189,189,K,154.0,16,3102.0,2473.84,0.08,16,ACTIVATED
545,AW7641,OSL - CDG,2025-05-07 09:35:00,2025-05-07 13:05:00,2024-11-25,-164,CANCELLED,2,186,186,,,0,0.0,0.0,0.0,0,UNAVAILABLE
6218,AW3284,CDG - TLL,2025-05-07 10:05:00,2025-05-07 14:50:00,2024-11-25,-163,OPEN,2,189,189,X,111.0,19,2017.54,811.03,0.1,19,SCHEDULED
540,AW4632,CDG - VIE,2025-05-07 10:15:00,2025-05-07 12:25:00,2024-11-25,-163,OPEN,2,189,189,K,110.0,0,0.0,0.0,0.0,0,ACTIVATED
536,AW3288,CDG - TLL,2025-05-07 10:55:00,2025-05-07 15:40:00,2024-11-25,-163,OPEN,2,186,186,H,192.0,0,0.0,0.0,0.0,0,SCHEDULED
3801,AW7644,CDG - OSL,2025-05-07 11:50:00,2025-05-07 13:30:00,2024-11-25,-163,OPEN,2,189,189,H,158.0,1,168.0,135.61,0.01,1,ACTIVATED
541,AW4633,VIE - CDG,2025-05-07 13:15:00,2025-05-07 15:20:00,2024-11-25,-163,OPEN,2,189,189,T,60.0,0,0.0,0.0,0.0,0,ACTIVATED
5550,AW3551,HEL - CDG,2025-05-07 13:35:00,2025-05-07 16:20:00,2024-11-25,-163,OPEN,2,189,185,L,129.0,9,1602.0,1404.45,0.05,9,ACTIVATED
3803,AW7645,OSL - CDG,2025-05-07 14:10:00,2025-05-07 17:40:00,2024-11-25,-164,OPEN,2,189,189,X,82.0,1,82.0,59.39,0.01,1,ACTIVATED
534,AW3558,CDG - HEL,2025-05-07 14:20:00,2025-05-07 18:40:00,2024-11-25,-163,OPEN,2,189,189,V,172.0,0,0.0,0.0,0.0,0,ACTIVATED
535,AW3286,CDG - TLL,2025-05-07 14:20:00,2025-05-07 19:05:00,2024-11-25,-163,OPEN,2,186,186,H,192.0,0,0.0,0.0,0.0,0,SCHEDULED
542,AW4636,CDG - VIE,2025-05-07 14:40:00,2025-05-07 16:50:00,2024-11-25,-163,OPEN,2,189,189,K,110.0,0,0.0,0.0,0.0,0,ACTIVATED
4099,AW3285,TLL - CDG,2025-05-07 15:45:00,2025-05-07 18:35:00,2024-11-25,-163,OPEN,2,189,189,X,109.0,2,314.0,268.0,0.01,2,SCHEDULED
4101,AW3289,TLL - CDG,2025-05-07 16:40:00,2025-05-07 19:30:00,2024-11-25,-163,OPEN,2,186,186,X,109.0,2,250.0,204.0,0.01,2,SCHEDULED
4703,AW7646,CDG - OSL,2025-05-07 16:45:00,2025-05-07 18:25:00,2024-11-25,-163,OPEN,2,189,189,Q,141.0,4,550.0,406.7,0.02,4,ACTIVATED
543,AW4637,VIE - CDG,2025-05-07 17:40:00,2025-05-07 19:45:00,2024-11-25,-163,OPEN,2,189,189,T,60.0,0,0.0,0.0,0.0,0,ACTIVATED
537,AW3422,CDG - TLL,2025-05-07 19:00:00,2025-05-07 23:45:00,2024-11-25,-163,OPEN,2,186,186,M,216.0,0,0.0,0.0,0.0,0,SCHEDULED
4704,AW7647,OSL - CDG,2025-05-07 19:10:00,2025-05-07 22:40:00,2024-11-25,-164,OPEN,2,189,189,X,82.0,4,315.0,224.56,0.02,4,ACTIVATED
4480,AW3559,HEL - CDG,2025-05-07 19:25:00,2025-05-07 22:10:00,2024-11-25,-163,OPEN,2,189,189,L,129.0,3,534.0,468.15,0.02,3,ACTIVATED
4100,AW3287,TLL - CDG,2025-05-07 20:00:00,2025-05-07 22:50:00,2024-11-25,-163,OPEN,2,186,186,X,109.0,2,218.0,172.0,0.01,2,SCHEDULED
4102,AW7664,CDG - OSL,2025-05-07 20:45:00,2025-05-07 22:25:00,2024-11-25,-163,OPEN,2,189,189,H,158.0,2,316.0,237.48,0.01,2,ACTIVATED
539,AW7668,CDG - OSL,2025-05-07 21:15:00,2025-05-07 22:55:00,2024-11-25,-163,OPEN,2,189,189,H,158.0,0,0.0,0.0,0.0,0,ACTIVATED
3802,AW4780,CDG - VIE,2025-05-07 21:20:00,2025-05-07 23:30:00,2024-11-25,-163,OPEN,2,189,189,Q,140.0,1,167.0,134.61,0.01,1,ACTIVATED
4483,AW7665,OSL - CDG,2025-05-08 06:00:00,2025-05-08 09:30:00,2024-11-25,-165,OPEN,2,189,189,T,57.0,3,207.0,139.17,0.02,3,ACTIVATED
559,AW4781,VIE - CDG,2025-05-08 06:00:00,2025-05-08 08:05:00,2024-11-25,-164,OPEN,2,189,189,T,60.0,0,0.0,0.0,0.0,0,ACTIVATED
560,AW7669,OSL - CDG,2025-05-08 06:30:00,2025-05-08 10:00:00,2024-11-25,-165,OPEN,2,189,189,T,57.0,0,0.0,0.0,0.0,0,ACTIVATED
4969,AW3423,TLL - CDG,2025-05-08 06:45:00,2025-05-08 09:35:00,2024-11-25,-164,OPEN,2,186,186,T,80.0,5,389.0,274.0,0.03,5,SCHEDULED
550,AW7640,CDG - OSL,2025-05-08 07:15:00,2025-05-08 08:55:00,2024-11-25,-164,OPEN,2,186,186,B,237.0,0,0.0,0.0,0.0,0,ACTIVATED
4103,AW3550,CDG - HEL,2025-05-08 08:10:00,2025-05-08 12:30:00,2024-11-25,-164,OPEN,2,189,189,B,307.0,2,614.0,535.48,0.01,2,ACTIVATED
4482,AW7641,OSL - CDG,2025-05-08 09:35:00,2025-05-08 13:05:00,2024-11-25,-165,OPEN,2,186,186,X,82.0,3,183.0,115.17,0.02,3,ACTIVATED
555,AW4632,CDG - VIE,2025-05-08 09:45:00,2025-05-08 11:55:00,2024-11-25,-164,OPEN,2,189,189,I,193.0,0,0.0,0.0,0.0,0,ACTIVATED
554,AW4670,CDG - BUD,2025-05-08 10:05:00,2025-05-08 13:10:00,2024-11-25,-164,OPEN,2,189,99,V,133.0,0,0.0,0.0,0.0,0,SCHEDULED
4104,AW3288,CDG - TLL,2025-05-08 11:25:00,2025-05-08 16:10:00,2024-11-25,-164,OPEN,2,186,186,M,216.0,2,602.0,469.48,0.01,2,SCHEDULED
4105,AW7644,CDG - OSL,2025-05-08 11:50:00,2025-05-08 13:30:00,2024-11-25,-164,OPEN,2,189,189,B,237.0,2,474.0,395.48,0.01,2,ACTIVATED
4106,AW4633,VIE - CDG,2025-05-08 12:45:00,2025-05-08 14:50:00,2024-11-25,-164,OPEN,2,189,189,G,52.0,2,104.0,66.4,0.01,2,ACTIVATED
6013,AW3551,HEL - CDG,2025-05-08 13:15:00,2025-05-08 16:00:00,2024-11-25,-164,OPEN,2,189,189,K,144.0,15,2556.0,2226.75,0.08,15,ACTIVATED
5666,AW4671,BUD - CDG,2025-05-08 13:55:00,2025-05-08 18:50:00,2024-11-25,-165,OPEN,2,189,99,K,114.0,10,1193.0,1094.8,0.1,10,DEACTIVATED
3804,AW7645,OSL - CDG,2025-05-08 14:15:00,2025-05-08 17:45:00,2024-11-25,-165,OPEN,2,189,189,L,96.0,1,170.0,147.39,0.01,1,ACTIVATED
556,AW4636,CDG - VIE,2025-05-08 14:30:00,2025-05-08 16:40:00,2024-11-25,-164,OPEN,2,189,189,I,193.0,0,0.0,0.0,0.0,0,ACTIVATED
547,AW3556,CDG - HEL,2025-05-08 15:00:00,2025-05-08 19:20:00,2024-11-25,-164,CANCELLED,2,189,189,,,0,0.0,0.0,0.0,0,UNAVAILABLE
551,AW7646,CDG - OSL,2025-05-08 15:20:00,2025-05-08 17:00:00,2024-11-25,-164,OPEN,2,189,189,B,237.0,0,0.0,0.0,0.0,0,ACTIVATED
5424,AW3289,TLL - CDG,2025-05-08 17:10:00,2025-05-08 20:00:00,2024-11-25,-164,OPEN,2,186,186,X,109.0,8,957.0,773.0,0.04,8,SCHEDULED
557,AW4637,VIE - CDG,2025-05-08 17:30:00,2025-05-08 19:35:00,2024-11-25,-164,OPEN,2,189,189,T,60.0,0,0.0,0.0,0.0,0,ACTIVATED
4107,AW7647,OSL - CDG,2025-05-08 17:40:00,2025-05-08 21:10:00,2024-11-25,-165,OPEN,2,189,189,L,96.0,2,45.58,0.0,0.01,2,ACTIVATED
549,AW3422,CDG - TLL,2025-05-08 19:00:00,2025-05-08 23:45:00,2024-11-25,-164,OPEN,2,186,186,H,192.0,0,0.0,0.0,0.0,0,SCHEDULED
548,AW3557,HEL - CDG,2025-05-08 20:05:00,2025-05-08 22:50:00,2024-11-25,-164,CANCELLED,2,189,189,,,0,0.0,0.0,0.0,0,UNAVAILABLE
552,AW7664,CDG - OSL,2025-05-08 20:45:00,2025-05-08 22:25:00,2024-11-25,-164,OPEN,2,189,189,K,110.0,0,0.0,0.0,0.0,0,ACTIVATED
553,AW7668,CDG - OSL,2025-05-08 21:15:00,2025-05-08 22:55:00,2024-11-25,-164,OPEN,2,189,189,K,110.0,0,0.0,0.0,0.0,0,ACTIVATED
558,AW4780,CDG - VIE,2025-05-08 21:15:00,2025-05-08 23:25:00,2024-11-25,-164,OPEN,2,189,189,L,97.0,0,0.0,0.0,0.0,0,ACTIVATED
575,AW7665,OSL - CDG,2025-05-09 06:00:00,2025-05-09 09:30:00,2024-11-25,-166,OPEN,2,189,189,H,165.0,0,0.0,0.0,0.0,0,ACTIVATED
576,AW7669,OSL - CDG,2025-05-09 06:30:00,2025-05-09 10:00:00,2024-11-25,-166,OPEN,2,189,189,H,165.0,0,0.0,0.0,0.0,0,ACTIVATED
4484,AW3423,TLL - CDG,2025-05-09 06:35:00,2025-05-09 09:25:00,2024-11-25,-165,OPEN,2,186,186,R,93.0,3,266.0,197.0,0.02,3,SCHEDULED
569,AW4781,VIE - CDG,2025-05-09 06:55:00,2025-05-09 09:00:00,2024-11-25,-165,OPEN,2,189,189,T,60.0,0,0.0,0.0,0.0,0,ACTIVATED
563,AW7640,CDG - OSL,2025-05-09 07:20:00,2025-05-09 09:00:00,2024-11-25,-165,CANCELLED,2,186,186,,,0,0.0,0.0,0.0,0,UNAVAILABLE
5667,AW3550,CDG - HEL,2025-05-09 07:30:00,2025-05-09 11:50:00,2024-11-25,-165,OPEN,2,189,189,K,154.0,10,1664.0,1298.88,0.05,10,ACTIVATED
5551,AW3280,CDG - TLL,2025-05-09 09:05:00,2025-05-09 13:50:00,2024-11-25,-165,OPEN,2,186,186,L,122.0,9,1115.0,548.62,0.05,9,SCHEDULED
572,AW7641,OSL - CDG,2025-05-09 09:40:00,2025-05-09 13:10:00,2024-11-25,-166,CANCELLED,2,186,186,,,0,0.0,0.0,0.0,0,UNAVAILABLE
565,AW4632,CDG - VIE,2025-05-09 10:05:00,2025-05-09 12:15:00,2024-11-25,-165,OPEN,2,189,189,T,66.0,0,0.0,0.0,0.0,0,ACTIVATED
564,AW7644,CDG - OSL,2025-05-09 11:10:00,2025-05-09 12:50:00,2024-11-25,-165,OPEN,2,189,189,T,65.0,0,0.0,0.0,0.0,0,ACTIVATED
4108,AW3551,HEL - CDG,2025-05-09 12:35:00,2025-05-09 15:20:00,2024-11-25,-165,OPEN,2,189,189,I,239.0,2,574.0,530.1,0.01,2,ACTIVATED
4487,AW4633,VIE - CDG,2025-05-09 13:05:00,2025-05-09 15:10:00,2024-11-25,-165,OPEN,2,189,189,K,108.0,3,507.0,450.6,0.02,3,ACTIVATED
570,AW3284,CDG - TLL,2025-05-09 13:25:00,2025-05-09 18:10:00,2024-11-25,-165,CANCELLED,2,189,189,,,0,0.0,0.0,0.0,0,UNAVAILABLE
573,AW7645,OSL - CDG,2025-05-09 13:35:00,2025-05-09 17:05:00,2024-11-25,-166,OPEN,2,189,189,Q,147.0,0,0.0,0.0,0.0,0,ACTIVATED
5425,AW3281,TLL - CDG,2025-05-09 14:50:00,2025-05-09 17:40:00,2024-11-25,-165,OPEN,2,186,186,X,109.0,8,936.0,752.0,0.04,8,SCHEDULED
561,AW3558,CDG - HEL,2025-05-09 14:55:00,2025-05-09 19:15:00,2024-11-25,-165,OPEN,2,189,189,K,154.0,0,0.0,0.0,0.0,0,ACTIVATED
566,AW4636,CDG - VIE,2025-05-09 14:55:00,2025-05-09 17:05:00,2024-11-25,-165,OPEN,2,189,189,T,66.0,0,0.0,0.0,0.0,0,ACTIVATED
4485,AW7648,CDG - OSL,2025-05-09 16:25:00,2025-05-09 18:05:00,2024-11-25,-165,OPEN,2,189,189,T,65.0,3,195.0,77.22,0.02,3,ACTIVATED
567,AW4637,VIE - CDG,2025-05-09 17:55:00,2025-05-09 20:00:00,2024-11-25,-165,OPEN,2,189,189,K,108.0,0,0.0,0.0,0.0,0,ACTIVATED
574,AW7649,OSL - CDG,2025-05-09 18:45:00,2025-05-09 22:15:00,2024-11-25,-166,OPEN,2,189,189,V,128.0,0,0.0,0.0,0.0,0,ACTIVATED
562,AW3422,CDG - TLL,2025-05-09 19:00:00,2025-05-09 23:45:00,2024-11-25,-165,OPEN,2,186,186,R,100.0,0,0.0,0.0,0.0,0,SCHEDULED
571,AW3285,TLL - CDG,2025-05-09 19:05:00,2025-05-09 21:55:00,2024-11-25,-165,CANCELLED,2,189,189,,,0,0.0,0.0,0.0,0,UNAVAILABLE
5904,AW3559,HEL - CDG,2025-05-09 20:00:00,2025-05-09 22:45:00,2024-11-25,-165,OPEN,2,189,189,F,261.0,13,3655.0,3369.65,0.07,13,ACTIVATED
4486,AW7664,CDG - OSL,2025-05-09 20:45:00,2025-05-09 22:25:00,2024-11-25,-165,OPEN,2,189,189,T,65.0,3,174.0,76.83,0.02,3,ACTIVATED
568,AW4780,CDG - VIE,2025-05-09 21:10:00,2025-05-09 23:20:00,2024-11-25,-165,OPEN,2,189,189,T,66.0,0,0.0,0.0,0.0,0,ACTIVATED
3805,AW7668,CDG - OSL,2025-05-09 21:15:00,2025-05-09 22:55:00,2024-11-25,-165,OPEN,2,189,189,T,65.0,1,65.0,25.74,0.01,1,ACTIVATED
590,AW7665,OSL - CDG,2025-05-10 05:55:00,2025-05-10 09:25:00,2024-11-25,-167,OPEN,2,189,189,H,165.0,0,0.0,0.0,0.0,0,ACTIVATED
587,AW4781,VIE - CDG,2025-05-10 06:00:00,2025-05-10 08:05:00,2024-11-25,-166,OPEN,2,189,189,L,94.0,0,0.0,0.0,0.0,0,ACTIVATED
5669,AW4670,CDG - BUD,2025-05-10 06:15:00,2025-05-10 09:20:00,2024-11-25,-166,OPEN,2,186,116,R,78.0,10,862.0,496.88,0.09,10,SCHEDULED
4110,AW7669,OSL - CDG,2025-05-10 06:25:00,2025-05-10 09:55:00,2024-11-25,-167,OPEN,2,189,189,H,165.0,2,222.0,176.78,0.01,2,ACTIVATED
578,AW3423,TLL - CDG,2025-05-10 06:45:00,2025-05-10 09:35:00,2024-11-25,-166,OPEN,2,186,186,H,212.0,0,0.0,0.0,0.0,0,SCHEDULED
7129,AW3550,CDG - HEL,2025-05-10 08:35:00,2025-05-10 12:55:00,2024-11-25,-166,OPEN,2,189,189,K,154.0,66,9060.0,6688.68,0.35,66,ACTIVATED
5668,AW3280,CDG - TLL,2025-05-10 09:00:00,2025-05-10 13:45:00,2024-11-25,-166,OPEN,2,189,189,X,111.0,10,1096.0,448.38,0.05,10,SCHEDULED
6085,AW4671,BUD - CDG,2025-05-10 10:05:00,2025-05-10 15:00:00,2024-11-25,-167,OPEN,2,186,116,L,99.0,16,2002.0,1844.88,0.14,16,DEACTIVATED
584,AW4636,CDG - VIE,2025-05-10 10:10:00,2025-05-10 12:20:00,2024-11-25,-166,OPEN,2,189,189,T,66.0,0,0.0,0.0,0.0,0,ACTIVATED
5426,AW3288,CDG - TLL,2025-05-10 10:15:00,2025-05-10 15:00:00,2024-11-25,-166,OPEN,2,186,186,X,111.0,8,832.0,361.84,0.04,8,SCHEDULED
579,AW7644,CDG - OSL,2025-05-10 10:20:00,2025-05-10 12:00:00,2024-11-25,-166,OPEN,2,189,179,T,65.0,0,0.0,0.0,0.0,0,ACTIVATED
5298,AW7645,OSL - CDG,2025-05-10 12:40:00,2025-05-10 16:10:00,2024-11-25,-167,OPEN,2,189,179,H,165.0,7,1125.0,966.73,0.04,7,ACTIVATED
585,AW4637,VIE - CDG,2025-05-10 13:10:00,2025-05-10 15:15:00,2024-11-25,-166,OPEN,2,189,189,K,108.0,0,0.0,0.0,0.0,0,ACTIVATED
582,AW4634,CDG - VIE,2025-05-10 13:35:00,2025-05-10 15:45:00,2024-11-25,-166,OPEN,2,189,189,T,66.0,0,0.0,0.0,0.0,0,ACTIVATED
6885,AW3551,HEL - CDG,2025-05-10 13:40:00,2025-05-10 16:25:00,2024-11-25,-166,OPEN,2,189,189,F,261.0,47,13359.0,12327.35,0.25,47,ACTIVATED
577,AW3281,TLL - CDG,2025-05-10 14:40:00,2025-05-10 17:30:00,2024-11-25,-166,OPEN,2,189,189,H,212.0,0,0.0,0.0,0.0,0,SCHEDULED
5297,AW7658,CDG - OSL,2025-05-10 15:20:00,2025-05-10 17:00:00,2024-11-25,-166,OPEN,2,189,189,R,75.0,7,409.52,148.44,0.04,7,ACTIVATED
4705,AW3289,TLL - CDG,2025-05-10 16:00:00,2025-05-10 18:50:00,2024-11-25,-166,OPEN,2,186,186,M,239.0,4,224.0,132.0,0.02,4,SCHEDULED
583,AW4635,VIE - CDG,2025-05-10 16:40:00,2025-05-10 18:45:00,2024-11-25,-166,OPEN,2,189,189,K,108.0,0,0.0,0.0,0.0,0,ACTIVATED
4109,AW7646,CDG - OSL,2025-05-10 16:45:00,2025-05-10 18:25:00,2024-11-25,-166,OPEN,2,186,186,T,65.0,2,116.0,51.22,0.01,2,ACTIVATED
589,AW7659,OSL - CDG,2025-05-10 17:40:00,2025-05-10 21:10:00,2024-11-25,-167,OPEN,2,189,189,B,253.0,0,0.0,0.0,0.0,0,ACTIVATED
4706,AW3422,CDG - TLL,2025-05-10 19:00:00,2025-05-10 23:45:00,2024-11-25,-166,OPEN,2,186,186,T,92.0,4,370.0,119.94,0.02,4,SCHEDULED
588,AW7647,OSL - CDG,2025-05-10 19:05:00,2025-05-10 22:35:00,2024-11-25,-167,OPEN,2,186,186,B,253.0,0,0.0,0.0,0.0,0,ACTIVATED
580,AW7664,CDG - OSL,2025-05-10 20:45:00,2025-05-10 22:25:00,2024-11-25,-166,OPEN,2,189,189,G,57.0,0,0.0,0.0,0.0,0,ACTIVATED
586,AW4780,CDG - VIE,2025-05-10 21:15:00,2025-05-10 23:25:00,2024-11-25,-166,OPEN,2,189,189,T,66.0,0,0.0,0.0,0.0,0,ACTIVATED
581,AW7668,CDG - OSL,2025-05-10 21:15:00,2025-05-10 22:55:00,2024-11-25,-166,OPEN,2,189,189,G,57.0,0,0.0,0.0,0.0,0,ACTIVATED
599,AW4781,VIE - CDG,2025-05-11 06:00:00,2025-05-11 08:05:00,2024-11-25,-167,OPEN,2,189,189,Q,141.0,0,0.0,0.0,0.0,0,ACTIVATED
602,AW7669,OSL - CDG,2025-05-11 06:00:00,2025-05-11 09:30:00,2024-11-25,-168,OPEN,2,189,189,Q,147.0,0,0.0,0.0,0.0,0,ACTIVATED
601,AW7665,OSL - CDG,2025-05-11 06:30:00,2025-05-11 10:00:00,2024-11-25,-168,OPEN,2,189,189,Q,147.0,0,0.0,0.0,0.0,0,ACTIVATED
4113,AW3423,TLL - CDG,2025-05-11 07:00:00,2025-05-11 09:50:00,2024-11-25,-167,OPEN,2,186,186,M,239.0,2,46.0,0.0,0.01,2,SCHEDULED
593,AW7640,CDG - OSL,2025-05-11 07:20:00,2025-05-11 09:00:00,2024-11-25,-167,CANCELLED,2,189,189,,,0,0.0,0.0,0.0,0,UNAVAILABLE
5146,AW3280,CDG - TLL,2025-05-11 08:05:00,2025-05-11 12:50:00,2024-11-25,-167,OPEN,2,189,189,X,111.0,6,954.0,556.44,0.03,6,SCHEDULED
600,AW7641,OSL - CDG,2025-05-11 09:40:00,2025-05-11 13:10:00,2024-11-25,-168,CANCELLED,2,189,189,,,0,0.0,0.0,0.0,0,UNAVAILABLE
5427,AW7658,CDG - OSL,2025-05-11 10:20:00,2025-05-11 12:00:00,2024-11-25,-167,OPEN,2,189,189,T,65.0,8,518.78,259.66,0.04,8,ACTIVATED
597,AW4638,CDG - VIE,2025-05-11 10:55:00,2025-05-11 13:05:00,2024-11-25,-167,OPEN,2,189,189,R,75.0,0,0.0,0.0,0.0,0,ACTIVATED
4112,AW3288,CDG - TLL,2025-05-11 10:55:00,2025-05-11 15:40:00,2024-11-25,-167,OPEN,2,186,186,X,111.0,2,222.0,89.48,0.01,2,SCHEDULED
4709,AW7659,OSL - CDG,2025-05-11 12:40:00,2025-05-11 16:10:00,2024-11-25,-168,OPEN,2,189,189,Q,147.0,4,664.0,573.2,0.02,4,ACTIVATED
4111,AW3281,TLL - CDG,2025-05-11 13:45:00,2025-05-11 16:35:00,2024-11-25,-167,OPEN,2,189,189,M,239.0,2,478.0,432.0,0.01,2,SCHEDULED
598,AW4639,VIE - CDG,2025-05-11 13:55:00,2025-05-11 16:00:00,2024-11-25,-167,OPEN,2,189,189,F,220.0,0,0.0,0.0,0.0,0,ACTIVATED
595,AW4636,CDG - VIE,2025-05-11 14:35:00,2025-05-11 16:45:00,2024-11-25,-167,OPEN,2,189,189,R,75.0,0,0.0,0.0,0.0,0,ACTIVATED
4707,AW3556,CDG - HEL,2025-05-11 14:45:00,2025-05-11 19:05:00,2024-11-25,-167,OPEN,2,189,189,K,154.0,4,580.0,450.44,0.02,4,ACTIVATED
591,AW3558,CDG - HEL,2025-05-11 15:00:00,2025-05-11 19:20:00,2024-11-25,-167,OPEN,2,189,189,K,154.0,0,0.0,0.0,0.0,0,ACTIVATED
4708,AW3289,TLL - CDG,2025-05-11 16:40:00,2025-05-11 19:30:00,2024-11-25,-167,OPEN,2,186,186,I,269.0,4,1416.0,1324.0,0.02,4,SCHEDULED
6324,AW7646,CDG - OSL,2025-05-11 16:45:00,2025-05-11 18:25:00,2024-11-25,-167,OPEN,2,189,189,T,65.0,22,1809.94,946.22,0.12,22,ACTIVATED
596,AW4637,VIE - CDG,2025-05-11 17:30:00,2025-05-11 19:35:00,2024-11-25,-167,OPEN,2,189,189,F,220.0,0,0.0,0.0,0.0,0,ACTIVATED
4489,AW3422,CDG - TLL,2025-05-11 19:00:00,2025-05-11 23:45:00,2024-11-25,-167,OPEN,2,186,186,R,100.0,3,300.0,101.22,0.02,3,SCHEDULED
6132,AW7647,OSL - CDG,2025-05-11 19:05:00,2025-05-11 22:35:00,2024-11-25,-168,OPEN,2,189,189,H,165.0,17,3045.0,2660.27,0.09,17,ACTIVATED
4488,AW3557,HEL - CDG,2025-05-11 19:50:00,2025-05-11 22:35:00,2024-11-25,-167,OPEN,2,189,189,J,367.0,3,1431.0,1365.15,0.02,3,ACTIVATED
592,AW3559,HEL - CDG,2025-05-11 20:05:00,2025-05-11 22:50:00,2024-11-25,-167,OPEN,2,189,189,J,367.0,0,0.0,0.0,0.0,0,ACTIVATED
594,AW7664,CDG - OSL,2025-05-11 20:45:00,2025-05-11 22:25:00,2024-11-25,-167,OPEN,2,189,189,T,65.0,0,0.0,0.0,0.0,0,ACTIVATED
4490,AW7668,CDG - OSL,2025-05-11 21:15:00,2025-05-11 22:55:00,2024-11-25,-167,OPEN,2,189,189,G,57.0,3,174.0,76.83,0.02,3,ACTIVATED
4114,AW4780,CDG - VIE,2025-05-11 21:25:00,2025-05-11 23:35:00,2024-11-25,-167,OPEN,2,189,189,T,66.0,2,158.0,93.22,0.01,2,ACTIVATED
617,AW7669,OSL - CDG,2025-05-12 05:55:00,2025-05-12 09:25:00,2024-11-25,-169,OPEN,2,189,189,H,165.0,0,0.0,0.0,0.0,0,ACTIVATED
613,AW4781,VIE - CDG,2025-05-12 06:00:00,2025-05-12 08:05:00,2024-11-25,-168,OPEN,2,189,189,L,94.0,0,0.0,0.0,0.0,0,ACTIVATED
616,AW7665,OSL - CDG,2025-05-12 06:30:00,2025-05-12 10:00:00,2024-11-25,-169,OPEN,2,189,189,H,165.0,0,0.0,0.0,0.0,0,ACTIVATED
4116,AW3423,TLL - CDG,2025-05-12 06:45:00,2025-05-12 09:35:00,2024-11-25,-168,OPEN,2,186,186,H,212.0,2,424.0,378.0,0.01,2,SCHEDULED
607,AW7640,CDG - OSL,2025-05-12 07:15:00,2025-05-12 08:55:00,2024-11-25,-168,CANCELLED,2,189,189,,,0,0.0,0.0,0.0,0,UNAVAILABLE
5147,AW3284,CDG - TLL,2025-05-12 07:45:00,2025-05-12 12:30:00,2024-11-25,-168,OPEN,2,189,189,R,100.0,6,585.0,194.93,0.03,6,SCHEDULED
4710,AW3550,CDG - HEL,2025-05-12 08:20:00,2025-05-12 12:40:00,2024-11-25,-168,OPEN,2,189,189,Q,192.0,4,930.0,786.7,0.02,4,ACTIVATED
614,AW7641,OSL - CDG,2025-05-12 09:35:00,2025-05-12 13:05:00,2024-11-25,-169,CANCELLED,2,189,189,,,0,0.0,0.0,0.0,0,UNAVAILABLE
4712,AW4632,CDG - VIE,2025-05-12 10:05:00,2025-05-12 12:15:00,2024-11-25,-168,OPEN,2,189,189,G,58.0,4,380.0,236.7,0.02,4,ACTIVATED
4970,AW3280,CDG - TLL,2025-05-12 10:10:00,2025-05-12 14:55:00,2024-11-25,-168,OPEN,2,186,186,R,100.0,5,472.0,170.66,0.03,5,SCHEDULED
608,AW7644,CDG - OSL,2025-05-12 11:10:00,2025-05-12 12:50:00,2024-11-25,-168,OPEN,2,189,189,R,75.0,0,0.0,0.0,0.0,0,ACTIVATED
611,AW4633,VIE - CDG,2025-05-12 13:05:00,2025-05-12 15:10:00,2024-11-25,-168,OPEN,2,189,189,K,108.0,0,0.0,0.0,0.0,0,ACTIVATED
5428,AW3551,HEL - CDG,2025-05-12 13:25:00,2025-05-12 16:10:00,2024-11-25,-168,OPEN,2,189,189,D,310.0,8,1736.0,1560.4,0.04,8,ACTIVATED
606,AW3285,TLL - CDG,2025-05-12 13:25:00,2025-05-12 16:15:00,2024-11-25,-168,OPEN,2,189,189,Q,188.0,0,0.0,0.0,0.0,0,SCHEDULED
4117,AW7645,OSL - CDG,2025-05-12 13:35:00,2025-05-12 17:05:00,2024-11-25,-169,OPEN,2,189,175,Q,147.0,2,514.0,468.78,0.01,2,ACTIVATED
6733,AW4634,CDG - VIE,2025-05-12 14:30:00,2025-05-12 16:40:00,2024-11-25,-168,OPEN,2,189,189,R,75.0,38,3331.08,2100.26,0.2,38,ACTIVATED
603,AW3558,CDG - HEL,2025-05-12 14:55:00,2025-05-12 19:15:00,2024-11-25,-168,CANCELLED,2,189,189,,,0,0.0,0.0,0.0,0,UNAVAILABLE
605,AW3281,TLL - CDG,2025-05-12 15:55:00,2025-05-12 18:45:00,2024-11-25,-168,OPEN,2,186,186,Q,188.0,0,0.0,0.0,0.0,0,SCHEDULED
4711,AW7648,CDG - OSL,2025-05-12 16:50:00,2025-05-12 18:30:00,2024-11-25,-168,OPEN,2,189,189,R,75.0,4,272.0,142.44,0.02,4,ACTIVATED
612,AW4635,VIE - CDG,2025-05-12 17:30:00,2025-05-12 19:35:00,2024-11-25,-168,OPEN,2,189,189,K,108.0,0,0.0,0.0,0.0,0,ACTIVATED
4115,AW3422,CDG - TLL,2025-05-12 19:00:00,2025-05-12 23:45:00,2024-11-25,-168,OPEN,2,186,186,G,83.0,2,147.0,29.46,0.01,2,SCHEDULED
615,AW7649,OSL - CDG,2025-05-12 19:10:00,2025-05-12 22:40:00,2024-11-25,-169,OPEN,2,189,189,Q,147.0,0,0.0,0.0,0.0,0,ACTIVATED
604,AW3559,HEL - CDG,2025-05-12 20:00:00,2025-05-12 22:45:00,2024-11-25,-168,CANCELLED,2,189,189,,,0,0.0,0.0,0.0,0,UNAVAILABLE
609,AW7664,CDG - OSL,2025-05-12 20:45:00,2025-05-12 22:25:00,2024-11-25,-168,OPEN,2,189,189,G,57.0,0,0.0,0.0,0.0,0,ACTIVATED
610,AW7668,CDG - OSL,2025-05-12 21:15:00,2025-05-12 22:55:00,2024-11-25,-168,OPEN,2,189,189,G,57.0,0,0.0,0.0,0.0,0,ACTIVATED
3806,AW4780,CDG - VIE,2025-05-12 21:20:00,2025-05-12 23:30:00,2024-11-25,-168,OPEN,2,189,189,G,58.0,1,58.0,18.74,0.01,1,ACTIVATED
5299,AW4781,VIE - CDG,2025-05-13 06:00:00,2025-05-13 08:05:00,2024-11-25,-169,OPEN,2,189,189,G,52.0,7,364.0,232.4,0.04,7,ACTIVATED
632,AW7669,OSL - CDG,2025-05-13 06:00:00,2025-05-13 09:30:00,2024-11-25,-170,OPEN,2,189,189,L,96.0,0,0.0,0.0,0.0,0,ACTIVATED
4119,AW4670,CDG - BUD,2025-05-13 06:15:00,2025-05-13 09:20:00,2024-11-25,-169,OPEN,2,189,99,T,68.0,2,221.0,156.22,0.02,2,SCHEDULED
631,AW7665,OSL - CDG,2025-05-13 06:30:00,2025-05-13 10:00:00,2024-11-25,-170,OPEN,2,189,189,V,128.0,0,0.0,0.0,0.0,0,ACTIVATED
618,AW3423,TLL - CDG,2025-05-13 06:45:00,2025-05-13 09:35:00,2024-11-25,-169,OPEN,2,186,186,X,109.0,0,0.0,0.0,0.0,0,SCHEDULED
4118,AW7640,CDG - OSL,2025-05-13 07:15:00,2025-05-13 08:55:00,2024-11-25,-169,OPEN,2,189,136,L,97.0,2,256.0,177.48,0.01,2,ACTIVATED
629,AW7641,OSL - CDG,2025-05-13 09:35:00,2025-05-13 13:05:00,2024-11-25,-170,OPEN,2,189,136,V,128.0,0,0.0,0.0,0.0,0,ACTIVATED
5905,AW3288,CDG - TLL,2025-05-13 09:50:00,2025-05-13 14:35:00,2024-11-25,-169,OPEN,2,186,186,X,111.0,13,1369.0,575.03,0.07,13,SCHEDULED
4120,AW4632,CDG - VIE,2025-05-13 10:05:00,2025-05-13 12:15:00,2024-11-25,-169,OPEN,2,189,189,T,66.0,2,132.0,53.48,0.01,2,ACTIVATED
5670,AW4671,BUD - CDG,2025-05-13 10:05:00,2025-05-13 15:00:00,2024-11-25,-170,OPEN,2,189,99,V,132.0,10,1178.0,1079.8,0.1,10,DEACTIVATED
5828,AW3558,CDG - HEL,2025-05-13 11:30:00,2025-05-13 15:50:00,2024-11-25,-169,OPEN,2,189,189,Q,192.0,12,2732.0,2274.62,0.06,12,ACTIVATED
5552,AW7644,CDG - OSL,2025-05-13 11:50:00,2025-05-13 13:30:00,2024-11-25,-169,OPEN,2,189,189,T,65.0,9,645.52,305.92,0.05,9,ACTIVATED
6696,AW4633,VIE - CDG,2025-05-13 13:05:00,2025-05-13 15:10:00,2024-11-25,-169,OPEN,2,189,189,K,108.0,36,2972.04,2295.24,0.19,36,ACTIVATED
3807,AW7645,OSL - CDG,2025-05-13 14:15:00,2025-05-13 17:45:00,2024-11-25,-170,OPEN,2,189,189,Q,147.0,1,128.0,105.39,0.01,1,ACTIVATED
624,AW3286,CDG - TLL,2025-05-13 14:20:00,2025-05-13 19:05:00,2024-11-25,-169,CANCELLED,2,186,186,,,0,0.0,0.0,0.0,0,UNAVAILABLE
621,AW4636,CDG - VIE,2025-05-13 15:00:00,2025-05-13 17:10:00,2024-11-25,-169,OPEN,2,189,189,T,66.0,0,0.0,0.0,0.0,0,ACTIVATED
5148,AW3289,TLL - CDG,2025-05-13 15:35:00,2025-05-13 18:25:00,2024-11-25,-169,OPEN,2,186,186,X,109.0,6,552.0,414.0,0.03,6,SCHEDULED
5962,AW3559,HEL - CDG,2025-05-13 16:35:00,2025-05-13 19:20:00,2024-11-25,-169,OPEN,2,189,189,V,160.0,14,2690.0,2382.7,0.07,14,ACTIVATED
4713,AW7648,CDG - OSL,2025-05-13 16:45:00,2025-05-13 18:25:00,2024-11-25,-169,OPEN,2,189,189,G,57.0,4,337.0,186.83,0.02,4,ACTIVATED
622,AW4637,VIE - CDG,2025-05-13 18:00:00,2025-05-13 20:05:00,2024-11-25,-169,OPEN,2,189,189,T,60.0,0,0.0,0.0,0.0,0,ACTIVATED
4971,AW3422,CDG - TLL,2025-05-13 19:00:00,2025-05-13 23:45:00,2024-11-25,-169,OPEN,2,186,186,G,83.0,5,380.0,86.15,0.03,5,SCHEDULED
630,AW7649,OSL - CDG,2025-05-13 19:05:00,2025-05-13 22:35:00,2024-11-25,-170,OPEN,2,189,189,R,69.0,0,0.0,0.0,0.0,0,ACTIVATED
625,AW3287,TLL - CDG,2025-05-13 20:00:00,2025-05-13 22:50:00,2024-11-25,-169,CANCELLED,2,186,186,,,0,0.0,0.0,0.0,0,UNAVAILABLE
619,AW7664,CDG - OSL,2025-05-13 20:45:00,2025-05-13 22:25:00,2024-11-25,-169,OPEN,2,189,189,N,50.0,0,0.0,0.0,0.0,0,ACTIVATED
620,AW7668,CDG - OSL,2025-05-13 21:15:00,2025-05-13 22:55:00,2024-11-25,-169,OPEN,2,189,189,N,50.0,0,0.0,0.0,0.0,0,ACTIVATED
623,AW4780,CDG - VIE,2025-05-13 21:20:00,2025-05-13 23:30:00,2024-11-25,-169,OPEN,2,189,189,T,66.0,0,0.0,0.0,0.0,0,ACTIVATED
645,AW7665,OSL - CDG,2025-05-14 06:00:00,2025-05-14 09:30:00,2024-11-25,-171,OPEN,2,189,189,T,57.0,0,0.0,0.0,0.0,0,ACTIVATED
5430,AW4781,VIE - CDG,2025-05-14 06:15:00,2025-05-14 08:20:00,2024-11-25,-170,OPEN,2,189,189,G,52.0,8,536.0,385.6,0.04,8,ACTIVATED
3808,AW7669,OSL - CDG,2025-05-14 06:30:00,2025-05-14 10:00:00,2024-11-25,-171,OPEN,2,189,189,T,57.0,1,69.0,46.39,0.01,1,ACTIVATED
4123,AW3423,TLL - CDG,2025-05-14 06:45:00,2025-05-14 09:35:00,2024-11-25,-170,OPEN,2,186,186,T,80.0,2,160.0,114.0,0.01,2,SCHEDULED
637,AW7640,CDG - OSL,2025-05-14 07:15:00,2025-05-14 08:55:00,2024-11-25,-170,CANCELLED,2,186,186,,,0,0.0,0.0,0.0,0,UNAVAILABLE
633,AW3550,CDG - HEL,2025-05-14 08:30:00,2025-05-14 12:50:00,2024-11-25,-170,CANCELLED,2,189,189,,,0,0.0,0.0,0.0,0,UNAVAILABLE
644,AW7641,OSL - CDG,2025-05-14 09:35:00,2025-05-14 13:05:00,2024-11-25,-171,CANCELLED,2,186,186,,,0,0.0,0.0,0.0,0,UNAVAILABLE
5829,AW3284,CDG - TLL,2025-05-14 10:05:00,2025-05-14 14:50:00,2024-11-25,-170,OPEN,2,189,189,R,100.0,12,1312.0,561.82,0.06,12,SCHEDULED
4717,AW4632,CDG - VIE,2025-05-14 10:15:00,2025-05-14 12:25:00,2024-11-25,-170,OPEN,2,189,189,T,66.0,4,250.0,106.7,0.02,4,ACTIVATED
636,AW3288,CDG - TLL,2025-05-14 10:55:00,2025-05-14 15:40:00,2024-11-25,-170,OPEN,2,186,186,T,92.0,0,0.0,0.0,0.0,0,SCHEDULED
638,AW7644,CDG - OSL,2025-05-14 11:50:00,2025-05-14 13:30:00,2024-11-25,-170,OPEN,2,189,189,T,65.0,0,0.0,0.0,0.0,0,ACTIVATED
641,AW4633,VIE - CDG,2025-05-14 13:15:00,2025-05-14 15:20:00,2024-11-25,-170,OPEN,2,189,189,G,52.0,0,0.0,0.0,0.0,0,ACTIVATED
634,AW3551,HEL - CDG,2025-05-14 13:35:00,2025-05-14 16:20:00,2024-11-25,-170,CANCELLED,2,189,189,,,0,0.0,0.0,0.0,0,UNAVAILABLE
4492,AW7645,OSL - CDG,2025-05-14 14:10:00,2025-05-14 17:40:00,2024-11-25,-171,OPEN,2,189,189,R,69.0,3,372.0,304.17,0.02,3,ACTIVATED
635,AW3286,CDG - TLL,2025-05-14 14:20:00,2025-05-14 19:05:00,2024-11-25,-170,OPEN,2,186,186,T,92.0,0,0.0,0.0,0.0,0,SCHEDULED
5906,AW3558,CDG - HEL,2025-05-14 14:20:00,2025-05-14 18:40:00,2024-11-25,-170,OPEN,2,189,189,Q,192.0,13,2840.0,2370.84,0.07,13,ACTIVATED
642,AW4636,CDG - VIE,2025-05-14 14:40:00,2025-05-14 16:50:00,2024-11-25,-170,OPEN,2,189,189,T,66.0,0,0.0,0.0,0.0,0,ACTIVATED
4715,AW3285,TLL - CDG,2025-05-14 15:45:00,2025-05-14 18:35:00,2024-11-25,-170,OPEN,2,189,189,R,93.0,4,372.0,280.0,0.02,4,SCHEDULED
4122,AW3289,TLL - CDG,2025-05-14 16:40:00,2025-05-14 19:30:00,2024-11-25,-170,OPEN,2,186,186,R,93.0,2,173.0,127.0,0.01,2,SCHEDULED
639,AW7646,CDG - OSL,2025-05-14 16:45:00,2025-05-14 18:25:00,2024-11-25,-170,OPEN,2,189,189,T,65.0,0,0.0,0.0,0.0,0,ACTIVATED
5429,AW4637,VIE - CDG,2025-05-14 17:40:00,2025-05-14 19:45:00,2024-11-25,-170,OPEN,2,189,189,L,94.0,8,1016.0,865.6,0.04,8,ACTIVATED
4716,AW3422,CDG - TLL,2025-05-14 19:00:00,2025-05-14 23:45:00,2024-11-25,-170,OPEN,2,186,186,G,83.0,4,336.0,85.94,0.02,4,SCHEDULED
5671,AW7647,OSL - CDG,2025-05-14 19:10:00,2025-05-14 22:40:00,2024-11-25,-171,OPEN,2,189,189,R,69.0,10,642.0,415.9,0.05,10,ACTIVATED
4714,AW3559,HEL - CDG,2025-05-14 19:25:00,2025-05-14 22:10:00,2024-11-25,-170,OPEN,2,189,189,L,129.0,4,676.0,588.2,0.02,4,ACTIVATED
4121,AW3287,TLL - CDG,2025-05-14 20:00:00,2025-05-14 22:50:00,2024-11-25,-170,OPEN,2,186,186,R,93.0,2,186.0,140.0,0.01,2,SCHEDULED
4491,AW7664,CDG - OSL,2025-05-14 20:45:00,2025-05-14 22:25:00,2024-11-25,-170,OPEN,2,189,189,G,57.0,3,171.0,53.22,0.02,3,ACTIVATED
640,AW7668,CDG - OSL,2025-05-14 21:15:00,2025-05-14 22:55:00,2024-11-25,-170,OPEN,2,189,189,G,57.0,0,0.0,0.0,0.0,0,ACTIVATED
643,AW4780,CDG - VIE,2025-05-14 21:20:00,2025-05-14 23:30:00,2024-11-25,-170,OPEN,2,189,189,T,66.0,0,0.0,0.0,0.0,0,ACTIVATED
652,AW7665,OSL - CDG,2025-05-15 06:00:00,2025-05-15 09:30:00,2024-11-25,-172,OPEN,2,189,189,T,57.0,0,0.0,0.0,0.0,0,ACTIVATED
6803,AW4781,VIE - CDG,2025-05-15 06:00:00,2025-05-15 08:05:00,2024-11-25,-171,OPEN,2,189,189,K,108.0,42,2856.0,2066.4,0.22,42,ACTIVATED
653,AW7669,OSL - CDG,2025-05-15 06:30:00,2025-05-15 10:00:00,2024-11-25,-172,OPEN,2,189,189,T,57.0,0,0.0,0.0,0.0,0,ACTIVATED
4972,AW3423,TLL - CDG,2025-05-15 06:45:00,2025-05-15 09:35:00,2024-11-25,-171,OPEN,2,186,186,T,80.0,5,389.0,274.0,0.03,5,SCHEDULED
646,AW7640,CDG - OSL,2025-05-15 07:15:00,2025-05-15 08:55:00,2024-11-25,-171,OPEN,2,186,186,R,75.0,0,0.0,0.0,0.0,0,ACTIVATED
6802,AW3550,CDG - HEL,2025-05-15 08:10:00,2025-05-15 12:30:00,2024-11-25,-171,OPEN,2,189,189,X,125.0,42,8688.0,7300.14,0.22,42,ACTIVATED
4127,AW7641,OSL - CDG,2025-05-15 09:35:00,2025-05-15 13:05:00,2024-11-25,-172,OPEN,2,186,186,R,69.0,2,138.0,92.78,0.01,2,ACTIVATED
4495,AW4632,CDG - VIE,2025-05-15 09:45:00,2025-05-15 11:55:00,2024-11-25,-171,OPEN,2,189,189,T,66.0,3,244.0,139.96,0.02,3,ACTIVATED
650,AW4670,CDG - BUD,2025-05-15 10:05:00,2025-05-15 13:10:00,2024-11-25,-171,CANCELLED,2,189,99,,,0,0.0,0.0,0.0,0,UNAVAILABLE
6378,AW3288,CDG - TLL,2025-05-15 11:25:00,2025-05-15 16:10:00,2024-11-25,-171,OPEN,2,186,186,K,135.0,24,2758.0,1205.21,0.13,24,SCHEDULED
4126,AW7644,CDG - OSL,2025-05-15 11:50:00,2025-05-15 13:30:00,2024-11-25,-171,OPEN,2,189,189,R,75.0,2,194.0,115.48,0.01,2,ACTIVATED
4973,AW4633,VIE - CDG,2025-05-15 12:45:00,2025-05-15 14:50:00,2024-11-25,-171,OPEN,2,189,189,T,60.0,5,300.0,206.0,0.03,5,ACTIVATED
4124,AW3551,HEL - CDG,2025-05-15 13:15:00,2025-05-15 16:00:00,2024-11-25,-171,OPEN,2,189,189,L,129.0,2,394.0,350.1,0.01,2,ACTIVATED
661,AW4671,BUD - CDG,2025-05-15 13:55:00,2025-05-15 18:50:00,2024-11-25,-172,CANCELLED,2,189,99,,,0,0.0,0.0,0.0,0,UNAVAILABLE
651,AW7645,OSL - CDG,2025-05-15 14:15:00,2025-05-15 17:45:00,2024-11-25,-172,OPEN,2,189,189,R,69.0,0,0.0,0.0,0.0,0,ACTIVATED
5431,AW4636,CDG - VIE,2025-05-15 14:30:00,2025-05-15 16:40:00,2024-11-25,-171,OPEN,2,189,189,R,75.0,8,466.0,206.88,0.04,8,ACTIVATED
6955,AW3556,CDG - HEL,2025-05-15 15:00:00,2025-05-15 19:20:00,2024-11-25,-171,OPEN,2,189,189,R,112.0,51,6268.0,4279.48,0.27,51,ACTIVATED
5149,AW7646,CDG - OSL,2025-05-15 15:20:00,2025-05-15 17:00:00,2024-11-25,-171,OPEN,2,189,189,R,75.0,6,764.0,542.18,0.03,6,ACTIVATED
4493,AW3289,TLL - CDG,2025-05-15 17:10:00,2025-05-15 20:00:00,2024-11-25,-171,OPEN,2,186,186,T,80.0,3,229.0,160.0,0.02,3,SCHEDULED
5150,AW4637,VIE - CDG,2025-05-15 17:30:00,2025-05-15 19:35:00,2024-11-25,-171,OPEN,2,189,189,T,60.0,6,488.0,375.2,0.03,6,ACTIVATED
4128,AW7647,OSL - CDG,2025-05-15 17:40:00,2025-05-15 21:10:00,2024-11-25,-172,OPEN,2,189,189,R,69.0,2,164.0,118.78,0.01,2,ACTIVATED
4494,AW3422,CDG - TLL,2025-05-15 19:00:00,2025-05-15 23:45:00,2024-11-25,-171,OPEN,2,186,186,R,100.0,3,225.03,41.23,0.02,3,SCHEDULED
4125,AW3557,HEL - CDG,2025-05-15 20:05:00,2025-05-15 22:50:00,2024-11-25,-171,OPEN,2,189,189,L,129.0,2,258.0,214.1,0.01,2,ACTIVATED
647,AW7664,CDG - OSL,2025-05-15 20:45:00,2025-05-15 22:25:00,2024-11-25,-171,OPEN,2,189,189,X,86.0,0,0.0,0.0,0.0,0,ACTIVATED
648,AW7668,CDG - OSL,2025-05-15 21:15:00,2025-05-15 22:55:00,2024-11-25,-171,OPEN,2,189,189,X,86.0,0,0.0,0.0,0.0,0,ACTIVATED
649,AW4780,CDG - VIE,2025-05-15 21:15:00,2025-05-15 23:25:00,2024-11-25,-171,OPEN,2,189,189,X,86.0,0,0.0,0.0,0.0,0,ACTIVATED
4719,AW7665,OSL - CDG,2025-05-16 06:00:00,2025-05-16 09:30:00,2024-11-25,-173,OPEN,2,189,189,T,57.0,4,228.0,136.84,0.02,4,ACTIVATED
4974,AW7669,OSL - CDG,2025-05-16 06:30:00,2025-05-16 10:00:00,2024-11-25,-173,OPEN,2,189,189,T,57.0,5,369.0,255.95,0.03,5,ACTIVATED
5554,AW3423,TLL - CDG,2025-05-16 06:35:00,2025-05-16 09:25:00,2024-11-25,-172,OPEN,2,186,186,X,109.0,9,832.0,625.0,0.05,9,SCHEDULED
5152,AW4781,VIE - CDG,2025-05-16 06:55:00,2025-05-16 09:00:00,2024-11-25,-172,OPEN,2,189,189,T,60.0,6,744.0,631.2,0.03,6,ACTIVATED
654,AW7640,CDG - OSL,2025-05-16 07:20:00,2025-05-16 09:00:00,2024-11-25,-172,CANCELLED,2,186,186,,,0,0.0,0.0,0.0,0,UNAVAILABLE
5432,AW3550,CDG - HEL,2025-05-16 07:30:00,2025-05-16 11:50:00,2024-11-25,-172,OPEN,2,189,189,H,211.0,8,1838.0,1551.4,0.04,8,ACTIVATED
5300,AW3280,CDG - TLL,2025-05-16 09:05:00,2025-05-16 13:50:00,2024-11-25,-172,OPEN,2,186,186,X,111.0,7,722.0,258.18,0.04,7,SCHEDULED
664,AW7641,OSL - CDG,2025-05-16 09:40:00,2025-05-16 13:10:00,2024-11-25,-173,CANCELLED,2,186,186,,,0,0.0,0.0,0.0,0,UNAVAILABLE
658,AW4632,CDG - VIE,2025-05-16 10:05:00,2025-05-16 12:15:00,2024-11-25,-172,OPEN,2,189,189,L,97.0,0,0.0,0.0,0.0,0,ACTIVATED
3809,AW7644,CDG - OSL,2025-05-16 11:10:00,2025-05-16 12:50:00,2024-11-25,-172,OPEN,2,189,189,H,158.0,1,158.0,118.74,0.01,1,ACTIVATED
5672,AW3551,HEL - CDG,2025-05-16 12:35:00,2025-05-16 15:20:00,2024-11-25,-172,OPEN,2,189,189,L,129.0,10,1888.0,1668.5,0.05,10,ACTIVATED
659,AW4633,VIE - CDG,2025-05-16 13:05:00,2025-05-16 15:10:00,2024-11-25,-172,OPEN,2,189,189,R,70.0,0,0.0,0.0,0.0,0,ACTIVATED
662,AW3284,CDG - TLL,2025-05-16 13:25:00,2025-05-16 18:10:00,2024-11-25,-172,CANCELLED,2,189,189,,,0,0.0,0.0,0.0,0,UNAVAILABLE
6804,AW7645,OSL - CDG,2025-05-16 13:35:00,2025-05-16 17:05:00,2024-11-25,-173,OPEN,2,189,189,L,96.0,42,3441.2,2491.58,0.22,42,ACTIVATED
6249,AW3281,TLL - CDG,2025-05-16 14:50:00,2025-05-16 17:40:00,2024-11-25,-172,OPEN,2,186,186,X,109.0,20,2239.0,1779.0,0.11,20,SCHEDULED
4129,AW4636,CDG - VIE,2025-05-16 14:55:00,2025-05-16 17:05:00,2024-11-25,-172,OPEN,2,189,189,R,75.0,2,278.0,199.48,0.01,2,ACTIVATED
5151,AW3558,CDG - HEL,2025-05-16 14:55:00,2025-05-16 19:15:00,2024-11-25,-172,OPEN,2,189,189,Q,192.0,6,1152.0,916.44,0.03,6,ACTIVATED
655,AW7648,CDG - OSL,2025-05-16 16:25:00,2025-05-16 18:05:00,2024-11-25,-172,OPEN,2,189,189,M,175.0,0,0.0,0.0,0.0,0,ACTIVATED
4718,AW4637,VIE - CDG,2025-05-16 17:55:00,2025-05-16 20:00:00,2024-11-25,-172,OPEN,2,189,189,R,70.0,4,544.0,468.8,0.02,4,ACTIVATED
4497,AW7649,OSL - CDG,2025-05-16 18:45:00,2025-05-16 22:15:00,2024-11-25,-173,OPEN,2,189,189,X,82.0,3,246.0,178.17,0.02,3,ACTIVATED
4496,AW3422,CDG - TLL,2025-05-16 19:00:00,2025-05-16 23:45:00,2024-11-25,-172,OPEN,2,186,186,X,111.0,3,301.0,124.69,0.02,3,SCHEDULED
663,AW3285,TLL - CDG,2025-05-16 19:05:00,2025-05-16 21:55:00,2024-11-25,-172,CANCELLED,2,189,189,,,0,0.0,0.0,0.0,0,UNAVAILABLE
5553,AW3559,HEL - CDG,2025-05-16 20:00:00,2025-05-16 22:45:00,2024-11-25,-172,OPEN,2,189,189,L,129.0,9,1710.0,1512.45,0.05,9,ACTIVATED
656,AW7664,CDG - OSL,2025-05-16 20:45:00,2025-05-16 22:25:00,2024-11-25,-172,OPEN,2,189,189,H,158.0,0,0.0,0.0,0.0,0,ACTIVATED
660,AW4780,CDG - VIE,2025-05-16 21:10:00,2025-05-16 23:20:00,2024-11-25,-172,OPEN,2,189,189,K,110.0,0,0.0,0.0,0.0,0,ACTIVATED
657,AW7668,CDG - OSL,2025-05-16 21:15:00,2025-05-16 22:55:00,2024-11-25,-172,OPEN,2,189,189,H,158.0,0,0.0,0.0,0.0,0,ACTIVATED
675,AW7665,OSL - CDG,2025-05-17 05:55:00,2025-05-17 09:25:00,2024-11-25,-174,OPEN,2,189,189,T,57.0,0,0.0,0.0,0.0,0,ACTIVATED
674,AW4781,VIE - CDG,2025-05-17 06:00:00,2025-05-17 08:05:00,2024-11-25,-173,OPEN,2,189,189,R,70.0,0,0.0,0.0,0.0,0,ACTIVATED
6403,AW4670,CDG - BUD,2025-05-17 06:15:00,2025-05-17 09:20:00,2024-11-25,-173,OPEN,2,186,116,X,90.0,25,1861.0,982.55,0.22,25,SCHEDULED
676,AW7669,OSL - CDG,2025-05-17 06:25:00,2025-05-17 09:55:00,2024-11-25,-174,OPEN,2,189,189,T,57.0,0,0.0,0.0,0.0,0,ACTIVATED
5830,AW3423,TLL - CDG,2025-05-17 06:45:00,2025-05-17 09:35:00,2024-11-25,-173,OPEN,2,186,186,T,80.0,12,960.0,684.0,0.06,12,SCHEDULED
4975,AW3550,CDG - HEL,2025-05-17 08:35:00,2025-05-17 12:55:00,2024-11-25,-173,OPEN,2,189,189,H,211.0,5,1124.0,948.31,0.03,5,ACTIVATED
5760,AW3280,CDG - TLL,2025-05-17 09:00:00,2025-05-17 13:45:00,2024-11-25,-173,OPEN,2,189,189,X,111.0,11,1345.0,623.63,0.06,11,SCHEDULED
5761,AW4671,BUD - CDG,2025-05-17 10:05:00,2025-05-17 15:00:00,2024-11-25,-174,OPEN,2,186,116,R,72.0,11,845.0,736.98,0.09,11,DEACTIVATED
672,AW4636,CDG - VIE,2025-05-17 10:10:00,2025-05-17 12:20:00,2024-11-25,-173,OPEN,2,189,189,T,66.0,0,0.0,0.0,0.0,0,ACTIVATED
5555,AW3288,CDG - TLL,2025-05-17 10:15:00,2025-05-17 15:00:00,2024-11-25,-173,OPEN,2,186,186,X,111.0,9,985.0,403.64,0.05,9,SCHEDULED
666,AW7644,CDG - OSL,2025-05-17 10:20:00,2025-05-17 12:00:00,2024-11-25,-173,OPEN,2,189,179,M,175.0,0,0.0,0.0,0.0,0,ACTIVATED
6465,AW7645,OSL - CDG,2025-05-17 12:40:00,2025-05-17 16:10:00,2024-11-25,-174,OPEN,2,189,179,X,82.0,27,2483.96,1869.53,0.15,27,ACTIVATED
673,AW4637,VIE - CDG,2025-05-17 13:10:00,2025-05-17 15:15:00,2024-11-25,-173,OPEN,2,189,189,R,70.0,0,0.0,0.0,0.0,0,ACTIVATED
671,AW4634,CDG - VIE,2025-05-17 13:35:00,2025-05-17 15:45:00,2024-11-25,-173,OPEN,2,189,189,X,86.0,0,0.0,0.0,0.0,0,ACTIVATED
7130,AW3551,HEL - CDG,2025-05-17 13:40:00,2025-05-17 16:25:00,2024-11-25,-173,OPEN,2,189,189,Q,178.0,66,11522.0,10073.3,0.35,66,ACTIVATED
4498,AW3281,TLL - CDG,2025-05-17 14:40:00,2025-05-17 17:30:00,2024-11-25,-173,OPEN,2,189,189,T,80.0,3,266.0,197.0,0.02,3,SCHEDULED
668,AW7658,CDG - OSL,2025-05-17 15:20:00,2025-05-17 17:00:00,2024-11-25,-173,OPEN,2,189,189,L,97.0,0,0.0,0.0,0.0,0,ACTIVATED
5963,AW3289,TLL - CDG,2025-05-17 16:00:00,2025-05-17 18:50:00,2024-11-25,-173,OPEN,2,186,186,T,80.0,14,1216.0,894.0,0.08,14,SCHEDULED
4720,AW4635,VIE - CDG,2025-05-17 16:40:00,2025-05-17 18:45:00,2024-11-25,-173,OPEN,2,189,189,R,70.0,4,376.0,300.8,0.02,4,ACTIVATED
667,AW7646,CDG - OSL,2025-05-17 16:45:00,2025-05-17 18:25:00,2024-11-25,-173,OPEN,2,186,186,L,97.0,0,0.0,0.0,0.0,0,ACTIVATED
4130,AW7659,OSL - CDG,2025-05-17 17:40:00,2025-05-17 21:10:00,2024-11-25,-174,OPEN,2,189,189,X,82.0,2,192.0,146.78,0.01,2,ACTIVATED
665,AW3422,CDG - TLL,2025-05-17 19:00:00,2025-05-17 23:45:00,2024-11-25,-173,OPEN,2,186,186,G,83.0,0,0.0,0.0,0.0,0,SCHEDULED
3810,AW7647,OSL - CDG,2025-05-17 19:05:00,2025-05-17 22:35:00,2024-11-25,-174,OPEN,2,186,186,R,69.0,1,96.0,73.39,0.01,1,ACTIVATED
669,AW7664,CDG - OSL,2025-05-17 20:45:00,2025-05-17 22:25:00,2024-11-25,-173,OPEN,2,189,189,X,86.0,0,0.0,0.0,0.0,0,ACTIVATED
670,AW7668,CDG - OSL,2025-05-17 21:15:00,2025-05-17 22:55:00,2024-11-25,-173,OPEN,2,189,189,X,86.0,0,0.0,0.0,0.0,0,ACTIVATED
6014,AW4780,CDG - VIE,2025-05-17 21:15:00,2025-05-17 23:25:00,2024-11-25,-173,OPEN,2,189,189,K,110.0,15,1556.0,994.58,0.08,15,ACTIVATED
5302,AW7669,OSL - CDG,2025-05-18 06:00:00,2025-05-18 09:30:00,2024-11-25,-175,OPEN,2,189,189,X,82.0,7,574.0,414.83,0.04,7,ACTIVATED
4978,AW4781,VIE - CDG,2025-05-18 06:00:00,2025-05-18 08:05:00,2024-11-25,-174,OPEN,2,189,189,T,60.0,5,300.0,206.0,0.03,5,ACTIVATED
4131,AW7665,OSL - CDG,2025-05-18 06:30:00,2025-05-18 10:00:00,2024-11-25,-175,OPEN,2,189,189,X,82.0,2,164.0,118.78,0.01,2,ACTIVATED
3811,AW3423,TLL - CDG,2025-05-18 07:00:00,2025-05-18 09:50:00,2024-11-25,-174,OPEN,2,186,186,X,109.0,1,93.0,70.0,0.01,1,SCHEDULED
678,AW7640,CDG - OSL,2025-05-18 07:20:00,2025-05-18 09:00:00,2024-11-25,-174,CANCELLED,2,189,189,,,0,0.0,0.0,0.0,0,UNAVAILABLE
4721,AW3280,CDG - TLL,2025-05-18 08:05:00,2025-05-18 12:50:00,2024-11-25,-174,OPEN,2,189,189,X,111.0,4,433.0,167.96,0.02,4,SCHEDULED
682,AW7641,OSL - CDG,2025-05-18 09:40:00,2025-05-18 13:10:00,2024-11-25,-175,CANCELLED,2,189,189,,,0,0.0,0.0,0.0,0,UNAVAILABLE
4499,AW7658,CDG - OSL,2025-05-18 10:20:00,2025-05-18 12:00:00,2024-11-25,-174,OPEN,2,189,189,X,86.0,3,258.0,140.22,0.02,3,ACTIVATED
5762,AW3288,CDG - TLL,2025-05-18 10:55:00,2025-05-18 15:40:00,2024-11-25,-174,OPEN,2,186,186,X,111.0,11,1317.0,588.14,0.06,11,SCHEDULED
680,AW4638,CDG - VIE,2025-05-18 10:55:00,2025-05-18 13:05:00,2024-11-25,-174,OPEN,2,189,189,X,86.0,0,0.0,0.0,0.0,0,ACTIVATED
5301,AW7659,OSL - CDG,2025-05-18 12:40:00,2025-05-18 16:10:00,2024-11-25,-175,OPEN,2,189,189,Q,147.0,7,489.8,331.17,0.04,7,ACTIVATED
6404,AW3281,TLL - CDG,2025-05-18 13:45:00,2025-05-18 16:35:00,2024-11-25,-174,OPEN,2,189,189,K,144.0,25,2491.0,1916.0,0.13,25,SCHEDULED
681,AW4639,VIE - CDG,2025-05-18 13:55:00,2025-05-18 16:00:00,2024-11-25,-174,OPEN,2,189,189,R,70.0,0,0.0,0.0,0.0,0,ACTIVATED
4500,AW4636,CDG - VIE,2025-05-18 14:35:00,2025-05-18 16:45:00,2024-11-25,-174,OPEN,2,189,189,X,86.0,3,258.0,140.22,0.02,3,ACTIVATED
6542,AW3556,CDG - HEL,2025-05-18 14:45:00,2025-05-18 19:05:00,2024-11-25,-174,OPEN,2,189,189,Q,192.0,30,3090.0,2118.3,0.16,30,ACTIVATED
677,AW3558,CDG - HEL,2025-05-18 15:00:00,2025-05-18 19:20:00,2024-11-25,-174,OPEN,2,189,189,Q,192.0,0,0.0,0.0,0.0,0,ACTIVATED
6250,AW3289,TLL - CDG,2025-05-18 16:40:00,2025-05-18 19:30:00,2024-11-25,-174,OPEN,2,186,186,X,109.0,20,1912.0,1452.0,0.11,20,SCHEDULED
679,AW7646,CDG - OSL,2025-05-18 16:45:00,2025-05-18 18:25:00,2024-11-25,-174,OPEN,2,189,189,X,86.0,0,0.0,0.0,0.0,0,ACTIVATED
5434,AW4637,VIE - CDG,2025-05-18 17:30:00,2025-05-18 19:35:00,2024-11-25,-174,OPEN,2,189,189,R,70.0,8,680.0,529.6,0.04,8,ACTIVATED
4976,AW3422,CDG - TLL,2025-05-18 19:00:00,2025-05-18 23:45:00,2024-11-25,-174,OPEN,2,186,186,R,100.0,5,465.0,171.15,0.03,5,SCHEDULED
4501,AW7647,OSL - CDG,2025-05-18 19:05:00,2025-05-18 22:35:00,2024-11-25,-175,OPEN,2,189,189,Q,147.0,3,441.0,373.17,0.02,3,ACTIVATED
5153,AW3557,HEL - CDG,2025-05-18 19:50:00,2025-05-18 22:35:00,2024-11-25,-174,OPEN,2,189,189,M,217.0,6,1486.0,1354.3,0.03,6,ACTIVATED
5433,AW3559,HEL - CDG,2025-05-18 20:05:00,2025-05-18 22:50:00,2024-11-25,-174,OPEN,2,189,189,H,197.0,8,1618.0,1442.4,0.04,8,ACTIVATED
3812,AW7664,CDG - OSL,2025-05-18 20:45:00,2025-05-18 22:25:00,2024-11-25,-174,OPEN,2,189,189,T,65.0,1,65.0,25.74,0.01,1,ACTIVATED
4977,AW7668,CDG - OSL,2025-05-18 21:15:00,2025-05-18 22:55:00,2024-11-25,-174,OPEN,2,189,189,X,86.0,5,368.0,178.57,0.03,5,ACTIVATED
6762,AW4780,CDG - VIE,2025-05-18 21:25:00,2025-05-18 23:35:00,2024-11-25,-174,OPEN,2,189,189,Q,140.0,40,4117.0,2608.43,0.21,40,ACTIVATED
694,AW7669,OSL - CDG,2025-05-19 05:55:00,2025-05-19 09:25:00,2024-11-25,-176,OPEN,2,189,189,X,82.0,0,0.0,0.0,0.0,0,ACTIVATED
691,AW4781,VIE - CDG,2025-05-19 06:00:00,2025-05-19 08:05:00,2024-11-25,-175,OPEN,2,189,189,X,82.0,0,0.0,0.0,0.0,0,ACTIVATED
693,AW7665,OSL - CDG,2025-05-19 06:30:00,2025-05-19 10:00:00,2024-11-25,-176,OPEN,2,189,189,X,82.0,0,0.0,0.0,0.0,0,ACTIVATED
5436,AW3423,TLL - CDG,2025-05-19 06:45:00,2025-05-19 09:35:00,2024-11-25,-175,OPEN,2,186,186,G,69.0,8,552.0,368.0,0.04,8,SCHEDULED
685,AW7640,CDG - OSL,2025-05-19 07:15:00,2025-05-19 08:55:00,2024-11-25,-175,CANCELLED,2,189,189,,,0,0.0,0.0,0.0,0,UNAVAILABLE
4979,AW3284,CDG - TLL,2025-05-19 07:45:00,2025-05-19 12:30:00,2024-11-25,-175,OPEN,2,189,189,R,100.0,5,582.0,265.68,0.03,5,SCHEDULED
5907,AW3550,CDG - HEL,2025-05-19 08:20:00,2025-05-19 12:40:00,2024-11-25,-175,OPEN,2,189,189,K,154.0,13,2216.0,1719.36,0.07,13,ACTIVATED
692,AW7641,OSL - CDG,2025-05-19 09:35:00,2025-05-19 13:05:00,2024-11-25,-176,CANCELLED,2,189,189,,,0,0.0,0.0,0.0,0,UNAVAILABLE
7226,AW4632,CDG - VIE,2025-05-19 10:05:00,2025-05-19 12:15:00,2024-11-25,-175,OPEN,2,189,189,T,66.0,73,6401.2,3803.15,0.39,73,ACTIVATED
5763,AW3280,CDG - TLL,2025-05-19 10:10:00,2025-05-19 14:55:00,2024-11-25,-175,OPEN,2,186,186,R,100.0,11,1099.0,422.57,0.06,11,SCHEDULED
686,AW7644,CDG - OSL,2025-05-19 11:10:00,2025-05-19 12:50:00,2024-11-25,-175,OPEN,2,189,189,X,86.0,0,0.0,0.0,0.0,0,ACTIVATED
688,AW4633,VIE - CDG,2025-05-19 13:05:00,2025-05-19 15:10:00,2024-11-25,-175,OPEN,2,189,189,K,108.0,0,0.0,0.0,0.0,0,ACTIVATED
5435,AW3285,TLL - CDG,2025-05-19 13:25:00,2025-05-19 16:15:00,2024-11-25,-175,OPEN,2,189,189,R,93.0,8,744.0,560.0,0.04,8,SCHEDULED
6379,AW3551,HEL - CDG,2025-05-19 13:25:00,2025-05-19 16:10:00,2024-11-25,-175,OPEN,2,189,189,L,129.0,24,4087.0,3560.2,0.13,24,ACTIVATED
4132,AW7645,OSL - CDG,2025-05-19 13:35:00,2025-05-19 17:05:00,2024-11-25,-176,OPEN,2,189,175,H,165.0,2,138.0,92.78,0.01,2,ACTIVATED
689,AW4634,CDG - VIE,2025-05-19 14:30:00,2025-05-19 16:40:00,2024-11-25,-175,OPEN,2,189,189,R,75.0,0,0.0,0.0,0.0,0,ACTIVATED
683,AW3558,CDG - HEL,2025-05-19 14:55:00,2025-05-19 19:15:00,2024-11-25,-175,CANCELLED,2,189,189,,,0,0.0,0.0,0.0,0,UNAVAILABLE
5764,AW3281,TLL - CDG,2025-05-19 15:55:00,2025-05-19 18:45:00,2024-11-25,-175,OPEN,2,186,186,X,109.0,11,1023.0,770.0,0.06,11,SCHEDULED
5303,AW7648,CDG - OSL,2025-05-19 16:50:00,2025-05-19 18:30:00,2024-11-25,-175,OPEN,2,189,189,T,65.0,7,590.0,335.79,0.04,7,ACTIVATED
6763,AW4635,VIE - CDG,2025-05-19 17:30:00,2025-05-19 19:35:00,2024-11-25,-175,OPEN,2,189,189,R,70.0,40,2526.14,1774.14,0.21,40,ACTIVATED
5964,AW3422,CDG - TLL,2025-05-19 19:00:00,2025-05-19 23:45:00,2024-11-25,-175,OPEN,2,186,186,K,135.0,14,1172.0,349.22,0.08,14,SCHEDULED
4503,AW7649,OSL - CDG,2025-05-19 19:10:00,2025-05-19 22:40:00,2024-11-25,-176,OPEN,2,189,189,X,82.0,3,246.0,178.17,0.02,3,ACTIVATED
684,AW3559,HEL - CDG,2025-05-19 20:00:00,2025-05-19 22:45:00,2024-11-25,-175,CANCELLED,2,189,189,,,0,0.0,0.0,0.0,0,UNAVAILABLE
4502,AW7664,CDG - OSL,2025-05-19 20:45:00,2025-05-19 22:25:00,2024-11-25,-175,OPEN,2,189,189,G,57.0,3,235.0,130.96,0.02,3,ACTIVATED
687,AW7668,CDG - OSL,2025-05-19 21:15:00,2025-05-19 22:55:00,2024-11-25,-175,OPEN,2,189,189,G,57.0,0,0.0,0.0,0.0,0,ACTIVATED
690,AW4780,CDG - VIE,2025-05-19 21:20:00,2025-05-19 23:30:00,2024-11-25,-175,OPEN,2,189,189,G,58.0,0,0.0,0.0,0.0,0,ACTIVATED
5556,AW4781,VIE - CDG,2025-05-20 06:00:00,2025-05-20 08:05:00,2024-11-25,-176,OPEN,2,189,189,G,52.0,9,558.0,388.8,0.05,9,ACTIVATED
703,AW7669,OSL - CDG,2025-05-20 06:00:00,2025-05-20 09:30:00,2024-11-25,-177,OPEN,2,189,189,T,57.0,0,0.0,0.0,0.0,0,ACTIVATED
5304,AW4670,CDG - BUD,2025-05-20 06:15:00,2025-05-20 09:20:00,2024-11-25,-176,OPEN,2,189,99,T,68.0,7,491.0,250.53,0.07,7,SCHEDULED
4509,AW7665,OSL - CDG,2025-05-20 06:30:00,2025-05-20 10:00:00,2024-11-25,-177,OPEN,2,189,189,T,57.0,3,171.0,102.63,0.02,3,ACTIVATED
5673,AW3423,TLL - CDG,2025-05-20 06:45:00,2025-05-20 09:35:00,2024-11-25,-176,OPEN,2,186,186,G,69.0,10,690.0,460.0,0.05,10,SCHEDULED
695,AW7640,CDG - OSL,2025-05-20 07:15:00,2025-05-20 08:55:00,2024-11-25,-176,OPEN,2,189,136,X,86.0,0,0.0,0.0,0.0,0,ACTIVATED
4508,AW7641,OSL - CDG,2025-05-20 09:35:00,2025-05-20 13:05:00,2024-11-25,-177,OPEN,2,189,136,X,82.0,3,246.0,178.17,0.02,3,ACTIVATED
3813,AW3288,CDG - TLL,2025-05-20 09:50:00,2025-05-20 14:35:00,2024-11-25,-176,OPEN,2,186,186,X,111.0,1,93.0,34.23,0.01,1,SCHEDULED
699,AW4632,CDG - VIE,2025-05-20 10:05:00,2025-05-20 12:15:00,2024-11-25,-176,OPEN,2,189,189,T,66.0,0,0.0,0.0,0.0,0,ACTIVATED
3815,AW4671,BUD - CDG,2025-05-20 10:05:00,2025-05-20 15:00:00,2024-11-25,-177,OPEN,2,189,99,L,99.0,1,99.0,89.18,0.01,1,DEACTIVATED
5437,AW3558,CDG - HEL,2025-05-20 11:30:00,2025-05-20 15:50:00,2024-11-25,-176,OPEN,2,189,189,K,154.0,8,1432.0,1145.4,0.04,8,ACTIVATED
4133,AW7644,CDG - OSL,2025-05-20 11:50:00,2025-05-20 13:30:00,2024-11-25,-176,OPEN,2,189,189,R,75.0,2,150.0,71.48,0.01,2,ACTIVATED
4507,AW4633,VIE - CDG,2025-05-20 13:05:00,2025-05-20 15:10:00,2024-11-25,-176,OPEN,2,189,189,T,60.0,3,214.0,157.6,0.02,3,ACTIVATED
4134,AW7645,OSL - CDG,2025-05-20 14:15:00,2025-05-20 17:45:00,2024-11-25,-177,OPEN,2,189,189,L,96.0,2,192.0,146.42,0.01,2,ACTIVATED
701,AW3286,CDG - TLL,2025-05-20 14:20:00,2025-05-20 19:05:00,2024-11-25,-176,CANCELLED,2,186,186,,,0,0.0,0.0,0.0,0,UNAVAILABLE
6820,AW4636,CDG - VIE,2025-05-20 15:00:00,2025-05-20 17:10:00,2024-11-25,-176,OPEN,2,189,189,T,66.0,43,3787.01,2098.83,0.23,43,ACTIVATED
4505,AW3289,TLL - CDG,2025-05-20 15:35:00,2025-05-20 18:25:00,2024-11-25,-176,OPEN,2,186,186,X,109.0,3,311.0,242.0,0.02,3,SCHEDULED
4504,AW3559,HEL - CDG,2025-05-20 16:35:00,2025-05-20 19:20:00,2024-11-25,-176,OPEN,2,189,189,L,129.0,3,517.0,451.15,0.02,3,ACTIVATED
696,AW7648,CDG - OSL,2025-05-20 16:45:00,2025-05-20 18:25:00,2024-11-25,-176,OPEN,2,189,189,T,65.0,0,0.0,0.0,0.0,0,ACTIVATED
3814,AW4637,VIE - CDG,2025-05-20 18:00:00,2025-05-20 20:05:00,2024-11-25,-176,OPEN,2,189,189,T,60.0,1,70.0,51.2,0.01,1,ACTIVATED
4506,AW3422,CDG - TLL,2025-05-20 19:00:00,2025-05-20 23:45:00,2024-11-25,-176,OPEN,2,186,186,T,92.0,3,253.0,69.2,0.02,3,SCHEDULED
4135,AW7649,OSL - CDG,2025-05-20 19:05:00,2025-05-20 22:35:00,2024-11-25,-177,OPEN,2,189,189,X,82.0,2,222.0,176.78,0.01,2,ACTIVATED
702,AW3287,TLL - CDG,2025-05-20 20:00:00,2025-05-20 22:50:00,2024-11-25,-176,CANCELLED,2,186,186,,,0,0.0,0.0,0.0,0,UNAVAILABLE
697,AW7664,CDG - OSL,2025-05-20 20:45:00,2025-05-20 22:25:00,2024-11-25,-176,OPEN,2,189,189,T,65.0,0,0.0,0.0,0.0,0,ACTIVATED
698,AW7668,CDG - OSL,2025-05-20 21:15:00,2025-05-20 22:55:00,2024-11-25,-176,OPEN,2,189,189,T,65.0,0,0.0,0.0,0.0,0,ACTIVATED
700,AW4780,CDG - VIE,2025-05-20 21:20:00,2025-05-20 23:30:00,2024-11-25,-176,OPEN,2,189,189,G,58.0,0,0.0,0.0,0.0,0,ACTIVATED
712,AW7665,OSL - CDG,2025-05-21 06:00:00,2025-05-21 09:30:00,2024-11-25,-178,OPEN,2,189,189,T,57.0,0,0.0,0.0,0.0,0,ACTIVATED
709,AW4781,VIE - CDG,2025-05-21 06:15:00,2025-05-21 08:20:00,2024-11-25,-177,OPEN,2,189,189,G,52.0,0,0.0,0.0,0.0,0,ACTIVATED
3819,AW7669,OSL - CDG,2025-05-21 06:30:00,2025-05-21 10:00:00,2024-11-25,-178,OPEN,2,189,189,T,57.0,1,57.0,34.21,0.01,1,ACTIVATED
5558,AW3423,TLL - CDG,2025-05-21 06:45:00,2025-05-21 09:35:00,2024-11-25,-177,OPEN,2,186,186,T,80.0,9,643.0,436.0,0.05,9,SCHEDULED
706,AW7640,CDG - OSL,2025-05-21 07:15:00,2025-05-21 08:55:00,2024-11-25,-177,CANCELLED,2,186,186,,,0,0.0,0.0,0.0,0,UNAVAILABLE
704,AW3550,CDG - HEL,2025-05-21 08:30:00,2025-05-21 12:50:00,2024-11-25,-177,CANCELLED,2,189,189,,,0,0.0,0.0,0.0,0,UNAVAILABLE
710,AW7641,OSL - CDG,2025-05-21 09:35:00,2025-05-21 13:05:00,2024-11-25,-178,CANCELLED,2,186,186,,,0,0.0,0.0,0.0,0,UNAVAILABLE
4136,AW3284,CDG - TLL,2025-05-21 10:05:00,2025-05-21 14:50:00,2024-11-25,-177,OPEN,2,189,189,X,111.0,2,318.0,200.46,0.01,2,SCHEDULED
4727,AW4632,CDG - VIE,2025-05-21 10:15:00,2025-05-21 12:25:00,2024-11-25,-177,OPEN,2,189,189,T,66.0,4,432.0,274.96,0.02,4,ACTIVATED
5831,AW3288,CDG - TLL,2025-05-21 10:55:00,2025-05-21 15:40:00,2024-11-25,-177,OPEN,2,186,186,K,135.0,12,1116.0,410.76,0.06,12,SCHEDULED
4725,AW7644,CDG - OSL,2025-05-21 11:50:00,2025-05-21 13:30:00,2024-11-25,-177,OPEN,2,189,189,X,86.0,4,484.0,354.44,0.02,4,ACTIVATED
708,AW4633,VIE - CDG,2025-05-21 13:15:00,2025-05-21 15:20:00,2024-11-25,-177,OPEN,2,189,189,T,60.0,0,0.0,0.0,0.0,0,ACTIVATED
705,AW3551,HEL - CDG,2025-05-21 13:35:00,2025-05-21 16:20:00,2024-11-25,-177,CANCELLED,2,189,189,,,0,0.0,0.0,0.0,0,UNAVAILABLE
4510,AW7645,OSL - CDG,2025-05-21 14:10:00,2025-05-21 17:40:00,2024-11-25,-178,OPEN,2,189,189,R,69.0,3,291.0,223.17,0.02,3,ACTIVATED
3816,AW3286,CDG - TLL,2025-05-21 14:20:00,2025-05-21 19:05:00,2024-11-25,-177,OPEN,2,186,186,R,100.0,1,85.0,26.23,0.01,1,SCHEDULED
4722,AW3558,CDG - HEL,2025-05-21 14:20:00,2025-05-21 18:40:00,2024-11-25,-177,OPEN,2,189,189,K,154.0,4,850.0,706.7,0.02,4,ACTIVATED
3818,AW4636,CDG - VIE,2025-05-21 14:40:00,2025-05-21 16:50:00,2024-11-25,-177,OPEN,2,189,189,T,66.0,1,59.0,26.61,0.01,1,ACTIVATED
4137,AW3285,TLL - CDG,2025-05-21 15:45:00,2025-05-21 18:35:00,2024-11-25,-177,OPEN,2,189,189,R,93.0,2,186.0,140.0,0.01,2,SCHEDULED
4724,AW3289,TLL - CDG,2025-05-21 16:40:00,2025-05-21 19:30:00,2024-11-25,-177,OPEN,2,186,186,R,93.0,4,436.0,344.0,0.02,4,SCHEDULED
3817,AW7646,CDG - OSL,2025-05-21 16:45:00,2025-05-21 18:25:00,2024-11-25,-177,OPEN,2,189,189,T,65.0,1,65.0,25.74,0.01,1,ACTIVATED
4139,AW4637,VIE - CDG,2025-05-21 17:40:00,2025-05-21 19:45:00,2024-11-25,-177,OPEN,2,189,189,T,60.0,2,120.0,82.4,0.01,2,ACTIVATED
4138,AW3422,CDG - TLL,2025-05-21 19:00:00,2025-05-21 23:45:00,2024-11-25,-177,OPEN,2,186,186,G,83.0,2,152.0,34.46,0.01,2,SCHEDULED
711,AW7647,OSL - CDG,2025-05-21 19:10:00,2025-05-21 22:40:00,2024-11-25,-178,OPEN,2,189,189,R,69.0,0,0.0,0.0,0.0,0,ACTIVATED
5557,AW3559,HEL - CDG,2025-05-21 19:25:00,2025-05-21 22:10:00,2024-11-25,-177,OPEN,2,189,189,L,129.0,9,1504.0,1306.45,0.05,9,ACTIVATED
4723,AW3287,TLL - CDG,2025-05-21 20:00:00,2025-05-21 22:50:00,2024-11-25,-177,OPEN,2,186,186,R,93.0,4,359.0,267.0,0.02,4,SCHEDULED
4726,AW7664,CDG - OSL,2025-05-21 20:45:00,2025-05-21 22:25:00,2024-11-25,-177,OPEN,2,189,189,T,65.0,4,232.0,102.44,0.02,4,ACTIVATED
707,AW7668,CDG - OSL,2025-05-21 21:15:00,2025-05-21 22:55:00,2024-11-25,-177,OPEN,2,189,189,T,65.0,0,0.0,0.0,0.0,0,ACTIVATED
4980,AW4780,CDG - VIE,2025-05-21 21:20:00,2025-05-21 23:30:00,2024-11-25,-177,OPEN,2,189,189,G,58.0,5,287.0,125.05,0.03,5,ACTIVATED
720,AW4781,VIE - CDG,2025-05-22 06:00:00,2025-05-22 08:05:00,2024-11-25,-178,OPEN,2,189,189,G,52.0,0,0.0,0.0,0.0,0,ACTIVATED
723,AW7665,OSL - CDG,2025-05-22 06:00:00,2025-05-22 09:30:00,2024-11-25,-179,OPEN,2,189,189,T,57.0,0,0.0,0.0,0.0,0,ACTIVATED
724,AW7669,OSL - CDG,2025-05-22 06:30:00,2025-05-22 10:00:00,2024-11-25,-179,OPEN,2,189,189,T,57.0,0,0.0,0.0,0.0,0,ACTIVATED
3820,AW3423,TLL - CDG,2025-05-22 06:45:00,2025-05-22 09:35:00,2024-11-25,-178,OPEN,2,186,186,G,69.0,1,213.0,190.0,0.01,1,SCHEDULED
714,AW7640,CDG - OSL,2025-05-22 07:15:00,2025-05-22 08:55:00,2024-11-25,-178,OPEN,2,186,186,X,86.0,0,0.0,0.0,0.0,0,ACTIVATED
5832,AW3550,CDG - HEL,2025-05-22 08:10:00,2025-05-22 12:30:00,2024-11-25,-178,OPEN,2,189,189,V,172.0,12,2002.0,1613.32,0.06,12,ACTIVATED
4141,AW7641,OSL - CDG,2025-05-22 09:35:00,2025-05-22 13:05:00,2024-11-25,-179,OPEN,2,186,186,T,57.0,2,114.0,68.78,0.01,2,ACTIVATED
4140,AW4632,CDG - VIE,2025-05-22 09:45:00,2025-05-22 11:55:00,2024-11-25,-178,OPEN,2,189,189,T,66.0,2,150.0,85.22,0.01,2,ACTIVATED
721,AW4670,CDG - BUD,2025-05-22 10:05:00,2025-05-22 13:10:00,2024-11-25,-178,CANCELLED,2,189,99,,,0,0.0,0.0,0.0,0,UNAVAILABLE
713,AW3288,CDG - TLL,2025-05-22 11:25:00,2025-05-22 16:10:00,2024-11-25,-178,OPEN,2,186,186,R,100.0,0,0.0,0.0,0.0,0,SCHEDULED
3821,AW7644,CDG - OSL,2025-05-22 11:50:00,2025-05-22 13:30:00,2024-11-25,-178,OPEN,2,189,189,X,86.0,1,39.26,0.0,0.01,1,ACTIVATED
718,AW4633,VIE - CDG,2025-05-22 12:45:00,2025-05-22 14:50:00,2024-11-25,-178,OPEN,2,189,189,G,52.0,0,0.0,0.0,0.0,0,ACTIVATED
4728,AW3551,HEL - CDG,2025-05-22 13:15:00,2025-05-22 16:00:00,2024-11-25,-178,OPEN,2,189,189,K,144.0,4,503.9,416.1,0.02,4,ACTIVATED
733,AW4671,BUD - CDG,2025-05-22 13:55:00,2025-05-22 18:50:00,2024-11-25,-179,CANCELLED,2,189,99,,,0,0.0,0.0,0.0,0,UNAVAILABLE
722,AW7645,OSL - CDG,2025-05-22 14:15:00,2025-05-22 17:45:00,2024-11-25,-179,OPEN,2,189,189,R,69.0,0,0.0,0.0,0.0,0,ACTIVATED
719,AW4636,CDG - VIE,2025-05-22 14:30:00,2025-05-22 16:40:00,2024-11-25,-178,OPEN,2,189,189,T,66.0,0,0.0,0.0,0.0,0,ACTIVATED
5154,AW3556,CDG - HEL,2025-05-22 15:00:00,2025-05-22 19:20:00,2024-11-25,-178,OPEN,2,189,189,K,154.0,6,1220.0,1011.92,0.03,6,ACTIVATED
715,AW7646,CDG - OSL,2025-05-22 15:20:00,2025-05-22 17:00:00,2024-11-25,-178,OPEN,2,189,189,X,86.0,0,0.0,0.0,0.0,0,ACTIVATED
5155,AW3289,TLL - CDG,2025-05-22 17:10:00,2025-05-22 20:00:00,2024-11-25,-178,OPEN,2,186,186,R,93.0,6,590.0,452.0,0.03,6,SCHEDULED
6734,AW4637,VIE - CDG,2025-05-22 17:30:00,2025-05-22 19:35:00,2024-11-25,-178,OPEN,2,189,189,R,70.0,38,3047.94,2333.54,0.2,38,ACTIVATED
3822,AW7647,OSL - CDG,2025-05-22 17:40:00,2025-05-22 21:10:00,2024-11-25,-179,OPEN,2,189,189,T,57.0,1,57.0,34.39,0.01,1,ACTIVATED
5156,AW3422,CDG - TLL,2025-05-22 19:00:00,2025-05-22 23:45:00,2024-11-25,-178,OPEN,2,186,186,T,92.0,6,524.0,171.38,0.03,6,SCHEDULED
6654,AW3557,HEL - CDG,2025-05-22 20:05:00,2025-05-22 22:50:00,2024-11-25,-178,OPEN,2,189,189,K,144.0,34,6559.44,5813.14,0.18,34,ACTIVATED
716,AW7664,CDG - OSL,2025-05-22 20:45:00,2025-05-22 22:25:00,2024-11-25,-178,OPEN,2,189,189,R,75.0,0,0.0,0.0,0.0,0,ACTIVATED
4981,AW4780,CDG - VIE,2025-05-22 21:15:00,2025-05-22 23:25:00,2024-11-25,-178,OPEN,2,189,189,T,66.0,5,332.0,142.57,0.03,5,ACTIVATED
717,AW7668,CDG - OSL,2025-05-22 21:15:00,2025-05-22 22:55:00,2024-11-25,-178,OPEN,2,189,189,R,75.0,0,0.0,0.0,0.0,0,ACTIVATED
743,AW7665,OSL - CDG,2025-05-23 06:00:00,2025-05-23 09:30:00,2024-11-25,-180,OPEN,2,189,189,T,57.0,0,0.0,0.0,0.0,0,ACTIVATED
744,AW7669,OSL - CDG,2025-05-23 06:30:00,2025-05-23 10:00:00,2024-11-25,-180,OPEN,2,189,189,T,57.0,0,0.0,0.0,0.0,0,ACTIVATED
5157,AW3423,TLL - CDG,2025-05-23 06:35:00,2025-05-23 09:25:00,2024-11-25,-179,OPEN,2,186,186,T,80.0,6,414.0,276.0,0.03,6,SCHEDULED
732,AW4781,VIE - CDG,2025-05-23 06:55:00,2025-05-23 09:00:00,2024-11-25,-179,OPEN,2,189,189,T,60.0,0,0.0,0.0,0.0,0,ACTIVATED
725,AW7640,CDG - OSL,2025-05-23 07:20:00,2025-05-23 09:00:00,2024-11-25,-179,CANCELLED,2,186,186,,,0,0.0,0.0,0.0,0,UNAVAILABLE
5674,AW3550,CDG - HEL,2025-05-23 07:30:00,2025-05-23 11:50:00,2024-11-25,-179,OPEN,2,189,189,K,154.0,10,1576.52,1183.92,0.05,10,ACTIVATED
5438,AW3280,CDG - TLL,2025-05-23 09:05:00,2025-05-23 13:50:00,2024-11-25,-179,OPEN,2,186,186,R,100.0,8,792.0,269.41,0.04,8,SCHEDULED
740,AW7641,OSL - CDG,2025-05-23 09:40:00,2025-05-23 13:10:00,2024-11-25,-180,CANCELLED,2,186,186,,,0,0.0,0.0,0.0,0,UNAVAILABLE
729,AW4632,CDG - VIE,2025-05-23 10:05:00,2025-05-23 12:15:00,2024-11-25,-179,OPEN,2,189,189,X,86.0,0,0.0,0.0,0.0,0,ACTIVATED
4983,AW7644,CDG - OSL,2025-05-23 11:10:00,2025-05-23 12:50:00,2024-11-25,-179,OPEN,2,189,189,K,110.0,5,643.0,446.7,0.03,5,ACTIVATED
5833,AW3551,HEL - CDG,2025-05-23 12:35:00,2025-05-23 15:20:00,2024-11-25,-179,OPEN,2,189,189,T,92.0,12,1723.0,1459.6,0.06,12,ACTIVATED
730,AW4633,VIE - CDG,2025-05-23 13:05:00,2025-05-23 15:10:00,2024-11-25,-179,OPEN,2,189,189,T,60.0,0,0.0,0.0,0.0,0,ACTIVATED
734,AW3284,CDG - TLL,2025-05-23 13:25:00,2025-05-23 18:10:00,2024-11-25,-179,CANCELLED,2,189,189,,,0,0.0,0.0,0.0,0,UNAVAILABLE
741,AW7645,OSL - CDG,2025-05-23 13:35:00,2025-05-23 17:05:00,2024-11-25,-180,OPEN,2,189,189,T,57.0,0,0.0,0.0,0.0,0,ACTIVATED
4982,AW3281,TLL - CDG,2025-05-23 14:50:00,2025-05-23 17:40:00,2024-11-25,-179,OPEN,2,186,186,T,80.0,5,496.0,381.0,0.03,5,SCHEDULED
4729,AW3558,CDG - HEL,2025-05-23 14:55:00,2025-05-23 19:15:00,2024-11-25,-179,OPEN,2,189,189,K,154.0,4,678.0,534.7,0.02,4,ACTIVATED
731,AW4636,CDG - VIE,2025-05-23 14:55:00,2025-05-23 17:05:00,2024-11-25,-179,OPEN,2,189,189,X,86.0,0,0.0,0.0,0.0,0,ACTIVATED
726,AW7648,CDG - OSL,2025-05-23 16:25:00,2025-05-23 18:05:00,2024-11-25,-179,OPEN,2,189,189,X,86.0,0,0.0,0.0,0.0,0,ACTIVATED
6735,AW4637,VIE - CDG,2025-05-23 17:55:00,2025-05-23 20:00:00,2024-11-25,-179,OPEN,2,189,189,T,60.0,38,2411.86,1697.46,0.2,38,ACTIVATED
742,AW7649,OSL - CDG,2025-05-23 18:45:00,2025-05-23 22:15:00,2024-11-25,-180,OPEN,2,189,189,R,69.0,0,0.0,0.0,0.0,0,ACTIVATED
5834,AW3422,CDG - TLL,2025-05-23 19:00:00,2025-05-23 23:45:00,2024-11-25,-179,OPEN,2,186,186,T,92.0,12,948.0,242.76,0.06,12,SCHEDULED
735,AW3285,TLL - CDG,2025-05-23 19:05:00,2025-05-23 21:55:00,2024-11-25,-179,CANCELLED,2,189,189,,,0,0.0,0.0,0.0,0,UNAVAILABLE
4730,AW3559,HEL - CDG,2025-05-23 20:00:00,2025-05-23 22:45:00,2024-11-25,-179,OPEN,2,189,189,L,129.0,4,712.0,624.2,0.02,4,ACTIVATED
727,AW7664,CDG - OSL,2025-05-23 20:45:00,2025-05-23 22:25:00,2024-11-25,-179,OPEN,2,189,189,X,86.0,0,0.0,0.0,0.0,0,ACTIVATED
4731,AW4780,CDG - VIE,2025-05-23 21:10:00,2025-05-23 23:20:00,2024-11-25,-179,OPEN,2,189,189,R,75.0,4,300.0,142.96,0.02,4,ACTIVATED
728,AW7668,CDG - OSL,2025-05-23 21:15:00,2025-05-23 22:55:00,2024-11-25,-179,OPEN,2,189,189,X,86.0,0,0.0,0.0,0.0,0,ACTIVATED
754,AW7665,OSL - CDG,2025-05-24 05:55:00,2025-05-24 09:25:00,2024-11-25,-181,OPEN,2,189,189,T,57.0,0,0.0,0.0,0.0,0,ACTIVATED
752,AW4781,VIE - CDG,2025-05-24 06:00:00,2025-05-24 08:05:00,2024-11-25,-180,OPEN,2,189,189,T,60.0,0,0.0,0.0,0.0,0,ACTIVATED
6015,AW4670,CDG - BUD,2025-05-24 06:15:00,2025-05-24 09:20:00,2024-11-25,-180,OPEN,2,186,116,V,133.0,15,1617.0,1089.93,0.13,15,SCHEDULED
755,AW7669,OSL - CDG,2025-05-24 06:25:00,2025-05-24 09:55:00,2024-11-25,-181,OPEN,2,189,189,T,57.0,0,0.0,0.0,0.0,0,ACTIVATED
4142,AW3423,TLL - CDG,2025-05-24 06:45:00,2025-05-24 09:35:00,2024-11-25,-180,OPEN,2,186,186,G,69.0,2,138.0,92.0,0.01,2,SCHEDULED
6956,AW3550,CDG - HEL,2025-05-24 08:35:00,2025-05-24 12:55:00,2024-11-25,-180,OPEN,2,189,189,K,154.0,51,7789.7,6048.5,0.27,51,ACTIVATED
745,AW3280,CDG - TLL,2025-05-24 09:00:00,2025-05-24 13:45:00,2024-11-25,-180,OPEN,2,189,189,L,122.0,0,0.0,0.0,0.0,0,SCHEDULED
6349,AW4671,BUD - CDG,2025-05-24 10:05:00,2025-05-24 15:00:00,2024-11-25,-181,OPEN,2,186,116,Q,152.0,23,2628.0,2402.14,0.2,23,DEACTIVATED
7109,AW4636,CDG - VIE,2025-05-24 10:10:00,2025-05-24 12:20:00,2024-11-25,-180,OPEN,2,189,189,L,97.0,64,6643.84,4131.2,0.34,64,ACTIVATED
5675,AW3288,CDG - TLL,2025-05-24 10:15:00,2025-05-24 15:00:00,2024-11-25,-180,OPEN,2,186,186,R,100.0,10,979.0,338.87,0.05,10,SCHEDULED
5439,AW7644,CDG - OSL,2025-05-24 10:20:00,2025-05-24 12:00:00,2024-11-25,-180,OPEN,2,189,179,X,86.0,8,871.0,577.53,0.04,8,ACTIVATED
4732,AW7645,OSL - CDG,2025-05-24 12:40:00,2025-05-24 16:10:00,2024-11-25,-181,OPEN,2,189,179,X,82.0,4,328.0,237.02,0.02,4,ACTIVATED
3824,AW4637,VIE - CDG,2025-05-24 13:10:00,2025-05-24 15:15:00,2024-11-25,-180,OPEN,2,189,189,T,60.0,1,144.0,125.2,0.01,1,ACTIVATED
749,AW4634,CDG - VIE,2025-05-24 13:35:00,2025-05-24 15:45:00,2024-11-25,-180,OPEN,2,189,189,R,75.0,0,0.0,0.0,0.0,0,ACTIVATED
6983,AW3551,HEL - CDG,2025-05-24 13:40:00,2025-05-24 16:25:00,2024-11-25,-180,OPEN,2,189,189,X,116.0,53,5566.0,4402.65,0.28,53,ACTIVATED
6325,AW3281,TLL - CDG,2025-05-24 14:40:00,2025-05-24 17:30:00,2024-11-25,-180,OPEN,2,189,189,G,69.0,22,1614.0,1108.0,0.12,22,SCHEDULED
3823,AW7658,CDG - OSL,2025-05-24 15:20:00,2025-05-24 17:00:00,2024-11-25,-180,OPEN,2,189,189,X,86.0,1,86.0,46.74,0.01,1,ACTIVATED
5835,AW3289,TLL - CDG,2025-05-24 16:00:00,2025-05-24 18:50:00,2024-11-25,-180,OPEN,2,186,186,X,109.0,12,828.0,552.0,0.06,12,SCHEDULED
750,AW4635,VIE - CDG,2025-05-24 16:40:00,2025-05-24 18:45:00,2024-11-25,-180,OPEN,2,189,189,T,60.0,0,0.0,0.0,0.0,0,ACTIVATED
747,AW7646,CDG - OSL,2025-05-24 16:45:00,2025-05-24 18:25:00,2024-11-25,-180,OPEN,2,186,186,X,86.0,0,0.0,0.0,0.0,0,ACTIVATED
4143,AW7659,OSL - CDG,2025-05-24 17:40:00,2025-05-24 21:10:00,2024-11-25,-181,OPEN,2,189,189,X,82.0,2,164.0,118.42,0.01,2,ACTIVATED
746,AW3422,CDG - TLL,2025-05-24 19:00:00,2025-05-24 23:45:00,2024-11-25,-180,OPEN,2,186,186,T,92.0,0,0.0,0.0,0.0,0,SCHEDULED
753,AW7647,OSL - CDG,2025-05-24 19:05:00,2025-05-24 22:35:00,2024-11-25,-181,OPEN,2,186,186,X,82.0,0,0.0,0.0,0.0,0,ACTIVATED
4984,AW7664,CDG - OSL,2025-05-24 20:45:00,2025-05-24 22:25:00,2024-11-25,-180,OPEN,2,189,189,R,75.0,5,375.0,178.7,0.03,5,ACTIVATED
751,AW4780,CDG - VIE,2025-05-24 21:15:00,2025-05-24 23:25:00,2024-11-25,-180,OPEN,2,189,189,T,66.0,0,0.0,0.0,0.0,0,ACTIVATED
748,AW7668,CDG - OSL,2025-05-24 21:15:00,2025-05-24 22:55:00,2024-11-25,-180,OPEN,2,189,189,T,65.0,0,0.0,0.0,0.0,0,ACTIVATED
764,AW4781,VIE - CDG,2025-05-25 06:00:00,2025-05-25 08:05:00,2024-11-25,-181,OPEN,2,189,189,R,70.0,0,0.0,0.0,0.0,0,ACTIVATED
767,AW7669,OSL - CDG,2025-05-25 06:00:00,2025-05-25 09:30:00,2024-11-25,-182,OPEN,2,189,189,X,82.0,0,0.0,0.0,0.0,0,ACTIVATED
766,AW7665,OSL - CDG,2025-05-25 06:30:00,2025-05-25 10:00:00,2024-11-25,-182,OPEN,2,189,189,X,82.0,0,0.0,0.0,0.0,0,ACTIVATED
4144,AW3423,TLL - CDG,2025-05-25 07:00:00,2025-05-25 09:50:00,2024-11-25,-181,OPEN,2,186,186,T,80.0,2,160.0,114.0,0.01,2,SCHEDULED
758,AW7640,CDG - OSL,2025-05-25 07:20:00,2025-05-25 09:00:00,2024-11-25,-181,CANCELLED,2,189,189,,,0,0.0,0.0,0.0,0,UNAVAILABLE
756,AW3280,CDG - TLL,2025-05-25 08:05:00,2025-05-25 12:50:00,2024-11-25,-181,OPEN,2,189,189,X,111.0,0,0.0,0.0,0.0,0,SCHEDULED
765,AW7641,OSL - CDG,2025-05-25 09:40:00,2025-05-25 13:10:00,2024-11-25,-182,CANCELLED,2,189,189,,,0,0.0,0.0,0.0,0,UNAVAILABLE
760,AW7658,CDG - OSL,2025-05-25 10:20:00,2025-05-25 12:00:00,2024-11-25,-181,OPEN,2,189,189,X,86.0,0,0.0,0.0,0.0,0,ACTIVATED
757,AW3288,CDG - TLL,2025-05-25 10:55:00,2025-05-25 15:40:00,2024-11-25,-181,OPEN,2,186,186,X,111.0,0,0.0,0.0,0.0,0,SCHEDULED
4146,AW4638,CDG - VIE,2025-05-25 10:55:00,2025-05-25 13:05:00,2024-11-25,-181,OPEN,2,189,189,R,75.0,2,172.0,93.48,0.01,2,ACTIVATED
6017,AW7659,OSL - CDG,2025-05-25 12:40:00,2025-05-25 16:10:00,2024-11-25,-182,OPEN,2,189,189,X,82.0,15,1230.0,890.85,0.08,15,ACTIVATED
6016,AW3281,TLL - CDG,2025-05-25 13:45:00,2025-05-25 16:35:00,2024-11-25,-181,OPEN,2,189,189,T,80.0,15,1256.0,911.0,0.08,15,SCHEDULED
763,AW4639,VIE - CDG,2025-05-25 13:55:00,2025-05-25 16:00:00,2024-11-25,-181,OPEN,2,189,189,L,94.0,0,0.0,0.0,0.0,0,ACTIVATED
4986,AW4636,CDG - VIE,2025-05-25 14:35:00,2025-05-25 16:45:00,2024-11-25,-181,OPEN,2,189,189,R,75.0,5,395.0,233.05,0.03,5,ACTIVATED
5440,AW3556,CDG - HEL,2025-05-25 14:45:00,2025-05-25 19:05:00,2024-11-25,-181,OPEN,2,189,183,K,154.0,8,1146.78,860.18,0.04,8,ACTIVATED
4733,AW3558,CDG - HEL,2025-05-25 15:00:00,2025-05-25 19:20:00,2024-11-25,-181,OPEN,2,189,189,K,154.0,4,616.0,458.96,0.02,4,ACTIVATED
3825,AW3289,TLL - CDG,2025-05-25 16:40:00,2025-05-25 19:30:00,2024-11-25,-181,OPEN,2,186,186,X,109.0,1,239.0,216.0,0.01,1,SCHEDULED
759,AW7646,CDG - OSL,2025-05-25 16:45:00,2025-05-25 18:25:00,2024-11-25,-181,OPEN,2,189,189,X,86.0,0,0.0,0.0,0.0,0,ACTIVATED
762,AW4637,VIE - CDG,2025-05-25 17:30:00,2025-05-25 19:35:00,2024-11-25,-181,OPEN,2,189,189,K,108.0,0,0.0,0.0,0.0,0,ACTIVATED
6219,AW3422,CDG - TLL,2025-05-25 19:00:00,2025-05-25 23:45:00,2024-11-25,-181,OPEN,2,186,186,R,100.0,19,1722.0,508.0,0.1,19,SCHEDULED
5560,AW7647,OSL - CDG,2025-05-25 19:05:00,2025-05-25 22:35:00,2024-11-25,-182,OPEN,2,189,189,X,82.0,9,685.22,481.19,0.05,9,ACTIVATED
7236,AW3557,HEL - CDG,2025-05-25 19:50:00,2025-05-25 22:35:00,2024-11-25,-181,OPEN,2,189,189,I,239.0,74,14664.0,13039.7,0.39,74,ACTIVATED
4985,AW3559,HEL - CDG,2025-05-25 20:05:00,2025-05-25 22:50:00,2024-11-25,-181,OPEN,2,189,189,V,160.0,5,1028.0,918.25,0.03,5,ACTIVATED
4145,AW7664,CDG - OSL,2025-05-25 20:45:00,2025-05-25 22:25:00,2024-11-25,-181,OPEN,2,189,189,X,86.0,2,172.0,93.48,0.01,2,ACTIVATED
761,AW7668,CDG - OSL,2025-05-25 21:15:00,2025-05-25 22:55:00,2024-11-25,-181,OPEN,2,189,189,X,86.0,0,0.0,0.0,0.0,0,ACTIVATED
5559,AW4780,CDG - VIE,2025-05-25 21:25:00,2025-05-25 23:35:00,2024-11-25,-181,OPEN,2,189,189,R,75.0,9,780.0,474.75,0.05,9,ACTIVATED
6655,AW7669,OSL - CDG,2025-05-26 05:55:00,2025-05-26 09:25:00,2024-11-25,-183,OPEN,2,189,189,K,111.0,34,2914.0,2139.14,0.18,34,ACTIVATED
774,AW4781,VIE - CDG,2025-05-26 06:00:00,2025-05-26 08:05:00,2024-11-25,-182,OPEN,2,189,189,T,60.0,0,0.0,0.0,0.0,0,ACTIVATED
776,AW7665,OSL - CDG,2025-05-26 06:30:00,2025-05-26 10:00:00,2024-11-25,-183,OPEN,2,189,189,R,69.0,0,0.0,0.0,0.0,0,ACTIVATED
4147,AW3423,TLL - CDG,2025-05-26 06:45:00,2025-05-26 09:35:00,2024-11-25,-182,OPEN,2,186,186,G,69.0,2,138.0,92.0,0.01,2,SCHEDULED
771,AW7640,CDG - OSL,2025-05-26 07:15:00,2025-05-26 08:55:00,2024-11-25,-182,CANCELLED,2,189,189,,,0,0.0,0.0,0.0,0,UNAVAILABLE
770,AW3284,CDG - TLL,2025-05-26 07:45:00,2025-05-26 12:30:00,2024-11-25,-182,OPEN,2,189,189,T,92.0,0,0.0,0.0,0.0,0,SCHEDULED
6018,AW3550,CDG - HEL,2025-05-26 08:20:00,2025-05-26 12:40:00,2024-11-25,-182,OPEN,2,189,189,K,154.0,15,2830.0,2268.58,0.08,15,ACTIVATED
775,AW7641,OSL - CDG,2025-05-26 09:35:00,2025-05-26 13:05:00,2024-11-25,-183,CANCELLED,2,189,189,,,0,0.0,0.0,0.0,0,UNAVAILABLE
772,AW4632,CDG - VIE,2025-05-26 10:05:00,2025-05-26 12:15:00,2024-11-25,-182,OPEN,2,189,189,R,75.0,0,0.0,0.0,0.0,0,ACTIVATED
4987,AW3280,CDG - TLL,2025-05-26 10:10:00,2025-05-26 14:55:00,2024-11-25,-182,OPEN,2,186,186,R,100.0,5,705.0,411.15,0.03,5,SCHEDULED
3826,AW7644,CDG - OSL,2025-05-26 11:10:00,2025-05-26 12:50:00,2024-11-25,-182,OPEN,2,189,189,X,86.0,1,128.0,88.74,0.01,1,ACTIVATED
7110,AW4633,VIE - CDG,2025-05-26 13:05:00,2025-05-26 15:10:00,2024-11-25,-182,OPEN,2,189,189,V,124.0,64,7244.16,6040.96,0.34,64,ACTIVATED
4734,AW3285,TLL - CDG,2025-05-26 13:25:00,2025-05-26 16:15:00,2024-11-25,-182,OPEN,2,189,189,R,93.0,4,404.0,312.0,0.02,4,SCHEDULED
5441,AW3551,HEL - CDG,2025-05-26 13:25:00,2025-05-26 16:10:00,2024-11-25,-182,OPEN,2,189,189,V,160.0,8,1754.0,1578.4,0.04,8,ACTIVATED
6764,AW7645,OSL - CDG,2025-05-26 13:35:00,2025-05-26 17:05:00,2024-11-25,-183,OPEN,2,189,175,H,165.0,40,3646.8,2742.4,0.23,40,ACTIVATED
3827,AW4634,CDG - VIE,2025-05-26 14:30:00,2025-05-26 16:40:00,2024-11-25,-182,OPEN,2,189,189,R,75.0,1,110.0,70.74,0.01,1,ACTIVATED
768,AW3558,CDG - HEL,2025-05-26 14:55:00,2025-05-26 19:15:00,2024-11-25,-182,CANCELLED,2,189,189,,,0,0.0,0.0,0.0,0,UNAVAILABLE
5158,AW3281,TLL - CDG,2025-05-26 15:55:00,2025-05-26 18:45:00,2024-11-25,-182,OPEN,2,186,186,X,109.0,6,558.0,420.0,0.03,6,SCHEDULED
4735,AW7648,CDG - OSL,2025-05-26 16:50:00,2025-05-26 18:30:00,2024-11-25,-182,OPEN,2,189,189,T,65.0,4,321.0,184.57,0.02,4,ACTIVATED
4737,AW4635,VIE - CDG,2025-05-26 17:30:00,2025-05-26 19:35:00,2024-11-25,-182,OPEN,2,189,189,R,70.0,4,376.0,300.8,0.02,4,ACTIVATED
5159,AW3422,CDG - TLL,2025-05-26 19:00:00,2025-05-26 23:45:00,2024-11-25,-182,OPEN,2,186,186,T,92.0,6,456.0,103.38,0.03,6,SCHEDULED
5305,AW7649,OSL - CDG,2025-05-26 19:10:00,2025-05-26 22:40:00,2024-11-25,-183,OPEN,2,189,189,X,82.0,7,742.0,583.19,0.04,7,ACTIVATED
769,AW3559,HEL - CDG,2025-05-26 20:00:00,2025-05-26 22:45:00,2024-11-25,-182,CANCELLED,2,189,189,,,0,0.0,0.0,0.0,0,UNAVAILABLE
4736,AW7664,CDG - OSL,2025-05-26 20:45:00,2025-05-26 22:25:00,2024-11-25,-182,OPEN,2,189,189,R,75.0,4,300.0,142.96,0.02,4,ACTIVATED
4148,AW7668,CDG - OSL,2025-05-26 21:15:00,2025-05-26 22:55:00,2024-11-25,-182,OPEN,2,189,189,T,65.0,2,150.0,71.48,0.01,2,ACTIVATED
773,AW4780,CDG - VIE,2025-05-26 21:20:00,2025-05-26 23:30:00,2024-11-25,-182,OPEN,2,189,189,R,75.0,0,0.0,0.0,0.0,0,ACTIVATED
783,AW4781,VIE - CDG,2025-05-27 06:00:00,2025-05-27 08:05:00,2024-11-25,-183,OPEN,2,189,189,G,52.0,0,0.0,0.0,0.0,0,ACTIVATED
788,AW7669,OSL - CDG,2025-05-27 06:00:00,2025-05-27 09:30:00,2024-11-25,-184,OPEN,2,189,189,T,57.0,0,0.0,0.0,0.0,0,ACTIVATED
5306,AW4670,CDG - BUD,2025-05-27 06:15:00,2025-05-27 09:20:00,2024-11-25,-183,OPEN,2,189,99,N,52.0,7,431.0,169.92,0.07,7,SCHEDULED
787,AW7665,OSL - CDG,2025-05-27 06:30:00,2025-05-27 10:00:00,2024-11-25,-184,OPEN,2,189,189,T,57.0,0,0.0,0.0,0.0,0,ACTIVATED
4988,AW3423,TLL - CDG,2025-05-27 06:45:00,2025-05-27 09:35:00,2024-11-25,-183,OPEN,2,186,186,G,69.0,5,240.0,125.0,0.03,5,SCHEDULED
779,AW7640,CDG - OSL,2025-05-27 07:15:00,2025-05-27 08:55:00,2024-11-25,-183,OPEN,2,189,136,X,86.0,0,0.0,0.0,0.0,0,ACTIVATED
786,AW7641,OSL - CDG,2025-05-27 09:35:00,2025-05-27 13:05:00,2024-11-25,-184,OPEN,2,189,136,X,82.0,0,0.0,0.0,0.0,0,ACTIVATED
777,AW3288,CDG - TLL,2025-05-27 09:50:00,2025-05-27 14:35:00,2024-11-25,-183,OPEN,2,186,186,X,111.0,0,0.0,0.0,0.0,0,SCHEDULED
780,AW4632,CDG - VIE,2025-05-27 10:05:00,2025-05-27 12:15:00,2024-11-25,-183,OPEN,2,189,189,X,86.0,0,0.0,0.0,0.0,0,ACTIVATED
5442,AW4671,BUD - CDG,2025-05-27 10:05:00,2025-05-27 15:00:00,2024-11-25,-184,OPEN,2,189,99,L,99.0,8,897.0,818.44,0.08,8,DEACTIVATED
6984,AW3558,CDG - HEL,2025-05-27 11:30:00,2025-05-27 15:50:00,2024-11-25,-183,OPEN,2,189,189,L,139.0,53,7483.06,5429.76,0.28,53,ACTIVATED
3828,AW7644,CDG - OSL,2025-05-27 11:50:00,2025-05-27 13:30:00,2024-11-25,-183,OPEN,2,189,189,X,86.0,1,121.0,88.61,0.01,1,ACTIVATED
6853,AW4633,VIE - CDG,2025-05-27 13:05:00,2025-05-27 15:10:00,2024-11-25,-183,OPEN,2,189,189,X,82.0,45,6596.95,5750.95,0.24,45,ACTIVATED
3829,AW7645,OSL - CDG,2025-05-27 14:15:00,2025-05-27 17:45:00,2024-11-25,-184,OPEN,2,189,189,R,69.0,1,69.0,46.39,0.01,1,ACTIVATED
784,AW3286,CDG - TLL,2025-05-27 14:20:00,2025-05-27 19:05:00,2024-11-25,-183,CANCELLED,2,186,186,,,0,0.0,0.0,0.0,0,UNAVAILABLE
4150,AW4636,CDG - VIE,2025-05-27 15:00:00,2025-05-27 17:10:00,2024-11-25,-183,OPEN,2,189,189,T,66.0,2,136.0,71.22,0.01,2,ACTIVATED
778,AW3289,TLL - CDG,2025-05-27 15:35:00,2025-05-27 18:25:00,2024-11-25,-183,OPEN,2,186,186,X,109.0,0,0.0,0.0,0.0,0,SCHEDULED
6173,AW3559,HEL - CDG,2025-05-27 16:35:00,2025-05-27 19:20:00,2024-11-25,-183,OPEN,2,189,189,V,160.0,18,3808.0,3412.9,0.1,18,ACTIVATED
4149,AW7648,CDG - OSL,2025-05-27 16:45:00,2025-05-27 18:25:00,2024-11-25,-183,OPEN,2,189,189,R,75.0,2,172.0,93.48,0.01,2,ACTIVATED
781,AW4637,VIE - CDG,2025-05-27 18:00:00,2025-05-27 20:05:00,2024-11-25,-183,OPEN,2,189,189,T,60.0,0,0.0,0.0,0.0,0,ACTIVATED
5676,AW3422,CDG - TLL,2025-05-27 19:00:00,2025-05-27 23:45:00,2024-11-25,-183,OPEN,2,186,186,X,111.0,10,1238.0,620.34,0.05,10,SCHEDULED
3830,AW7649,OSL - CDG,2025-05-27 19:05:00,2025-05-27 22:35:00,2024-11-25,-184,OPEN,2,189,189,R,69.0,1,22.61,0.0,0.01,1,ACTIVATED
785,AW3287,TLL - CDG,2025-05-27 20:00:00,2025-05-27 22:50:00,2024-11-25,-183,CANCELLED,2,186,186,,,0,0.0,0.0,0.0,0,UNAVAILABLE
6086,AW7664,CDG - OSL,2025-05-27 20:45:00,2025-05-27 22:25:00,2024-11-25,-183,OPEN,2,189,189,K,110.0,16,1027.04,460.71,0.08,16,ACTIVATED
6019,AW7668,CDG - OSL,2025-05-27 21:15:00,2025-05-27 22:55:00,2024-11-25,-183,OPEN,2,189,189,R,75.0,15,1153.0,577.84,0.08,15,ACTIVATED
782,AW4780,CDG - VIE,2025-05-27 21:20:00,2025-05-27 23:30:00,2024-11-25,-183,OPEN,2,189,189,X,86.0,0,0.0,0.0,0.0,0,ACTIVATED
796,AW7665,OSL - CDG,2025-05-28 06:00:00,2025-05-28 09:30:00,2024-11-25,-185,OPEN,2,189,189,T,57.0,0,0.0,0.0,0.0,0,ACTIVATED
791,AW4781,VIE - CDG,2025-05-28 06:15:00,2025-05-28 08:20:00,2024-11-25,-184,OPEN,2,189,189,T,60.0,0,0.0,0.0,0.0,0,ACTIVATED
797,AW7669,OSL - CDG,2025-05-28 06:30:00,2025-05-28 10:00:00,2024-11-25,-185,OPEN,2,189,189,T,57.0,0,0.0,0.0,0.0,0,ACTIVATED
5307,AW3423,TLL - CDG,2025-05-28 06:45:00,2025-05-28 09:35:00,2024-11-25,-184,OPEN,2,186,186,G,69.0,7,483.0,322.0,0.04,7,SCHEDULED
792,AW7640,CDG - OSL,2025-05-28 07:15:00,2025-05-28 08:55:00,2024-11-25,-184,CANCELLED,2,186,186,,,0,0.0,0.0,0.0,0,UNAVAILABLE
6719,AW3550,CDG - HEL,2025-05-28 08:30:00,2025-05-28 12:50:00,2024-11-25,-184,OPEN,2,189,189,H,211.0,37,8278.0,6935.3,0.2,37,ACTIVATED
793,AW7641,OSL - CDG,2025-05-28 09:35:00,2025-05-28 13:05:00,2024-11-25,-185,CANCELLED,2,186,186,,,0,0.0,0.0,0.0,0,UNAVAILABLE
5563,AW3284,CDG - TLL,2025-05-28 10:05:00,2025-05-28 14:50:00,2024-11-25,-184,OPEN,2,189,189,H,192.0,9,1385.31,856.38,0.05,9,SCHEDULED
5443,AW4632,CDG - VIE,2025-05-28 10:15:00,2025-05-28 12:25:00,2024-11-25,-184,OPEN,2,189,189,L,97.0,8,712.0,425.4,0.04,8,ACTIVATED
4511,AW3288,CDG - TLL,2025-05-28 10:55:00,2025-05-28 15:40:00,2024-11-25,-184,OPEN,2,186,186,Q,170.0,3,496.0,312.2,0.02,3,SCHEDULED
6350,AW7644,CDG - OSL,2025-05-28 11:50:00,2025-05-28 13:30:00,2024-11-25,-184,OPEN,2,189,189,L,97.0,23,2385.0,1557.59,0.12,23,ACTIVATED
790,AW4633,VIE - CDG,2025-05-28 13:15:00,2025-05-28 15:20:00,2024-11-25,-184,OPEN,2,189,189,G,52.0,0,0.0,0.0,0.0,0,ACTIVATED
5561,AW3551,HEL - CDG,2025-05-28 13:35:00,2025-05-28 16:20:00,2024-11-25,-184,OPEN,2,189,164,V,160.0,9,2120.0,1922.45,0.05,9,ACTIVATED
794,AW7645,OSL - CDG,2025-05-28 14:10:00,2025-05-28 17:40:00,2024-11-25,-185,OPEN,2,189,189,L,96.0,0,0.0,0.0,0.0,0,ACTIVATED
6133,AW3558,CDG - HEL,2025-05-28 14:20:00,2025-05-28 18:40:00,2024-11-25,-184,OPEN,2,189,189,V,172.0,17,3843.0,3209.93,0.09,17,ACTIVATED
4739,AW3286,CDG - TLL,2025-05-28 14:20:00,2025-05-28 19:05:00,2024-11-25,-184,OPEN,2,186,186,Q,170.0,4,345.3,110.22,0.02,4,SCHEDULED
5678,AW4636,CDG - VIE,2025-05-28 14:40:00,2025-05-28 16:50:00,2024-11-25,-184,OPEN,2,189,189,R,75.0,10,757.0,391.88,0.05,10,ACTIVATED
4151,AW3285,TLL - CDG,2025-05-28 15:45:00,2025-05-28 18:35:00,2024-11-25,-184,OPEN,2,189,189,R,93.0,2,186.0,140.0,0.01,2,SCHEDULED
4738,AW3289,TLL - CDG,2025-05-28 16:40:00,2025-05-28 19:30:00,2024-11-25,-184,OPEN,2,186,186,R,93.0,4,372.0,280.0,0.02,4,SCHEDULED
6633,AW7646,CDG - OSL,2025-05-28 16:45:00,2025-05-28 18:25:00,2024-11-25,-184,OPEN,2,189,189,Q,141.0,33,3567.0,2470.65,0.17,33,ACTIVATED
3831,AW4637,VIE - CDG,2025-05-28 17:40:00,2025-05-28 19:45:00,2024-11-25,-184,OPEN,2,189,189,T,60.0,1,60.0,41.2,0.01,1,ACTIVATED
5677,AW3422,CDG - TLL,2025-05-28 19:00:00,2025-05-28 23:45:00,2024-11-25,-184,OPEN,2,186,186,I,242.0,10,1527.07,939.37,0.05,10,SCHEDULED
795,AW7647,OSL - CDG,2025-05-28 19:10:00,2025-05-28 22:40:00,2024-11-25,-185,OPEN,2,189,189,R,69.0,0,0.0,0.0,0.0,0,ACTIVATED
5562,AW3559,HEL - CDG,2025-05-28 19:25:00,2025-05-28 22:10:00,2024-11-25,-184,OPEN,2,189,189,V,160.0,9,1370.0,1172.45,0.05,9,ACTIVATED
789,AW3287,TLL - CDG,2025-05-28 20:00:00,2025-05-28 22:50:00,2024-11-25,-184,OPEN,2,186,186,T,80.0,0,0.0,0.0,0.0,0,SCHEDULED
6174,AW7664,CDG - OSL,2025-05-28 20:45:00,2025-05-28 22:25:00,2024-11-25,-184,OPEN,2,189,189,V,125.0,18,1657.0,1005.28,0.1,18,ACTIVATED
6466,AW7668,CDG - OSL,2025-05-28 21:15:00,2025-05-28 22:55:00,2024-11-25,-184,OPEN,2,189,189,X,86.0,27,2380.0,1395.55,0.14,27,ACTIVATED
6486,AW4780,CDG - VIE,2025-05-28 21:20:00,2025-05-28 23:30:00,2024-11-25,-184,OPEN,2,189,189,X,86.0,28,1553.0,611.73,0.15,28,ACTIVATED
814,AW7665,OSL - CDG,2025-05-29 06:00:00,2025-05-29 09:30:00,2024-11-25,-186,OPEN,2,189,189,T,57.0,0,0.0,0.0,0.0,0,ACTIVATED
801,AW4781,VIE - CDG,2025-05-29 06:00:00,2025-05-29 08:05:00,2024-11-25,-185,OPEN,2,189,189,G,52.0,0,0.0,0.0,0.0,0,ACTIVATED
815,AW7669,OSL - CDG,2025-05-29 06:30:00,2025-05-29 10:00:00,2024-11-25,-186,OPEN,2,189,189,T,57.0,0,0.0,0.0,0.0,0,ACTIVATED
799,AW3423,TLL - CDG,2025-05-29 06:45:00,2025-05-29 09:35:00,2024-11-25,-185,OPEN,2,186,186,G,69.0,0,0.0,0.0,0.0,0,SCHEDULED
803,AW7640,CDG - OSL,2025-05-29 07:15:00,2025-05-29 08:55:00,2024-11-25,-185,OPEN,2,186,186,B,237.0,0,0.0,0.0,0.0,0,ACTIVATED
5564,AW3550,CDG - HEL,2025-05-29 08:10:00,2025-05-29 12:30:00,2024-11-25,-185,OPEN,2,189,189,D,334.0,9,3556.0,3216.4,0.05,9,ACTIVATED
4512,AW7641,OSL - CDG,2025-05-29 09:35:00,2025-05-29 13:05:00,2024-11-25,-186,OPEN,2,186,186,R,69.0,3,171.0,103.17,0.02,3,ACTIVATED
808,AW4632,CDG - VIE,2025-05-29 09:45:00,2025-05-29 11:55:00,2024-11-25,-185,OPEN,2,189,189,I,193.0,0,0.0,0.0,0.0,0,ACTIVATED
5565,AW4670,CDG - BUD,2025-05-29 10:05:00,2025-05-29 13:10:00,2024-11-25,-185,OPEN,2,189,99,X,90.0,9,796.0,456.4,0.09,9,SCHEDULED
3832,AW3288,CDG - TLL,2025-05-29 11:25:00,2025-05-29 16:10:00,2024-11-25,-185,OPEN,2,186,186,M,216.0,1,216.0,149.74,0.01,1,SCHEDULED
804,AW7644,CDG - OSL,2025-05-29 11:50:00,2025-05-29 13:30:00,2024-11-25,-185,OPEN,2,189,189,B,237.0,0,0.0,0.0,0.0,0,ACTIVATED
800,AW4633,VIE - CDG,2025-05-29 12:45:00,2025-05-29 14:50:00,2024-11-25,-185,OPEN,2,189,189,G,52.0,0,0.0,0.0,0.0,0,ACTIVATED
5836,AW3551,HEL - CDG,2025-05-29 13:15:00,2025-05-29 16:00:00,2024-11-25,-185,OPEN,2,189,189,Q,178.0,12,2588.0,2324.6,0.06,12,ACTIVATED
5160,AW4671,BUD - CDG,2025-05-29 13:55:00,2025-05-29 18:50:00,2024-11-25,-186,OPEN,2,189,99,X,85.0,6,458.0,399.08,0.06,6,DEACTIVATED
812,AW7645,OSL - CDG,2025-05-29 14:15:00,2025-05-29 17:45:00,2024-11-25,-186,OPEN,2,189,189,L,96.0,0,0.0,0.0,0.0,0,ACTIVATED
809,AW4636,CDG - VIE,2025-05-29 14:30:00,2025-05-29 16:40:00,2024-11-25,-185,OPEN,2,189,189,I,193.0,0,0.0,0.0,0.0,0,ACTIVATED
811,AW3556,CDG - HEL,2025-05-29 15:00:00,2025-05-29 19:20:00,2024-11-25,-185,CANCELLED,2,189,189,,,0,0.0,0.0,0.0,0,UNAVAILABLE
805,AW7646,CDG - OSL,2025-05-29 15:20:00,2025-05-29 17:00:00,2024-11-25,-185,OPEN,2,189,189,B,237.0,0,0.0,0.0,0.0,0,ACTIVATED
4740,AW3289,TLL - CDG,2025-05-29 17:10:00,2025-05-29 20:00:00,2024-11-25,-185,OPEN,2,186,186,X,109.0,4,500.0,408.0,0.02,4,SCHEDULED
4152,AW4637,VIE - CDG,2025-05-29 17:30:00,2025-05-29 19:35:00,2024-11-25,-185,OPEN,2,189,189,T,60.0,2,164.0,126.4,0.01,2,ACTIVATED
813,AW7647,OSL - CDG,2025-05-29 17:40:00,2025-05-29 21:10:00,2024-11-25,-186,OPEN,2,189,189,L,96.0,0,0.0,0.0,0.0,0,ACTIVATED
802,AW3422,CDG - TLL,2025-05-29 19:00:00,2025-05-29 23:45:00,2024-11-25,-185,OPEN,2,186,186,H,192.0,0,0.0,0.0,0.0,0,SCHEDULED
798,AW3557,HEL - CDG,2025-05-29 20:05:00,2025-05-29 22:50:00,2024-11-25,-185,CANCELLED,2,189,189,,,0,0.0,0.0,0.0,0,UNAVAILABLE
806,AW7664,CDG - OSL,2025-05-29 20:45:00,2025-05-29 22:25:00,2024-11-25,-185,OPEN,2,189,189,K,110.0,0,0.0,0.0,0.0,0,ACTIVATED
807,AW7668,CDG - OSL,2025-05-29 21:15:00,2025-05-29 22:55:00,2024-11-25,-185,OPEN,2,189,189,K,110.0,0,0.0,0.0,0.0,0,ACTIVATED
810,AW4780,CDG - VIE,2025-05-29 21:15:00,2025-05-29 23:25:00,2024-11-25,-185,OPEN,2,189,189,L,97.0,0,0.0,0.0,0.0,0,ACTIVATED
829,AW7665,OSL - CDG,2025-05-30 06:00:00,2025-05-30 09:30:00,2024-11-25,-187,OPEN,2,189,189,X,82.0,0,0.0,0.0,0.0,0,ACTIVATED
830,AW7669,OSL - CDG,2025-05-30 06:30:00,2025-05-30 10:00:00,2024-11-25,-187,OPEN,2,189,189,X,82.0,0,0.0,0.0,0.0,0,ACTIVATED
816,AW3423,TLL - CDG,2025-05-30 06:35:00,2025-05-30 09:25:00,2024-11-25,-186,OPEN,2,186,186,R,93.0,0,0.0,0.0,0.0,0,SCHEDULED
819,AW4781,VIE - CDG,2025-05-30 06:55:00,2025-05-30 09:00:00,2024-11-25,-186,OPEN,2,189,189,G,52.0,0,0.0,0.0,0.0,0,ACTIVATED
825,AW7640,CDG - OSL,2025-05-30 07:20:00,2025-05-30 09:00:00,2024-11-25,-186,CANCELLED,2,186,186,,,0,0.0,0.0,0.0,0,UNAVAILABLE
5908,AW3550,CDG - HEL,2025-05-30 07:30:00,2025-05-30 11:50:00,2024-11-25,-186,OPEN,2,189,169,L,139.0,13,2536.0,2059.97,0.08,13,ACTIVATED
821,AW3280,CDG - TLL,2025-05-30 09:05:00,2025-05-30 13:50:00,2024-11-25,-186,OPEN,2,186,186,H,192.0,0,0.0,0.0,0.0,0,SCHEDULED
827,AW7641,OSL - CDG,2025-05-30 09:40:00,2025-05-30 13:10:00,2024-11-25,-187,CANCELLED,2,186,186,,,0,0.0,0.0,0.0,0,UNAVAILABLE
3835,AW4632,CDG - VIE,2025-05-30 10:05:00,2025-05-30 12:15:00,2024-11-25,-186,OPEN,2,189,189,X,86.0,1,110.0,70.74,0.01,1,ACTIVATED
4741,AW7644,CDG - OSL,2025-05-30 11:10:00,2025-05-30 12:50:00,2024-11-25,-186,OPEN,2,189,189,L,97.0,4,689.0,552.57,0.02,4,ACTIVATED
5837,AW3551,HEL - CDG,2025-05-30 12:35:00,2025-05-30 15:20:00,2024-11-25,-186,OPEN,2,189,169,M,217.0,12,2446.0,2182.6,0.07,12,ACTIVATED
817,AW4633,VIE - CDG,2025-05-30 13:05:00,2025-05-30 15:10:00,2024-11-25,-186,OPEN,2,189,189,T,60.0,0,0.0,0.0,0.0,0,ACTIVATED
824,AW3284,CDG - TLL,2025-05-30 13:25:00,2025-05-30 18:10:00,2024-11-25,-186,CANCELLED,2,189,189,,,0,0.0,0.0,0.0,0,UNAVAILABLE
4153,AW7645,OSL - CDG,2025-05-30 13:35:00,2025-05-30 17:05:00,2024-11-25,-187,OPEN,2,189,189,R,69.0,2,114.0,68.78,0.01,2,ACTIVATED
3833,AW3281,TLL - CDG,2025-05-30 14:50:00,2025-05-30 17:40:00,2024-11-25,-186,OPEN,2,186,186,L,125.0,1,125.0,102.0,0.01,1,SCHEDULED
820,AW3558,CDG - HEL,2025-05-30 14:55:00,2025-05-30 19:15:00,2024-11-25,-186,OPEN,2,189,189,K,154.0,0,0.0,0.0,0.0,0,ACTIVATED
823,AW4636,CDG - VIE,2025-05-30 14:55:00,2025-05-30 17:05:00,2024-11-25,-186,OPEN,2,189,189,X,86.0,0,0.0,0.0,0.0,0,ACTIVATED
4989,AW7648,CDG - OSL,2025-05-30 16:25:00,2025-05-30 18:05:00,2024-11-25,-186,OPEN,2,189,189,R,75.0,5,463.0,280.44,0.03,5,ACTIVATED
818,AW4637,VIE - CDG,2025-05-30 17:55:00,2025-05-30 20:00:00,2024-11-25,-186,OPEN,2,189,189,T,60.0,0,0.0,0.0,0.0,0,ACTIVATED
828,AW7649,OSL - CDG,2025-05-30 18:45:00,2025-05-30 22:15:00,2024-11-25,-187,OPEN,2,189,189,R,69.0,0,0.0,0.0,0.0,0,ACTIVATED
822,AW3422,CDG - TLL,2025-05-30 19:00:00,2025-05-30 23:45:00,2024-11-25,-186,OPEN,2,186,186,Q,170.0,0,0.0,0.0,0.0,0,SCHEDULED
826,AW3285,TLL - CDG,2025-05-30 19:05:00,2025-05-30 21:55:00,2024-11-25,-186,CANCELLED,2,189,189,,,0,0.0,0.0,0.0,0,UNAVAILABLE
5679,AW3559,HEL - CDG,2025-05-30 20:00:00,2025-05-30 22:45:00,2024-11-25,-186,OPEN,2,189,189,H,197.0,10,2368.0,2148.5,0.05,10,ACTIVATED
3834,AW7664,CDG - OSL,2025-05-30 20:45:00,2025-05-30 22:25:00,2024-11-25,-186,OPEN,2,189,189,X,86.0,1,293.0,260.61,0.01,1,ACTIVATED
3836,AW4780,CDG - VIE,2025-05-30 21:10:00,2025-05-30 23:20:00,2024-11-25,-186,OPEN,2,189,189,T,66.0,1,66.0,26.74,0.01,1,ACTIVATED
6656,AW7668,CDG - OSL,2025-05-30 21:15:00,2025-05-30 22:55:00,2024-11-25,-186,OPEN,2,189,189,V,125.0,34,3023.0,1688.16,0.18,34,ACTIVATED
851,AW7665,OSL - CDG,2025-05-31 05:55:00,2025-05-31 09:25:00,2024-11-25,-188,OPEN,2,189,189,R,69.0,0,0.0,0.0,0.0,0,ACTIVATED
839,AW4781,VIE - CDG,2025-05-31 06:00:00,2025-05-31 08:05:00,2024-11-25,-187,OPEN,2,189,189,R,70.0,0,0.0,0.0,0.0,0,ACTIVATED
6805,AW4670,CDG - BUD,2025-05-31 06:15:00,2025-05-31 09:20:00,2024-11-25,-187,OPEN,2,186,116,K,117.0,42,4548.8,2899.88,0.36,42,SCHEDULED
4743,AW7669,OSL - CDG,2025-05-31 06:25:00,2025-05-31 09:55:00,2024-11-25,-188,OPEN,2,189,189,R,69.0,4,228.0,137.56,0.02,4,ACTIVATED
837,AW3423,TLL - CDG,2025-05-31 06:45:00,2025-05-31 09:35:00,2024-11-25,-187,OPEN,2,186,186,V,165.0,0,0.0,0.0,0.0,0,SCHEDULED
5965,AW3550,CDG - HEL,2025-05-31 08:35:00,2025-05-31 12:55:00,2024-11-25,-187,OPEN,2,189,189,K,154.0,14,2604.0,2109.32,0.07,14,ACTIVATED
841,AW3280,CDG - TLL,2025-05-31 09:00:00,2025-05-31 13:45:00,2024-11-25,-187,CANCELLED,2,189,189,,,0,0.0,0.0,0.0,0,UNAVAILABLE
5566,AW4671,BUD - CDG,2025-05-31 10:05:00,2025-05-31 15:00:00,2024-11-25,-188,OPEN,2,186,116,V,132.0,9,901.0,812.62,0.08,9,DEACTIVATED
835,AW4636,CDG - VIE,2025-05-31 10:10:00,2025-05-31 12:20:00,2024-11-25,-187,OPEN,2,189,189,R,75.0,0,0.0,0.0,0.0,0,ACTIVATED
4513,AW3288,CDG - TLL,2025-05-31 10:15:00,2025-05-31 15:00:00,2024-11-25,-187,OPEN,2,186,186,X,111.0,3,326.0,134.71,0.02,3,SCHEDULED
831,AW7644,CDG - OSL,2025-05-31 10:20:00,2025-05-31 12:00:00,2024-11-25,-187,OPEN,2,189,179,X,86.0,0,0.0,0.0,0.0,0,ACTIVATED
3838,AW7645,OSL - CDG,2025-05-31 12:40:00,2025-05-31 16:10:00,2024-11-25,-188,OPEN,2,189,179,X,82.0,1,124.0,101.21,0.01,1,ACTIVATED
4515,AW4637,VIE - CDG,2025-05-31 13:10:00,2025-05-31 15:15:00,2024-11-25,-187,OPEN,2,189,189,G,52.0,3,276.0,219.6,0.02,3,ACTIVATED
834,AW4634,CDG - VIE,2025-05-31 13:35:00,2025-05-31 15:45:00,2024-11-25,-187,OPEN,2,189,189,X,86.0,0,0.0,0.0,0.0,0,ACTIVATED
6765,AW3551,HEL - CDG,2025-05-31 13:40:00,2025-05-31 16:25:00,2024-11-25,-187,OPEN,2,189,189,I,239.0,40,7126.5,6248.5,0.21,40,ACTIVATED
840,AW3281,TLL - CDG,2025-05-31 14:40:00,2025-05-31 17:30:00,2024-11-25,-187,CANCELLED,2,189,189,,,0,0.0,0.0,0.0,0,UNAVAILABLE
6543,AW7658,CDG - OSL,2025-05-31 15:20:00,2025-05-31 17:00:00,2024-11-25,-187,OPEN,2,189,189,X,86.0,30,3439.2,2261.4,0.16,30,ACTIVATED
5308,AW3289,TLL - CDG,2025-05-31 16:00:00,2025-05-31 18:50:00,2024-11-25,-187,OPEN,2,186,186,Q,188.0,7,998.0,837.0,0.04,7,SCHEDULED
838,AW4635,VIE - CDG,2025-05-31 16:40:00,2025-05-31 18:45:00,2024-11-25,-187,OPEN,2,189,189,T,60.0,0,0.0,0.0,0.0,0,ACTIVATED
6351,AW7646,CDG - OSL,2025-05-31 16:45:00,2025-05-31 18:25:00,2024-11-25,-187,OPEN,2,186,186,X,86.0,23,2093.0,1190.02,0.12,23,ACTIVATED
6821,AW7659,OSL - CDG,2025-05-31 17:40:00,2025-05-31 21:10:00,2024-11-25,-188,OPEN,2,189,189,V,128.0,43,3795.0,2821.87,0.23,43,ACTIVATED
4514,AW3422,CDG - TLL,2025-05-31 19:00:00,2025-05-31 23:45:00,2024-11-25,-187,OPEN,2,186,186,G,83.0,3,249.0,50.22,0.02,3,SCHEDULED
6516,AW7647,OSL - CDG,2025-05-31 19:05:00,2025-05-31 22:35:00,2024-11-25,-188,OPEN,2,186,186,Q,147.0,29,2256.44,1600.75,0.16,29,ACTIVATED
832,AW7664,CDG - OSL,2025-05-31 20:45:00,2025-05-31 22:25:00,2024-11-25,-187,OPEN,2,189,189,T,65.0,0,0.0,0.0,0.0,0,ACTIVATED
836,AW4780,CDG - VIE,2025-05-31 21:15:00,2025-05-31 23:25:00,2024-11-25,-187,OPEN,2,189,189,T,66.0,0,0.0,0.0,0.0,0,ACTIVATED
833,AW7668,CDG - OSL,2025-05-31 21:15:00,2025-05-31 22:55:00,2024-11-25,-187,OPEN,2,189,189,T,65.0,0,0.0,0.0,0.0,0,ACTIVATED
6326,AW7669,OSL - CDG,2025-06-01 06:00:00,2025-06-01 09:30:00,2024-11-25,-189,OPEN,2,189,189,K,111.0,22,1834.0,1335.68,0.12,22,ACTIVATED
852,AW4781,VIE - CDG,2025-06-01 06:00:00,2025-06-01 08:05:00,2024-11-25,-188,OPEN,2,189,189,R,70.0,0,0.0,0.0,0.0,0,ACTIVATED
6544,AW7665,OSL - CDG,2025-06-01 06:30:00,2025-06-01 10:00:00,2024-11-25,-189,OPEN,2,189,189,V,128.0,30,2501.0,1821.98,0.16,30,ACTIVATED
4990,AW3423,TLL - CDG,2025-06-01 07:00:00,2025-06-01 09:50:00,2024-11-25,-188,OPEN,2,186,186,M,239.0,5,258.22,143.22,0.03,5,SCHEDULED
844,AW7640,CDG - OSL,2025-06-01 07:20:00,2025-06-01 09:00:00,2024-11-25,-188,CANCELLED,2,189,189,,,0,0.0,0.0,0.0,0,UNAVAILABLE
4516,AW3280,CDG - TLL,2025-06-01 08:05:00,2025-06-01 12:50:00,2024-11-25,-188,OPEN,2,189,189,X,111.0,3,333.0,134.22,0.02,3,SCHEDULED
867,AW7641,OSL - CDG,2025-06-01 09:40:00,2025-06-01 13:10:00,2024-11-25,-189,CANCELLED,2,189,189,,,0,0.0,0.0,0.0,0,UNAVAILABLE
845,AW7658,CDG - OSL,2025-06-01 10:20:00,2025-06-01 12:00:00,2024-11-25,-188,OPEN,2,189,189,L,97.0,0,0.0,0.0,0.0,0,ACTIVATED
4742,AW3288,CDG - TLL,2025-06-01 10:55:00,2025-06-01 15:40:00,2024-11-25,-188,OPEN,2,186,186,X,111.0,4,433.0,167.96,0.02,4,SCHEDULED
849,AW4638,CDG - VIE,2025-06-01 10:55:00,2025-06-01 13:05:00,2024-11-25,-188,OPEN,2,189,189,R,75.0,0,0.0,0.0,0.0,0,ACTIVATED
6517,AW7659,OSL - CDG,2025-06-01 12:40:00,2025-06-01 16:10:00,2024-11-25,-189,OPEN,2,189,189,B,253.0,29,5298.22,4642.53,0.15,29,ACTIVATED
5680,AW3281,TLL - CDG,2025-06-01 13:45:00,2025-06-01 16:35:00,2024-11-25,-188,OPEN,2,189,189,M,239.0,10,1721.22,1491.22,0.05,10,SCHEDULED
6176,AW4639,VIE - CDG,2025-06-01 13:55:00,2025-06-01 16:00:00,2024-11-25,-188,OPEN,2,189,189,X,82.0,18,1536.0,1197.6,0.1,18,ACTIVATED
848,AW4636,CDG - VIE,2025-06-01 14:35:00,2025-06-01 16:45:00,2024-11-25,-188,OPEN,2,189,189,R,75.0,0,0.0,0.0,0.0,0,ACTIVATED
842,AW3556,CDG - HEL,2025-06-01 14:45:00,2025-06-01 19:05:00,2024-11-25,-188,OPEN,2,189,189,K,154.0,0,0.0,0.0,0.0,0,ACTIVATED
843,AW3558,CDG - HEL,2025-06-01 15:00:00,2025-06-01 19:20:00,2024-11-25,-188,OPEN,2,189,189,K,154.0,0,0.0,0.0,0.0,0,ACTIVATED
5161,AW3289,TLL - CDG,2025-06-01 16:40:00,2025-06-01 19:30:00,2024-11-25,-188,OPEN,2,186,186,M,239.0,6,1434.0,1296.0,0.03,6,SCHEDULED
3837,AW7646,CDG - OSL,2025-06-01 16:45:00,2025-06-01 18:25:00,2024-11-25,-188,OPEN,2,189,189,L,97.0,1,167.0,127.74,0.01,1,ACTIVATED
6440,AW4637,VIE - CDG,2025-06-01 17:30:00,2025-06-01 19:35:00,2024-11-25,-188,OPEN,2,189,189,X,82.0,26,2186.0,1697.2,0.14,26,ACTIVATED
4154,AW3422,CDG - TLL,2025-06-01 19:00:00,2025-06-01 23:45:00,2024-11-25,-188,OPEN,2,186,186,G,83.0,2,152.0,34.46,0.01,2,SCHEDULED
7594,AW7647,OSL - CDG,2025-06-01 19:05:00,2025-06-01 22:35:00,2024-11-25,-189,OPEN,2,189,189,Y,389.0,100,15761.0,13500.0,0.53,100,ACTIVATED
6175,AW3557,HEL - CDG,2025-06-01 19:50:00,2025-06-01 22:35:00,2024-11-25,-188,OPEN,2,189,189,S,336.0,18,4324.8,3929.7,0.1,18,ACTIVATED
6873,AW3559,HEL - CDG,2025-06-01 20:05:00,2025-06-01 22:50:00,2024-11-25,-188,OPEN,2,189,189,F,261.0,46,11626.65,10616.95,0.24,46,ACTIVATED
846,AW7664,CDG - OSL,2025-06-01 20:45:00,2025-06-01 22:25:00,2024-11-25,-188,OPEN,2,189,189,L,97.0,0,0.0,0.0,0.0,0,ACTIVATED
847,AW7668,CDG - OSL,2025-06-01 21:15:00,2025-06-01 22:55:00,2024-11-25,-188,OPEN,2,189,189,L,97.0,0,0.0,0.0,0.0,0,ACTIVATED
850,AW4780,CDG - VIE,2025-06-01 21:25:00,2025-06-01 23:35:00,2024-11-25,-188,OPEN,2,189,189,K,110.0,0,0.0,0.0,0.0,0,ACTIVATED
884,AW7669,OSL - CDG,2025-06-02 05:55:00,2025-06-02 09:25:00,2024-11-25,-190,OPEN,2,189,189,Q,147.0,0,0.0,0.0,0.0,0,ACTIVATED
4157,AW4781,VIE - CDG,2025-06-02 06:00:00,2025-06-02 08:05:00,2024-11-25,-189,OPEN,2,189,189,K,108.0,2,216.0,178.4,0.01,2,ACTIVATED
4745,AW7665,OSL - CDG,2025-06-02 06:30:00,2025-06-02 10:00:00,2024-11-25,-190,OPEN,2,189,189,V,128.0,4,420.0,329.56,0.02,4,ACTIVATED
865,AW3423,TLL - CDG,2025-06-02 06:45:00,2025-06-02 09:35:00,2024-11-25,-189,OPEN,2,186,186,Q,188.0,0,0.0,0.0,0.0,0,SCHEDULED
856,AW7640,CDG - OSL,2025-06-02 07:15:00,2025-06-02 08:55:00,2024-11-25,-189,CANCELLED,2,189,189,,,0,0.0,0.0,0.0,0,UNAVAILABLE
854,AW3284,CDG - TLL,2025-06-02 07:45:00,2025-06-02 12:30:00,2024-11-25,-189,OPEN,2,189,189,T,92.0,0,0.0,0.0,0.0,0,SCHEDULED
4155,AW3550,CDG - HEL,2025-06-02 08:20:00,2025-06-02 12:40:00,2024-11-25,-189,OPEN,2,189,189,H,211.0,2,592.0,513.48,0.01,2,ACTIVATED
885,AW7641,OSL - CDG,2025-06-02 09:35:00,2025-06-02 13:05:00,2024-11-25,-190,CANCELLED,2,189,189,,,0,0.0,0.0,0.0,0,UNAVAILABLE
6487,AW4632,CDG - VIE,2025-06-02 10:05:00,2025-06-02 12:15:00,2024-11-25,-189,OPEN,2,189,189,R,75.0,28,2535.96,1629.04,0.15,28,ACTIVATED
853,AW3280,CDG - TLL,2025-06-02 10:10:00,2025-06-02 14:55:00,2024-11-25,-189,OPEN,2,186,186,T,92.0,0,0.0,0.0,0.0,0,SCHEDULED
857,AW7644,CDG - OSL,2025-06-02 11:10:00,2025-06-02 12:50:00,2024-11-25,-189,OPEN,2,189,189,K,110.0,0,0.0,0.0,0.0,0,ACTIVATED
3839,AW4633,VIE - CDG,2025-06-02 13:05:00,2025-06-02 15:10:00,2024-11-25,-189,OPEN,2,189,189,L,94.0,1,94.0,75.2,0.01,1,ACTIVATED
6087,AW3551,HEL - CDG,2025-06-02 13:25:00,2025-06-02 16:10:00,2024-11-25,-189,OPEN,2,189,189,I,239.0,16,4107.9,3756.7,0.08,16,ACTIVATED
864,AW3285,TLL - CDG,2025-06-02 13:25:00,2025-06-02 16:15:00,2024-11-25,-189,OPEN,2,189,189,V,165.0,0,0.0,0.0,0.0,0,SCHEDULED
3841,AW7645,OSL - CDG,2025-06-02 13:35:00,2025-06-02 17:05:00,2024-11-25,-190,OPEN,2,189,175,Q,147.0,1,128.0,105.39,0.01,1,ACTIVATED
861,AW4634,CDG - VIE,2025-06-02 14:30:00,2025-06-02 16:40:00,2024-11-25,-189,OPEN,2,189,189,T,66.0,0,0.0,0.0,0.0,0,ACTIVATED
4156,AW3558,CDG - HEL,2025-06-02 14:55:00,2025-06-02 19:15:00,2024-11-25,-189,OPEN,2,189,189,V,172.0,2,384.0,305.48,0.01,2,ACTIVATED
863,AW3281,TLL - CDG,2025-06-02 15:55:00,2025-06-02 18:45:00,2024-11-25,-189,OPEN,2,186,186,V,165.0,0,0.0,0.0,0.0,0,SCHEDULED
858,AW7648,CDG - OSL,2025-06-02 16:50:00,2025-06-02 18:30:00,2024-11-25,-189,OPEN,2,189,189,R,75.0,0,0.0,0.0,0.0,0,ACTIVATED
866,AW4635,VIE - CDG,2025-06-02 17:30:00,2025-06-02 19:35:00,2024-11-25,-189,OPEN,2,189,189,T,60.0,0,0.0,0.0,0.0,0,ACTIVATED
855,AW3422,CDG - TLL,2025-06-02 19:00:00,2025-06-02 23:45:00,2024-11-25,-189,OPEN,2,186,186,G,83.0,0,0.0,0.0,0.0,0,SCHEDULED
883,AW7649,OSL - CDG,2025-06-02 19:10:00,2025-06-02 22:40:00,2024-11-25,-190,OPEN,2,189,189,K,111.0,0,0.0,0.0,0.0,0,ACTIVATED
6287,AW3559,HEL - CDG,2025-06-02 20:00:00,2025-06-02 22:45:00,2024-11-25,-189,OPEN,2,189,189,Q,178.0,21,4521.0,4060.05,0.11,21,ACTIVATED
859,AW7664,CDG - OSL,2025-06-02 20:45:00,2025-06-02 22:25:00,2024-11-25,-189,OPEN,2,189,189,T,65.0,0,0.0,0.0,0.0,0,ACTIVATED
860,AW7668,CDG - OSL,2025-06-02 21:15:00,2025-06-02 22:55:00,2024-11-25,-189,OPEN,2,189,189,T,65.0,0,0.0,0.0,0.0,0,ACTIVATED
862,AW4780,CDG - VIE,2025-06-02 21:20:00,2025-06-02 23:30:00,2024-11-25,-189,OPEN,2,189,189,T,66.0,0,0.0,0.0,0.0,0,ACTIVATED
5681,AW4781,VIE - CDG,2025-06-03 06:00:00,2025-06-03 08:05:00,2024-11-25,-190,OPEN,2,189,189,T,60.0,10,610.0,422.0,0.05,10,ACTIVATED
3843,AW7669,OSL - CDG,2025-06-03 06:00:00,2025-06-03 09:30:00,2024-11-25,-191,OPEN,2,189,189,T,57.0,1,99.0,76.21,0.01,1,ACTIVATED
878,AW4670,CDG - BUD,2025-06-03 06:15:00,2025-06-03 09:20:00,2024-11-25,-190,OPEN,2,189,99,R,78.0,0,0.0,0.0,0.0,0,SCHEDULED
3842,AW7665,OSL - CDG,2025-06-03 06:30:00,2025-06-03 10:00:00,2024-11-25,-191,OPEN,2,189,189,T,57.0,1,99.0,76.21,0.01,1,ACTIVATED
875,AW3423,TLL - CDG,2025-06-03 06:45:00,2025-06-03 09:35:00,2024-11-25,-190,OPEN,2,186,186,K,144.0,0,0.0,0.0,0.0,0,SCHEDULED
876,AW7640,CDG - OSL,2025-06-03 07:15:00,2025-06-03 08:55:00,2024-11-25,-190,OPEN,2,189,136,X,86.0,0,0.0,0.0,0.0,0,ACTIVATED
4158,AW7641,OSL - CDG,2025-06-03 09:35:00,2025-06-03 13:05:00,2024-11-25,-191,OPEN,2,189,136,X,82.0,2,164.0,118.78,0.01,2,ACTIVATED
4744,AW3288,CDG - TLL,2025-06-03 09:50:00,2025-06-03 14:35:00,2024-11-25,-190,OPEN,2,186,186,R,100.0,4,386.0,135.94,0.02,4,SCHEDULED
7339,AW4632,CDG - VIE,2025-06-03 10:05:00,2025-06-03 12:15:00,2024-11-25,-190,OPEN,2,189,189,X,86.0,82,8549.32,5330.0,0.43,82,ACTIVATED
5444,AW4671,BUD - CDG,2025-06-03 10:05:00,2025-06-03 15:00:00,2024-11-25,-191,OPEN,2,189,99,L,99.0,8,694.0,615.44,0.08,8,DEACTIVATED
872,AW3558,CDG - HEL,2025-06-03 11:30:00,2025-06-03 15:50:00,2024-11-25,-190,CANCELLED,2,189,189,,,0,0.0,0.0,0.0,0,UNAVAILABLE
6835,AW7644,CDG - OSL,2025-06-03 11:50:00,2025-06-03 13:30:00,2024-11-25,-190,OPEN,2,189,189,X,86.0,44,2864.94,1426.04,0.23,44,ACTIVATED
879,AW4633,VIE - CDG,2025-06-03 13:05:00,2025-06-03 15:10:00,2024-11-25,-190,OPEN,2,189,189,T,60.0,0,0.0,0.0,0.0,0,ACTIVATED
4746,AW7645,OSL - CDG,2025-06-03 14:15:00,2025-06-03 17:45:00,2024-11-25,-191,OPEN,2,189,189,X,82.0,4,370.0,279.56,0.02,4,ACTIVATED
4517,AW3286,CDG - TLL,2025-06-03 14:20:00,2025-06-03 19:05:00,2024-11-25,-190,OPEN,2,186,186,R,100.0,3,300.0,101.22,0.02,3,SCHEDULED
880,AW4636,CDG - VIE,2025-06-03 15:00:00,2025-06-03 17:10:00,2024-11-25,-190,OPEN,2,189,189,T,66.0,0,0.0,0.0,0.0,0,ACTIVATED
5309,AW3289,TLL - CDG,2025-06-03 15:35:00,2025-06-03 18:25:00,2024-11-25,-190,OPEN,2,186,186,K,144.0,7,1268.0,1107.0,0.04,7,SCHEDULED
873,AW3559,HEL - CDG,2025-06-03 16:35:00,2025-06-03 19:20:00,2024-11-25,-190,CANCELLED,2,189,189,,,0,0.0,0.0,0.0,0,UNAVAILABLE
4518,AW7648,CDG - OSL,2025-06-03 16:45:00,2025-06-03 18:25:00,2024-11-25,-190,OPEN,2,189,189,X,86.0,3,211.0,106.96,0.02,3,ACTIVATED
881,AW4637,VIE - CDG,2025-06-03 18:00:00,2025-06-03 20:05:00,2024-11-25,-190,OPEN,2,189,189,T,60.0,0,0.0,0.0,0.0,0,ACTIVATED
4991,AW3422,CDG - TLL,2025-06-03 19:00:00,2025-06-03 23:45:00,2024-11-25,-190,OPEN,2,186,186,R,100.0,5,425.0,131.15,0.03,5,SCHEDULED
4992,AW7649,OSL - CDG,2025-06-03 19:05:00,2025-06-03 22:35:00,2024-11-25,-191,OPEN,2,189,189,X,82.0,5,423.0,309.95,0.03,5,ACTIVATED
874,AW3287,TLL - CDG,2025-06-03 20:00:00,2025-06-03 22:50:00,2024-11-25,-190,OPEN,2,186,186,L,125.0,0,0.0,0.0,0.0,0,SCHEDULED
877,AW7664,CDG - OSL,2025-06-03 20:45:00,2025-06-03 22:25:00,2024-11-25,-190,OPEN,2,189,189,G,57.0,0,0.0,0.0,0.0,0,ACTIVATED
3840,AW7668,CDG - OSL,2025-06-03 21:15:00,2025-06-03 22:55:00,2024-11-25,-190,OPEN,2,189,189,G,57.0,1,57.0,17.74,0.01,1,ACTIVATED
882,AW4780,CDG - VIE,2025-06-03 21:20:00,2025-06-03 23:30:00,2024-11-25,-190,OPEN,2,189,189,T,66.0,0,0.0,0.0,0.0,0,ACTIVATED
897,AW7665,OSL - CDG,2025-06-04 06:00:00,2025-06-04 09:30:00,2024-11-25,-192,OPEN,2,189,189,T,57.0,0,0.0,0.0,0.0,0,ACTIVATED
4163,AW4781,VIE - CDG,2025-06-04 06:15:00,2025-06-04 08:20:00,2024-11-25,-191,OPEN,2,189,189,T,60.0,2,174.0,136.4,0.01,2,ACTIVATED
4164,AW7669,OSL - CDG,2025-06-04 06:30:00,2025-06-04 10:00:00,2024-11-25,-192,OPEN,2,189,189,G,47.0,2,114.0,68.78,0.01,2,ACTIVATED
887,AW3423,TLL - CDG,2025-06-04 06:45:00,2025-06-04 09:35:00,2024-11-25,-191,OPEN,2,186,186,R,93.0,0,0.0,0.0,0.0,0,SCHEDULED
888,AW7640,CDG - OSL,2025-06-04 07:15:00,2025-06-04 08:55:00,2024-11-25,-191,CANCELLED,2,186,186,,,0,0.0,0.0,0.0,0,UNAVAILABLE
6088,AW3550,CDG - HEL,2025-06-04 08:30:00,2025-06-04 12:50:00,2024-11-25,-191,OPEN,2,189,189,K,154.0,16,2859.28,2265.47,0.08,16,ACTIVATED
896,AW7641,OSL - CDG,2025-06-04 09:35:00,2025-06-04 13:05:00,2024-11-25,-192,CANCELLED,2,186,186,,,0,0.0,0.0,0.0,0,UNAVAILABLE
894,AW3284,CDG - TLL,2025-06-04 10:05:00,2025-06-04 14:50:00,2024-11-25,-191,CANCELLED,2,189,189,,,0,0.0,0.0,0.0,0,UNAVAILABLE
890,AW4632,CDG - VIE,2025-06-04 10:15:00,2025-06-04 12:25:00,2024-11-25,-191,OPEN,2,189,189,T,66.0,0,0.0,0.0,0.0,0,ACTIVATED
4747,AW3288,CDG - TLL,2025-06-04 10:55:00,2025-06-04 15:40:00,2024-11-25,-191,OPEN,2,186,186,R,100.0,4,412.0,176.92,0.02,4,SCHEDULED
5162,AW7644,CDG - OSL,2025-06-04 11:50:00,2025-06-04 13:30:00,2024-11-25,-191,OPEN,2,189,189,R,75.0,6,670.0,468.79,0.03,6,ACTIVATED
891,AW4633,VIE - CDG,2025-06-04 13:15:00,2025-06-04 15:20:00,2024-11-25,-191,OPEN,2,189,189,T,60.0,0,0.0,0.0,0.0,0,ACTIVATED
4159,AW3551,HEL - CDG,2025-06-04 13:35:00,2025-06-04 16:20:00,2024-11-25,-191,OPEN,2,189,164,V,160.0,2,452.0,408.1,0.01,2,ACTIVATED
4748,AW7645,OSL - CDG,2025-06-04 14:10:00,2025-06-04 17:40:00,2024-11-25,-192,OPEN,2,189,189,R,69.0,4,357.0,266.38,0.02,4,ACTIVATED
886,AW3286,CDG - TLL,2025-06-04 14:20:00,2025-06-04 19:05:00,2024-11-25,-191,OPEN,2,186,186,T,92.0,0,0.0,0.0,0.0,0,SCHEDULED
4160,AW3558,CDG - HEL,2025-06-04 14:20:00,2025-06-04 18:40:00,2024-11-25,-191,OPEN,2,189,189,K,154.0,2,480.0,401.48,0.01,2,ACTIVATED
892,AW4636,CDG - VIE,2025-06-04 14:40:00,2025-06-04 16:50:00,2024-11-25,-191,OPEN,2,189,189,T,66.0,0,0.0,0.0,0.0,0,ACTIVATED
895,AW3285,TLL - CDG,2025-06-04 15:45:00,2025-06-04 18:35:00,2024-11-25,-191,CANCELLED,2,189,189,,,0,0.0,0.0,0.0,0,UNAVAILABLE
5310,AW3289,TLL - CDG,2025-06-04 16:40:00,2025-06-04 19:30:00,2024-11-25,-191,OPEN,2,186,186,R,93.0,7,573.0,412.0,0.04,7,SCHEDULED
5567,AW7646,CDG - OSL,2025-06-04 16:45:00,2025-06-04 18:25:00,2024-11-25,-191,OPEN,2,189,189,L,97.0,9,915.0,561.66,0.05,9,ACTIVATED
893,AW4637,VIE - CDG,2025-06-04 17:40:00,2025-06-04 19:45:00,2024-11-25,-191,OPEN,2,189,189,T,60.0,0,0.0,0.0,0.0,0,ACTIVATED
3844,AW3422,CDG - TLL,2025-06-04 19:00:00,2025-06-04 23:45:00,2024-11-25,-191,OPEN,2,186,186,G,83.0,1,76.0,17.23,0.01,1,SCHEDULED
6572,AW7647,OSL - CDG,2025-06-04 19:10:00,2025-06-04 22:40:00,2024-11-25,-192,OPEN,2,189,189,X,82.0,31,2602.3,1901.21,0.16,31,ACTIVATED
4161,AW3559,HEL - CDG,2025-06-04 19:25:00,2025-06-04 22:10:00,2024-11-25,-191,OPEN,2,189,189,V,160.0,2,434.0,390.1,0.01,2,ACTIVATED
4519,AW3287,TLL - CDG,2025-06-04 20:00:00,2025-06-04 22:50:00,2024-11-25,-191,OPEN,2,186,186,T,80.0,3,240.0,171.0,0.02,3,SCHEDULED
3845,AW7664,CDG - OSL,2025-06-04 20:45:00,2025-06-04 22:25:00,2024-11-25,-191,OPEN,2,189,189,R,75.0,1,65.0,25.74,0.01,1,ACTIVATED
889,AW7668,CDG - OSL,2025-06-04 21:15:00,2025-06-04 22:55:00,2024-11-25,-191,OPEN,2,189,189,T,65.0,0,0.0,0.0,0.0,0,ACTIVATED
4162,AW4780,CDG - VIE,2025-06-04 21:20:00,2025-06-04 23:30:00,2024-11-25,-191,OPEN,2,189,189,T,66.0,2,150.0,71.48,0.01,2,ACTIVATED
906,AW4781,VIE - CDG,2025-06-05 06:00:00,2025-06-05 08:05:00,2024-11-25,-192,OPEN,2,189,189,N,45.0,0,0.0,0.0,0.0,0,ACTIVATED
908,AW7665,OSL - CDG,2025-06-05 06:00:00,2025-06-05 09:30:00,2024-11-25,-193,OPEN,2,189,189,T,57.0,0,0.0,0.0,0.0,0,ACTIVATED
909,AW7669,OSL - CDG,2025-06-05 06:30:00,2025-06-05 10:00:00,2024-11-25,-193,OPEN,2,189,189,T,57.0,0,0.0,0.0,0.0,0,ACTIVATED
6352,AW3423,TLL - CDG,2025-06-05 06:45:00,2025-06-05 09:35:00,2024-11-25,-192,OPEN,2,186,186,Q,188.0,23,2127.0,1598.0,0.12,23,SCHEDULED
900,AW7640,CDG - OSL,2025-06-05 07:15:00,2025-06-05 08:55:00,2024-11-25,-192,OPEN,2,186,186,L,97.0,0,0.0,0.0,0.0,0,ACTIVATED
6932,AW3550,CDG - HEL,2025-06-05 08:10:00,2025-06-05 12:30:00,2024-11-25,-192,OPEN,2,189,189,V,172.0,50,10132.1,8279.02,0.26,50,ACTIVATED
4167,AW7641,OSL - CDG,2025-06-05 09:35:00,2025-06-05 13:05:00,2024-11-25,-193,OPEN,2,186,186,T,57.0,2,370.0,324.78,0.01,2,ACTIVATED
903,AW4632,CDG - VIE,2025-06-05 09:45:00,2025-06-05 11:55:00,2024-11-25,-192,OPEN,2,189,189,T,66.0,0,0.0,0.0,0.0,0,ACTIVATED
5312,AW4670,CDG - BUD,2025-06-05 10:05:00,2025-06-05 13:10:00,2024-11-25,-192,OPEN,2,189,99,R,78.0,7,506.0,279.27,0.07,7,SCHEDULED
898,AW3288,CDG - TLL,2025-06-05 11:25:00,2025-06-05 16:10:00,2024-11-25,-192,OPEN,2,186,186,Q,170.0,0,0.0,0.0,0.0,0,SCHEDULED
4165,AW7644,CDG - OSL,2025-06-05 11:50:00,2025-06-05 13:30:00,2024-11-25,-192,OPEN,2,189,189,X,86.0,2,76.0,11.22,0.01,2,ACTIVATED
904,AW4633,VIE - CDG,2025-06-05 12:45:00,2025-06-05 14:50:00,2024-11-25,-192,OPEN,2,189,189,T,60.0,0,0.0,0.0,0.0,0,ACTIVATED
7011,AW3551,HEL - CDG,2025-06-05 13:15:00,2025-06-05 16:00:00,2024-11-25,-192,OPEN,2,189,189,Q,178.0,55,7434.87,6227.62,0.29,55,ACTIVATED
4168,AW4671,BUD - CDG,2025-06-05 13:55:00,2025-06-05 18:50:00,2024-11-25,-193,OPEN,2,189,99,X,85.0,2,170.0,150.36,0.02,2,DEACTIVATED
4993,AW7645,OSL - CDG,2025-06-05 14:15:00,2025-06-05 17:45:00,2024-11-25,-193,OPEN,2,189,189,T,57.0,5,281.0,167.95,0.03,5,ACTIVATED
6573,AW4636,CDG - VIE,2025-06-05 14:30:00,2025-06-05 16:40:00,2024-11-25,-192,OPEN,2,189,189,T,66.0,31,2139.0,1134.91,0.16,31,ACTIVATED
5163,AW3556,CDG - HEL,2025-06-05 15:00:00,2025-06-05 19:20:00,2024-11-25,-192,OPEN,2,189,189,K,154.0,6,980.78,772.7,0.03,6,ACTIVATED
901,AW7646,CDG - OSL,2025-06-05 15:20:00,2025-06-05 17:00:00,2024-11-25,-192,OPEN,2,189,189,X,86.0,0,0.0,0.0,0.0,0,ACTIVATED
6220,AW3289,TLL - CDG,2025-06-05 17:10:00,2025-06-05 20:00:00,2024-11-25,-192,OPEN,2,186,186,R,93.0,19,1650.0,1213.0,0.1,19,SCHEDULED
905,AW4637,VIE - CDG,2025-06-05 17:30:00,2025-06-05 19:35:00,2024-11-25,-192,OPEN,2,189,189,T,60.0,0,0.0,0.0,0.0,0,ACTIVATED
907,AW7647,OSL - CDG,2025-06-05 17:40:00,2025-06-05 21:10:00,2024-11-25,-193,OPEN,2,189,189,R,69.0,0,0.0,0.0,0.0,0,ACTIVATED
899,AW3422,CDG - TLL,2025-06-05 19:00:00,2025-06-05 23:45:00,2024-11-25,-192,OPEN,2,186,186,Q,170.0,0,0.0,0.0,0.0,0,SCHEDULED
3846,AW3557,HEL - CDG,2025-06-05 20:05:00,2025-06-05 22:50:00,2024-11-25,-192,OPEN,2,189,189,X,116.0,1,164.0,142.05,0.01,1,ACTIVATED
902,AW7664,CDG - OSL,2025-06-05 20:45:00,2025-06-05 22:25:00,2024-11-25,-192,OPEN,2,189,189,L,97.0,0,0.0,0.0,0.0,0,ACTIVATED
5311,AW7668,CDG - OSL,2025-06-05 21:15:00,2025-06-05 22:55:00,2024-11-25,-192,OPEN,2,189,189,X,86.0,7,714.0,487.27,0.04,7,ACTIVATED
4166,AW4780,CDG - VIE,2025-06-05 21:15:00,2025-06-05 23:25:00,2024-11-25,-192,OPEN,2,189,189,T,66.0,2,110.0,38.35,0.01,2,ACTIVATED
919,AW7665,OSL - CDG,2025-06-06 06:00:00,2025-06-06 09:30:00,2024-11-25,-194,OPEN,2,189,189,R,69.0,0,0.0,0.0,0.0,0,ACTIVATED
920,AW7669,OSL - CDG,2025-06-06 06:30:00,2025-06-06 10:00:00,2024-11-25,-194,OPEN,2,189,189,R,69.0,0,0.0,0.0,0.0,0,ACTIVATED
5568,AW3423,TLL - CDG,2025-06-06 06:35:00,2025-06-06 09:25:00,2024-11-25,-193,OPEN,2,186,186,X,109.0,9,701.0,494.0,0.05,9,SCHEDULED
917,AW4781,VIE - CDG,2025-06-06 06:55:00,2025-06-06 09:00:00,2024-11-25,-193,OPEN,2,189,189,T,60.0,0,0.0,0.0,0.0,0,ACTIVATED
913,AW7640,CDG - OSL,2025-06-06 07:20:00,2025-06-06 09:00:00,2024-11-25,-193,CANCELLED,2,186,186,,,0,0.0,0.0,0.0,0,UNAVAILABLE
5164,AW3550,CDG - HEL,2025-06-06 07:30:00,2025-06-06 11:50:00,2024-11-25,-193,OPEN,2,189,169,H,211.0,6,1190.0,981.92,0.04,6,ACTIVATED
910,AW3280,CDG - TLL,2025-06-06 09:05:00,2025-06-06 13:50:00,2024-11-25,-193,OPEN,2,186,186,H,192.0,0,0.0,0.0,0.0,0,SCHEDULED
918,AW7641,OSL - CDG,2025-06-06 09:40:00,2025-06-06 13:10:00,2024-11-25,-194,CANCELLED,2,186,186,,,0,0.0,0.0,0.0,0,UNAVAILABLE
4171,AW4632,CDG - VIE,2025-06-06 10:05:00,2025-06-06 12:15:00,2024-11-25,-193,OPEN,2,189,189,T,66.0,2,118.0,53.22,0.01,2,ACTIVATED
914,AW7644,CDG - OSL,2025-06-06 11:10:00,2025-06-06 12:50:00,2024-11-25,-193,OPEN,2,189,189,V,125.0,0,0.0,0.0,0.0,0,ACTIVATED
4749,AW3551,HEL - CDG,2025-06-06 12:35:00,2025-06-06 15:20:00,2024-11-25,-193,OPEN,2,189,169,X,116.0,4,1052.0,964.2,0.02,4,ACTIVATED
6545,AW4633,VIE - CDG,2025-06-06 13:05:00,2025-06-06 15:10:00,2024-11-25,-193,OPEN,2,189,189,R,70.0,30,2624.08,2060.08,0.16,30,ACTIVATED
911,AW3284,CDG - TLL,2025-06-06 13:25:00,2025-06-06 18:10:00,2024-11-25,-193,OPEN,2,189,189,H,192.0,0,0.0,0.0,0.0,0,SCHEDULED
4521,AW7645,OSL - CDG,2025-06-06 13:35:00,2025-06-06 17:05:00,2024-11-25,-194,OPEN,2,189,189,X,82.0,3,372.0,304.17,0.02,3,ACTIVATED
4994,AW3281,TLL - CDG,2025-06-06 14:50:00,2025-06-06 17:40:00,2024-11-25,-193,OPEN,2,186,186,T,80.0,5,640.0,525.0,0.03,5,SCHEDULED
6782,AW4636,CDG - VIE,2025-06-06 14:55:00,2025-06-06 17:05:00,2024-11-25,-193,OPEN,2,189,189,L,97.0,41,3589.14,2261.15,0.22,41,ACTIVATED
4169,AW3558,CDG - HEL,2025-06-06 14:55:00,2025-06-06 19:15:00,2024-11-25,-193,OPEN,2,189,189,V,172.0,2,422.0,343.48,0.01,2,ACTIVATED
4170,AW7648,CDG - OSL,2025-06-06 16:25:00,2025-06-06 18:05:00,2024-11-25,-193,OPEN,2,189,189,K,110.0,2,268.0,203.22,0.01,2,ACTIVATED
7340,AW4637,VIE - CDG,2025-06-06 17:55:00,2025-06-06 20:00:00,2024-11-25,-193,OPEN,2,189,189,X,82.0,82,9741.6,8200.0,0.43,82,ACTIVATED
4995,AW7649,OSL - CDG,2025-06-06 18:45:00,2025-06-06 22:15:00,2024-11-25,-194,OPEN,2,189,189,X,82.0,5,648.0,534.95,0.03,5,ACTIVATED
912,AW3422,CDG - TLL,2025-06-06 19:00:00,2025-06-06 23:45:00,2024-11-25,-193,OPEN,2,186,186,H,192.0,0,0.0,0.0,0.0,0,SCHEDULED
4750,AW3285,TLL - CDG,2025-06-06 19:05:00,2025-06-06 21:55:00,2024-11-25,-193,OPEN,2,189,189,T,80.0,4,416.0,324.0,0.02,4,SCHEDULED
4520,AW3559,HEL - CDG,2025-06-06 20:00:00,2025-06-06 22:45:00,2024-11-25,-193,OPEN,2,189,189,V,160.0,3,775.0,709.15,0.02,3,ACTIVATED
915,AW7664,CDG - OSL,2025-06-06 20:45:00,2025-06-06 22:25:00,2024-11-25,-193,OPEN,2,189,189,K,110.0,0,0.0,0.0,0.0,0,ACTIVATED
5909,AW4780,CDG - VIE,2025-06-06 21:10:00,2025-06-06 23:20:00,2024-11-25,-193,OPEN,2,189,189,R,75.0,13,811.0,362.45,0.07,13,ACTIVATED
916,AW7668,CDG - OSL,2025-06-06 21:15:00,2025-06-06 22:55:00,2024-11-25,-193,OPEN,2,189,189,K,110.0,0,0.0,0.0,0.0,0,ACTIVATED
933,AW7665,OSL - CDG,2025-06-07 05:55:00,2025-06-07 09:25:00,2024-11-25,-195,OPEN,2,189,189,T,57.0,0,0.0,0.0,0.0,0,ACTIVATED
929,AW4781,VIE - CDG,2025-06-07 06:00:00,2025-06-07 08:05:00,2024-11-25,-194,OPEN,2,189,189,T,60.0,0,0.0,0.0,0.0,0,ACTIVATED
5166,AW4670,CDG - BUD,2025-06-07 06:15:00,2025-06-07 09:20:00,2024-11-25,-194,OPEN,2,186,116,R,78.0,6,492.0,256.44,0.05,6,SCHEDULED
5910,AW7669,OSL - CDG,2025-06-07 06:25:00,2025-06-07 09:55:00,2024-11-25,-195,OPEN,2,189,189,T,57.0,13,1066.0,772.07,0.07,13,ACTIVATED
5569,AW3423,TLL - CDG,2025-06-07 06:45:00,2025-06-07 09:35:00,2024-11-25,-194,OPEN,2,186,186,X,109.0,9,720.0,513.0,0.05,9,SCHEDULED
921,AW3550,CDG - HEL,2025-06-07 08:35:00,2025-06-07 12:55:00,2024-11-25,-194,OPEN,2,189,189,Q,192.0,0,0.0,0.0,0.0,0,ACTIVATED
930,AW3280,CDG - TLL,2025-06-07 09:00:00,2025-06-07 13:45:00,2024-11-25,-194,CANCELLED,2,189,189,,,0,0.0,0.0,0.0,0,UNAVAILABLE
6887,AW4671,BUD - CDG,2025-06-07 10:05:00,2025-06-07 15:00:00,2024-11-25,-195,OPEN,2,186,116,V,132.0,47,5207.8,4746.26,0.41,47,DEACTIVATED
5313,AW4636,CDG - VIE,2025-06-07 10:10:00,2025-06-07 12:20:00,2024-11-25,-194,OPEN,2,189,189,X,86.0,7,425.0,198.27,0.04,7,ACTIVATED
922,AW3288,CDG - TLL,2025-06-07 10:15:00,2025-06-07 15:00:00,2024-11-25,-194,OPEN,2,186,186,H,192.0,0,0.0,0.0,0.0,0,SCHEDULED
6406,AW7644,CDG - OSL,2025-06-07 10:20:00,2025-06-07 12:00:00,2024-11-25,-194,OPEN,2,189,179,H,158.0,25,2758.0,1838.33,0.14,25,ACTIVATED
932,AW7645,OSL - CDG,2025-06-07 12:40:00,2025-06-07 16:10:00,2024-11-25,-195,OPEN,2,189,179,L,96.0,0,0.0,0.0,0.0,0,ACTIVATED
927,AW4637,VIE - CDG,2025-06-07 13:10:00,2025-06-07 15:15:00,2024-11-25,-194,OPEN,2,189,189,R,70.0,0,0.0,0.0,0.0,0,ACTIVATED
3847,AW4634,CDG - VIE,2025-06-07 13:35:00,2025-06-07 15:45:00,2024-11-25,-194,OPEN,2,189,189,R,75.0,1,86.0,46.74,0.01,1,ACTIVATED
5165,AW3551,HEL - CDG,2025-06-07 13:40:00,2025-06-07 16:25:00,2024-11-25,-194,OPEN,2,189,189,V,160.0,6,1146.0,1014.3,0.03,6,ACTIVATED
931,AW3281,TLL - CDG,2025-06-07 14:40:00,2025-06-07 17:30:00,2024-11-25,-194,CANCELLED,2,189,189,,,0,0.0,0.0,0.0,0,UNAVAILABLE
924,AW7658,CDG - OSL,2025-06-07 15:20:00,2025-06-07 17:00:00,2024-11-25,-194,OPEN,2,189,189,X,86.0,0,0.0,0.0,0.0,0,ACTIVATED
4172,AW3289,TLL - CDG,2025-06-07 16:00:00,2025-06-07 18:50:00,2024-11-25,-194,OPEN,2,186,186,L,125.0,2,250.0,204.0,0.01,2,SCHEDULED
926,AW4635,VIE - CDG,2025-06-07 16:40:00,2025-06-07 18:45:00,2024-11-25,-194,OPEN,2,189,189,T,60.0,0,0.0,0.0,0.0,0,ACTIVATED
923,AW7646,CDG - OSL,2025-06-07 16:45:00,2025-06-07 18:25:00,2024-11-25,-194,OPEN,2,186,186,X,86.0,0,0.0,0.0,0.0,0,ACTIVATED
7012,AW7659,OSL - CDG,2025-06-07 17:40:00,2025-06-07 21:10:00,2024-11-25,-195,OPEN,2,189,189,L,96.0,55,5559.0,4311.85,0.29,55,ACTIVATED
4173,AW3422,CDG - TLL,2025-06-07 19:00:00,2025-06-07 23:45:00,2024-11-25,-194,OPEN,2,186,186,K,135.0,2,183.54,66.0,0.01,2,SCHEDULED
4175,AW7647,OSL - CDG,2025-06-07 19:05:00,2025-06-07 22:35:00,2024-11-25,-195,OPEN,2,186,186,X,82.0,2,248.0,202.42,0.01,2,ACTIVATED
4174,AW7664,CDG - OSL,2025-06-07 20:45:00,2025-06-07 22:25:00,2024-11-25,-194,OPEN,2,189,189,X,86.0,2,256.0,177.48,0.01,2,ACTIVATED
928,AW4780,CDG - VIE,2025-06-07 21:15:00,2025-06-07 23:25:00,2024-11-25,-194,OPEN,2,189,189,T,66.0,0,0.0,0.0,0.0,0,ACTIVATED
925,AW7668,CDG - OSL,2025-06-07 21:15:00,2025-06-07 22:55:00,2024-11-25,-194,OPEN,2,189,189,R,75.0,0,0.0,0.0,0.0,0,ACTIVATED
944,AW4781,VIE - CDG,2025-06-08 06:00:00,2025-06-08 08:05:00,2024-11-25,-195,OPEN,2,189,189,T,60.0,0,0.0,0.0,0.0,0,ACTIVATED
948,AW7669,OSL - CDG,2025-06-08 06:00:00,2025-06-08 09:30:00,2024-11-25,-196,OPEN,2,189,189,R,69.0,0,0.0,0.0,0.0,0,ACTIVATED
947,AW7665,OSL - CDG,2025-06-08 06:30:00,2025-06-08 10:00:00,2024-11-25,-196,OPEN,2,189,189,R,69.0,0,0.0,0.0,0.0,0,ACTIVATED
937,AW3423,TLL - CDG,2025-06-08 07:00:00,2025-06-08 09:50:00,2024-11-25,-195,OPEN,2,186,186,K,144.0,0,0.0,0.0,0.0,0,SCHEDULED
938,AW7640,CDG - OSL,2025-06-08 07:20:00,2025-06-08 09:00:00,2024-11-25,-195,CANCELLED,2,189,189,,,0,0.0,0.0,0.0,0,UNAVAILABLE
934,AW3280,CDG - TLL,2025-06-08 08:05:00,2025-06-08 12:50:00,2024-11-25,-195,OPEN,2,189,189,X,111.0,0,0.0,0.0,0.0,0,SCHEDULED
945,AW7641,OSL - CDG,2025-06-08 09:40:00,2025-06-08 13:10:00,2024-11-25,-196,CANCELLED,2,189,189,,,0,0.0,0.0,0.0,0,UNAVAILABLE
5765,AW7658,CDG - OSL,2025-06-08 10:20:00,2025-06-08 12:00:00,2024-11-25,-195,OPEN,2,189,189,X,86.0,11,863.17,472.53,0.06,11,ACTIVATED
4177,AW3288,CDG - TLL,2025-06-08 10:55:00,2025-06-08 15:40:00,2024-11-25,-195,OPEN,2,186,186,L,122.0,2,230.0,112.46,0.01,2,SCHEDULED
942,AW4638,CDG - VIE,2025-06-08 10:55:00,2025-06-08 13:05:00,2024-11-25,-195,OPEN,2,189,189,X,86.0,0,0.0,0.0,0.0,0,ACTIVATED
946,AW7659,OSL - CDG,2025-06-08 12:40:00,2025-06-08 16:10:00,2024-11-25,-196,OPEN,2,189,189,H,165.0,0,0.0,0.0,0.0,0,ACTIVATED
935,AW3281,TLL - CDG,2025-06-08 13:45:00,2025-06-08 16:35:00,2024-11-25,-195,OPEN,2,189,189,K,144.0,0,0.0,0.0,0.0,0,SCHEDULED
943,AW4639,VIE - CDG,2025-06-08 13:55:00,2025-06-08 16:00:00,2024-11-25,-195,OPEN,2,189,189,T,60.0,0,0.0,0.0,0.0,0,ACTIVATED
941,AW4636,CDG - VIE,2025-06-08 14:35:00,2025-06-08 16:45:00,2024-11-25,-195,OPEN,2,189,189,X,86.0,0,0.0,0.0,0.0,0,ACTIVATED
6678,AW3556,CDG - HEL,2025-06-08 14:45:00,2025-06-08 19:05:00,2024-11-25,-195,OPEN,2,189,189,H,211.0,35,4117.84,2984.19,0.19,35,ACTIVATED
6657,AW3558,CDG - HEL,2025-06-08 15:00:00,2025-06-08 19:20:00,2024-11-25,-195,OPEN,2,189,189,K,154.0,34,5688.0,4353.16,0.18,34,ACTIVATED
936,AW3289,TLL - CDG,2025-06-08 16:40:00,2025-06-08 19:30:00,2024-11-25,-195,OPEN,2,186,186,V,165.0,0,0.0,0.0,0.0,0,SCHEDULED
939,AW7646,CDG - OSL,2025-06-08 16:45:00,2025-06-08 18:25:00,2024-11-25,-195,OPEN,2,189,189,X,86.0,0,0.0,0.0,0.0,0,ACTIVATED
4179,AW4637,VIE - CDG,2025-06-08 17:30:00,2025-06-08 19:35:00,2024-11-25,-195,OPEN,2,189,189,K,108.0,2,164.0,126.4,0.01,2,ACTIVATED
5446,AW3422,CDG - TLL,2025-06-08 19:00:00,2025-06-08 23:45:00,2024-11-25,-195,OPEN,2,186,186,T,92.0,8,736.0,205.92,0.04,8,SCHEDULED
4181,AW7647,OSL - CDG,2025-06-08 19:05:00,2025-06-08 22:35:00,2024-11-25,-196,OPEN,2,189,189,H,165.0,2,330.0,284.78,0.01,2,ACTIVATED
5445,AW3557,HEL - CDG,2025-06-08 19:50:00,2025-06-08 22:35:00,2024-11-25,-195,OPEN,2,189,189,V,160.0,8,1768.0,1592.4,0.04,8,ACTIVATED
4176,AW3559,HEL - CDG,2025-06-08 20:05:00,2025-06-08 22:50:00,2024-11-25,-195,OPEN,2,189,189,V,160.0,2,356.0,312.1,0.01,2,ACTIVATED
4178,AW7664,CDG - OSL,2025-06-08 20:45:00,2025-06-08 22:25:00,2024-11-25,-195,OPEN,2,189,189,R,75.0,2,158.0,93.22,0.01,2,ACTIVATED
940,AW7668,CDG - OSL,2025-06-08 21:15:00,2025-06-08 22:55:00,2024-11-25,-195,OPEN,2,189,189,R,75.0,0,0.0,0.0,0.0,0,ACTIVATED
4180,AW4780,CDG - VIE,2025-06-08 21:25:00,2025-06-08 23:35:00,2024-11-25,-195,OPEN,2,189,189,T,66.0,2,158.0,93.22,0.01,2,ACTIVATED
959,AW7669,OSL - CDG,2025-06-09 05:55:00,2025-06-09 09:25:00,2024-11-25,-197,OPEN,2,189,189,L,96.0,0,0.0,0.0,0.0,0,ACTIVATED
956,AW4781,VIE - CDG,2025-06-09 06:00:00,2025-06-09 08:05:00,2024-11-25,-196,OPEN,2,189,189,K,108.0,0,0.0,0.0,0.0,0,ACTIVATED
958,AW7665,OSL - CDG,2025-06-09 06:30:00,2025-06-09 10:00:00,2024-11-25,-197,OPEN,2,189,189,L,96.0,0,0.0,0.0,0.0,0,ACTIVATED
950,AW3423,TLL - CDG,2025-06-09 06:45:00,2025-06-09 09:35:00,2024-11-25,-196,OPEN,2,186,186,V,165.0,0,0.0,0.0,0.0,0,SCHEDULED
951,AW7640,CDG - OSL,2025-06-09 07:15:00,2025-06-09 08:55:00,2024-11-25,-196,OPEN,2,189,189,X,86.0,0,0.0,0.0,0.0,0,ACTIVATED
4752,AW3284,CDG - TLL,2025-06-09 07:45:00,2025-06-09 12:30:00,2024-11-25,-196,OPEN,2,189,189,X,111.0,4,430.0,194.92,0.02,4,SCHEDULED
6736,AW3550,CDG - HEL,2025-06-09 08:20:00,2025-06-09 12:40:00,2024-11-25,-196,OPEN,2,189,189,V,172.0,38,6807.7,5535.66,0.2,38,ACTIVATED
5167,AW7641,OSL - CDG,2025-06-09 09:35:00,2025-06-09 13:05:00,2024-11-25,-197,OPEN,2,189,189,K,111.0,6,882.0,746.34,0.03,6,ACTIVATED
3849,AW4632,CDG - VIE,2025-06-09 10:05:00,2025-06-09 12:15:00,2024-11-25,-196,OPEN,2,189,189,R,75.0,1,44.0,11.61,0.01,1,ACTIVATED
5314,AW3280,CDG - TLL,2025-06-09 10:10:00,2025-06-09 14:55:00,2024-11-25,-196,OPEN,2,186,186,L,122.0,7,818.0,369.16,0.04,7,SCHEDULED
952,AW7644,CDG - OSL,2025-06-09 11:10:00,2025-06-09 12:50:00,2024-11-25,-196,OPEN,2,189,189,X,86.0,0,0.0,0.0,0.0,0,ACTIVATED
4753,AW4633,VIE - CDG,2025-06-09 13:05:00,2025-06-09 15:10:00,2024-11-25,-196,OPEN,2,189,189,K,108.0,4,280.0,204.8,0.02,4,ACTIVATED
5447,AW3551,HEL - CDG,2025-06-09 13:25:00,2025-06-09 16:10:00,2024-11-25,-196,OPEN,2,189,189,B,285.0,8,2682.0,2506.4,0.04,8,ACTIVATED
949,AW3285,TLL - CDG,2025-06-09 13:25:00,2025-06-09 16:15:00,2024-11-25,-196,OPEN,2,189,189,Q,188.0,0,0.0,0.0,0.0,0,SCHEDULED
957,AW7645,OSL - CDG,2025-06-09 13:35:00,2025-06-09 17:05:00,2024-11-25,-197,OPEN,2,189,175,H,165.0,0,0.0,0.0,0.0,0,ACTIVATED
955,AW4634,CDG - VIE,2025-06-09 14:30:00,2025-06-09 16:40:00,2024-11-25,-196,OPEN,2,189,189,R,75.0,0,0.0,0.0,0.0,0,ACTIVATED
4182,AW3558,CDG - HEL,2025-06-09 14:55:00,2025-06-09 19:15:00,2024-11-25,-196,OPEN,2,189,189,K,154.0,2,384.0,305.48,0.01,2,ACTIVATED
3848,AW3281,TLL - CDG,2025-06-09 15:55:00,2025-06-09 18:45:00,2024-11-25,-196,OPEN,2,186,186,H,212.0,1,354.0,331.0,0.01,1,SCHEDULED
4183,AW7648,CDG - OSL,2025-06-09 16:50:00,2025-06-09 18:30:00,2024-11-25,-196,OPEN,2,189,189,R,75.0,2,234.0,155.48,0.01,2,ACTIVATED
5448,AW4635,VIE - CDG,2025-06-09 17:30:00,2025-06-09 19:35:00,2024-11-25,-196,OPEN,2,189,189,V,124.0,8,613.0,462.6,0.04,8,ACTIVATED
5966,AW3422,CDG - TLL,2025-06-09 19:00:00,2025-06-09 23:45:00,2024-11-25,-196,OPEN,2,186,186,L,122.0,14,1246.0,423.22,0.08,14,SCHEDULED
4996,AW7649,OSL - CDG,2025-06-09 19:10:00,2025-06-09 22:40:00,2024-11-25,-197,OPEN,2,189,189,H,165.0,5,825.0,711.95,0.03,5,ACTIVATED
4751,AW3559,HEL - CDG,2025-06-09 20:00:00,2025-06-09 22:45:00,2024-11-25,-196,OPEN,2,189,189,F,261.0,4,1044.0,956.2,0.02,4,ACTIVATED
953,AW7664,CDG - OSL,2025-06-09 20:45:00,2025-06-09 22:25:00,2024-11-25,-196,OPEN,2,189,189,R,75.0,0,0.0,0.0,0.0,0,ACTIVATED
954,AW7668,CDG - OSL,2025-06-09 21:15:00,2025-06-09 22:55:00,2024-11-25,-196,OPEN,2,189,189,R,75.0,0,0.0,0.0,0.0,0,ACTIVATED
4184,AW4780,CDG - VIE,2025-06-09 21:20:00,2025-06-09 23:30:00,2024-11-25,-196,OPEN,2,189,189,T,66.0,2,162.0,97.22,0.01,2,ACTIVATED
970,AW7669,OSL - CDG,2025-06-10 06:00:00,2025-06-10 09:30:00,2024-11-25,-198,OPEN,2,189,189,T,57.0,0,0.0,0.0,0.0,0,ACTIVATED
5682,AW4781,VIE - CDG,2025-06-10 06:00:00,2025-06-10 08:05:00,2024-11-25,-197,OPEN,2,189,189,T,60.0,10,600.0,412.0,0.05,10,ACTIVATED
967,AW4670,CDG - BUD,2025-06-10 06:15:00,2025-06-10 09:20:00,2024-11-25,-197,CANCELLED,2,189,99,,,0,0.0,0.0,0.0,0,UNAVAILABLE
969,AW7665,OSL - CDG,2025-06-10 06:30:00,2025-06-10 10:00:00,2024-11-25,-198,OPEN,2,189,189,T,57.0,0,0.0,0.0,0.0,0,ACTIVATED
964,AW3423,TLL - CDG,2025-06-10 06:45:00,2025-06-10 09:35:00,2024-11-25,-197,OPEN,2,186,186,Q,188.0,0,0.0,0.0,0.0,0,SCHEDULED
965,AW7640,CDG - OSL,2025-06-10 07:15:00,2025-06-10 08:55:00,2024-11-25,-197,CANCELLED,2,189,136,,,0,0.0,0.0,0.0,0,UNAVAILABLE
968,AW7641,OSL - CDG,2025-06-10 09:35:00,2025-06-10 13:05:00,2024-11-25,-198,CANCELLED,2,189,136,,,0,0.0,0.0,0.0,0,UNAVAILABLE
962,AW3288,CDG - TLL,2025-06-10 09:50:00,2025-06-10 14:35:00,2024-11-25,-197,OPEN,2,186,186,T,92.0,0,0.0,0.0,0.0,0,SCHEDULED
7024,AW4632,CDG - VIE,2025-06-10 10:05:00,2025-06-10 12:15:00,2024-11-25,-197,OPEN,2,189,189,R,75.0,56,4920.15,2721.59,0.3,56,ACTIVATED
977,AW4671,BUD - CDG,2025-06-10 10:05:00,2025-06-10 15:00:00,2024-11-25,-198,CANCELLED,2,189,99,,,0,0.0,0.0,0.0,0,UNAVAILABLE
960,AW3558,CDG - HEL,2025-06-10 11:30:00,2025-06-10 15:50:00,2024-11-25,-197,CANCELLED,2,189,189,,,0,0.0,0.0,0.0,0,UNAVAILABLE
4186,AW7644,CDG - OSL,2025-06-10 11:50:00,2025-06-10 13:30:00,2024-11-25,-197,OPEN,2,189,189,X,86.0,2,194.0,115.48,0.01,2,ACTIVATED
4188,AW4633,VIE - CDG,2025-06-10 13:05:00,2025-06-10 15:10:00,2024-11-25,-197,OPEN,2,189,189,T,60.0,2,248.0,210.4,0.01,2,ACTIVATED
6854,AW7645,OSL - CDG,2025-06-10 14:15:00,2025-06-10 17:45:00,2024-11-25,-198,OPEN,2,189,189,L,96.0,45,2429.08,1411.63,0.24,45,ACTIVATED
4185,AW3286,CDG - TLL,2025-06-10 14:20:00,2025-06-10 19:05:00,2024-11-25,-197,OPEN,2,186,186,R,100.0,2,186.0,68.46,0.01,2,SCHEDULED
6966,AW4636,CDG - VIE,2025-06-10 15:00:00,2025-06-10 17:10:00,2024-11-25,-197,OPEN,2,189,189,R,75.0,52,3819.0,2134.72,0.28,52,ACTIVATED
963,AW3289,TLL - CDG,2025-06-10 15:35:00,2025-06-10 18:25:00,2024-11-25,-197,OPEN,2,186,186,V,165.0,0,0.0,0.0,0.0,0,SCHEDULED
961,AW3559,HEL - CDG,2025-06-10 16:35:00,2025-06-10 19:20:00,2024-11-25,-197,CANCELLED,2,189,189,,,0,0.0,0.0,0.0,0,UNAVAILABLE
4187,AW7648,CDG - OSL,2025-06-10 16:45:00,2025-06-10 18:25:00,2024-11-25,-197,OPEN,2,189,189,R,75.0,2,150.0,71.48,0.01,2,ACTIVATED
6658,AW4637,VIE - CDG,2025-06-10 18:00:00,2025-06-10 20:05:00,2024-11-25,-197,OPEN,2,189,189,R,70.0,34,2344.92,1705.72,0.18,34,ACTIVATED
5838,AW3422,CDG - TLL,2025-06-10 19:00:00,2025-06-10 23:45:00,2024-11-25,-197,OPEN,2,186,186,K,135.0,12,1078.0,372.76,0.06,12,SCHEDULED
6020,AW7649,OSL - CDG,2025-06-10 19:05:00,2025-06-10 22:35:00,2024-11-25,-198,OPEN,2,189,189,L,96.0,15,1203.61,864.46,0.08,15,ACTIVATED
4754,AW3287,TLL - CDG,2025-06-10 20:00:00,2025-06-10 22:50:00,2024-11-25,-197,OPEN,2,186,186,X,109.0,4,650.0,558.0,0.02,4,SCHEDULED
5766,AW7664,CDG - OSL,2025-06-10 20:45:00,2025-06-10 22:25:00,2024-11-25,-197,OPEN,2,189,189,X,86.0,11,946.0,514.14,0.06,11,ACTIVATED
4997,AW7668,CDG - OSL,2025-06-10 21:15:00,2025-06-10 22:55:00,2024-11-25,-197,OPEN,2,189,189,T,65.0,5,395.0,233.05,0.03,5,ACTIVATED
966,AW4780,CDG - VIE,2025-06-10 21:20:00,2025-06-10 23:30:00,2024-11-25,-197,OPEN,2,189,189,G,58.0,0,0.0,0.0,0.0,0,ACTIVATED
981,AW7665,OSL - CDG,2025-06-11 06:00:00,2025-06-11 09:30:00,2024-11-25,-199,OPEN,2,189,189,T,57.0,0,0.0,0.0,0.0,0,ACTIVATED
976,AW4781,VIE - CDG,2025-06-11 06:15:00,2025-06-11 08:20:00,2024-11-25,-198,OPEN,2,189,189,T,60.0,0,0.0,0.0,0.0,0,ACTIVATED
982,AW7669,OSL - CDG,2025-06-11 06:30:00,2025-06-11 10:00:00,2024-11-25,-199,OPEN,2,189,189,T,57.0,0,0.0,0.0,0.0,0,ACTIVATED
4190,AW3423,TLL - CDG,2025-06-11 06:45:00,2025-06-11 09:35:00,2024-11-25,-198,OPEN,2,186,186,T,80.0,2,160.0,114.0,0.01,2,SCHEDULED
6888,AW7640,CDG - OSL,2025-06-11 07:15:00,2025-06-11 08:55:00,2024-11-25,-198,OPEN,2,186,186,K,110.0,47,4604.01,2758.79,0.25,47,ACTIVATED
6327,AW3550,CDG - HEL,2025-06-11 08:30:00,2025-06-11 12:50:00,2024-11-25,-198,OPEN,2,189,189,V,172.0,22,4734.0,3918.37,0.12,22,ACTIVATED
980,AW7641,OSL - CDG,2025-06-11 09:35:00,2025-06-11 13:05:00,2024-11-25,-199,OPEN,2,186,186,R,69.0,0,0.0,0.0,0.0,0,ACTIVATED
978,AW3284,CDG - TLL,2025-06-11 10:05:00,2025-06-11 14:50:00,2024-11-25,-198,CANCELLED,2,189,189,,,0,0.0,0.0,0.0,0,UNAVAILABLE
972,AW4632,CDG - VIE,2025-06-11 10:15:00,2025-06-11 12:25:00,2024-11-25,-198,OPEN,2,189,189,G,58.0,0,0.0,0.0,0.0,0,ACTIVATED
5570,AW3288,CDG - TLL,2025-06-11 10:55:00,2025-06-11 15:40:00,2024-11-25,-198,OPEN,2,186,186,R,100.0,9,858.0,306.6,0.05,9,SCHEDULED
4191,AW7644,CDG - OSL,2025-06-11 11:50:00,2025-06-11 13:30:00,2024-11-25,-198,OPEN,2,189,189,X,86.0,2,340.0,261.48,0.01,2,ACTIVATED
973,AW4633,VIE - CDG,2025-06-11 13:15:00,2025-06-11 15:20:00,2024-11-25,-198,OPEN,2,189,189,T,60.0,0,0.0,0.0,0.0,0,ACTIVATED
4189,AW3551,HEL - CDG,2025-06-11 13:35:00,2025-06-11 16:20:00,2024-11-25,-198,OPEN,2,189,164,L,129.0,2,356.0,312.1,0.01,2,ACTIVATED
4193,AW7645,OSL - CDG,2025-06-11 14:10:00,2025-06-11 17:40:00,2024-11-25,-199,OPEN,2,189,189,R,69.0,2,138.0,92.78,0.01,2,ACTIVATED
4998,AW3558,CDG - HEL,2025-06-11 14:20:00,2025-06-11 18:40:00,2024-11-25,-198,OPEN,2,189,189,K,154.0,5,819.39,643.7,0.03,5,ACTIVATED
971,AW3286,CDG - TLL,2025-06-11 14:20:00,2025-06-11 19:05:00,2024-11-25,-198,OPEN,2,186,186,T,92.0,0,0.0,0.0,0.0,0,SCHEDULED
974,AW4636,CDG - VIE,2025-06-11 14:40:00,2025-06-11 16:50:00,2024-11-25,-198,OPEN,2,189,189,T,66.0,0,0.0,0.0,0.0,0,ACTIVATED
979,AW3285,TLL - CDG,2025-06-11 15:45:00,2025-06-11 18:35:00,2024-11-25,-198,CANCELLED,2,189,189,,,0,0.0,0.0,0.0,0,UNAVAILABLE
3850,AW3289,TLL - CDG,2025-06-11 16:40:00,2025-06-11 19:30:00,2024-11-25,-198,OPEN,2,186,186,R,93.0,1,93.0,70.0,0.01,1,SCHEDULED
4192,AW7646,CDG - OSL,2025-06-11 16:45:00,2025-06-11 18:25:00,2024-11-25,-198,OPEN,2,189,189,R,75.0,2,264.0,199.22,0.01,2,ACTIVATED
975,AW4637,VIE - CDG,2025-06-11 17:40:00,2025-06-11 19:45:00,2024-11-25,-198,OPEN,2,189,189,T,60.0,0,0.0,0.0,0.0,0,ACTIVATED
5449,AW3422,CDG - TLL,2025-06-11 19:00:00,2025-06-11 23:45:00,2024-11-25,-198,OPEN,2,186,186,T,92.0,8,708.0,207.88,0.04,8,SCHEDULED
3851,AW7647,OSL - CDG,2025-06-11 19:10:00,2025-06-11 22:40:00,2024-11-25,-199,OPEN,2,189,189,R,69.0,1,111.0,88.21,0.01,1,ACTIVATED
5168,AW3559,HEL - CDG,2025-06-11 19:25:00,2025-06-11 22:10:00,2024-11-25,-198,OPEN,2,189,189,L,129.0,6,1356.0,1224.3,0.03,6,ACTIVATED
4999,AW3287,TLL - CDG,2025-06-11 20:00:00,2025-06-11 22:50:00,2024-11-25,-198,OPEN,2,186,186,X,109.0,5,465.0,350.0,0.03,5,SCHEDULED
5450,AW7664,CDG - OSL,2025-06-11 20:45:00,2025-06-11 22:25:00,2024-11-25,-198,OPEN,2,189,189,T,65.0,8,544.0,284.88,0.04,8,ACTIVATED
5000,AW7668,CDG - OSL,2025-06-11 21:15:00,2025-06-11 22:55:00,2024-11-25,-198,OPEN,2,189,189,T,65.0,5,340.0,178.05,0.03,5,ACTIVATED
4755,AW4780,CDG - VIE,2025-06-11 21:20:00,2025-06-11 23:30:00,2024-11-25,-198,OPEN,2,189,189,T,66.0,4,264.0,106.96,0.02,4,ACTIVATED
4756,AW4781,VIE - CDG,2025-06-12 06:00:00,2025-06-12 08:05:00,2024-11-25,-199,OPEN,2,189,189,G,52.0,4,208.0,132.8,0.02,4,ACTIVATED
1004,AW7665,OSL - CDG,2025-06-12 06:00:00,2025-06-12 09:30:00,2024-11-25,-200,OPEN,2,189,189,T,57.0,0,0.0,0.0,0.0,0,ACTIVATED
1005,AW7669,OSL - CDG,2025-06-12 06:30:00,2025-06-12 10:00:00,2024-11-25,-200,OPEN,2,189,189,T,57.0,0,0.0,0.0,0.0,0,ACTIVATED
984,AW3423,TLL - CDG,2025-06-12 06:45:00,2025-06-12 09:35:00,2024-11-25,-199,OPEN,2,186,186,G,69.0,0,0.0,0.0,0.0,0,SCHEDULED
985,AW7640,CDG - OSL,2025-06-12 07:15:00,2025-06-12 08:55:00,2024-11-25,-199,CANCELLED,2,186,186,,,0,0.0,0.0,0.0,0,UNAVAILABLE
4194,AW3550,CDG - HEL,2025-06-12 08:10:00,2025-06-12 12:30:00,2024-11-25,-199,OPEN,2,189,189,K,154.0,2,370.0,305.22,0.01,2,ACTIVATED
1002,AW7641,OSL - CDG,2025-06-12 09:35:00,2025-06-12 13:05:00,2024-11-25,-200,CANCELLED,2,186,186,,,0,0.0,0.0,0.0,0,UNAVAILABLE
4198,AW4632,CDG - VIE,2025-06-12 09:45:00,2025-06-12 11:55:00,2024-11-25,-199,OPEN,2,189,189,T,66.0,2,118.0,53.22,0.01,2,ACTIVATED
4197,AW4670,CDG - BUD,2025-06-12 10:05:00,2025-06-12 13:10:00,2024-11-25,-199,OPEN,2,189,99,T,68.0,2,136.0,57.48,0.02,2,SCHEDULED
5571,AW3288,CDG - TLL,2025-06-12 11:25:00,2025-06-12 16:10:00,2024-11-25,-199,OPEN,2,186,186,T,92.0,9,786.0,234.6,0.05,9,SCHEDULED
986,AW7644,CDG - OSL,2025-06-12 11:50:00,2025-06-12 13:30:00,2024-11-25,-199,OPEN,2,189,189,L,97.0,0,0.0,0.0,0.0,0,ACTIVATED
989,AW4633,VIE - CDG,2025-06-12 12:45:00,2025-06-12 14:50:00,2024-11-25,-199,OPEN,2,189,189,T,60.0,0,0.0,0.0,0.0,0,ACTIVATED
4195,AW3551,HEL - CDG,2025-06-12 13:15:00,2025-06-12 16:00:00,2024-11-25,-199,OPEN,2,189,189,L,129.0,2,356.0,312.1,0.01,2,ACTIVATED
4758,AW4671,BUD - CDG,2025-06-12 13:55:00,2025-06-12 18:50:00,2024-11-25,-200,OPEN,2,189,99,R,72.0,4,340.0,300.72,0.04,4,DEACTIVATED
4757,AW7645,OSL - CDG,2025-06-12 14:15:00,2025-06-12 17:45:00,2024-11-25,-200,OPEN,2,189,189,T,57.0,4,328.0,237.56,0.02,4,ACTIVATED
990,AW4636,CDG - VIE,2025-06-12 14:30:00,2025-06-12 16:40:00,2024-11-25,-199,OPEN,2,189,189,G,58.0,0,0.0,0.0,0.0,0,ACTIVATED
983,AW3556,CDG - HEL,2025-06-12 15:00:00,2025-06-12 19:20:00,2024-11-25,-199,OPEN,2,189,189,K,154.0,0,0.0,0.0,0.0,0,ACTIVATED
987,AW7646,CDG - OSL,2025-06-12 15:20:00,2025-06-12 17:00:00,2024-11-25,-199,OPEN,2,189,189,L,97.0,0,0.0,0.0,0.0,0,ACTIVATED
4196,AW3289,TLL - CDG,2025-06-12 17:10:00,2025-06-12 20:00:00,2024-11-25,-199,OPEN,2,186,186,R,93.0,2,112.0,66.0,0.01,2,SCHEDULED
991,AW4637,VIE - CDG,2025-06-12 17:30:00,2025-06-12 19:35:00,2024-11-25,-199,OPEN,2,189,189,T,60.0,0,0.0,0.0,0.0,0,ACTIVATED
1003,AW7647,OSL - CDG,2025-06-12 17:40:00,2025-06-12 21:10:00,2024-11-25,-200,OPEN,2,189,189,T,57.0,0,0.0,0.0,0.0,0,ACTIVATED
3852,AW3422,CDG - TLL,2025-06-12 19:00:00,2025-06-12 23:45:00,2024-11-25,-199,OPEN,2,186,186,T,92.0,1,83.0,16.74,0.01,1,SCHEDULED
5169,AW3557,HEL - CDG,2025-06-12 20:05:00,2025-06-12 22:50:00,2024-11-25,-199,OPEN,2,189,189,L,129.0,6,1068.0,936.3,0.03,6,ACTIVATED
988,AW7664,CDG - OSL,2025-06-12 20:45:00,2025-06-12 22:25:00,2024-11-25,-199,OPEN,2,189,189,R,75.0,0,0.0,0.0,0.0,0,ACTIVATED
3853,AW7668,CDG - OSL,2025-06-12 21:15:00,2025-06-12 22:55:00,2024-11-25,-199,OPEN,2,189,189,R,75.0,1,86.0,46.74,0.01,1,ACTIVATED
5572,AW4780,CDG - VIE,2025-06-12 21:15:00,2025-06-12 23:25:00,2024-11-25,-199,OPEN,2,189,189,G,58.0,9,627.0,287.4,0.05,9,ACTIVATED
1017,AW7665,OSL - CDG,2025-06-13 06:00:00,2025-06-13 09:30:00,2024-11-25,-201,OPEN,2,189,189,T,57.0,0,0.0,0.0,0.0,0,ACTIVATED
1018,AW7669,OSL - CDG,2025-06-13 06:30:00,2025-06-13 10:00:00,2024-11-25,-201,OPEN,2,189,189,T,57.0,0,0.0,0.0,0.0,0,ACTIVATED
1008,AW3423,TLL - CDG,2025-06-13 06:35:00,2025-06-13 09:25:00,2024-11-25,-200,OPEN,2,186,186,G,69.0,0,0.0,0.0,0.0,0,SCHEDULED
5315,AW4781,VIE - CDG,2025-06-13 06:55:00,2025-06-13 09:00:00,2024-11-25,-200,OPEN,2,189,189,T,60.0,7,420.0,288.4,0.04,7,ACTIVATED
6546,AW7640,CDG - OSL,2025-06-13 07:20:00,2025-06-13 09:00:00,2024-11-25,-200,OPEN,2,186,186,X,86.0,30,3452.1,2274.3,0.16,30,ACTIVATED
6353,AW3550,CDG - HEL,2025-06-13 07:30:00,2025-06-13 11:50:00,2024-11-25,-200,OPEN,2,189,169,K,154.0,23,4674.0,3915.29,0.14,23,ACTIVATED
1006,AW3280,CDG - TLL,2025-06-13 09:05:00,2025-06-13 13:50:00,2024-11-25,-200,OPEN,2,186,186,R,100.0,0,0.0,0.0,0.0,0,SCHEDULED
1015,AW7641,OSL - CDG,2025-06-13 09:40:00,2025-06-13 13:10:00,2024-11-25,-201,OPEN,2,186,186,T,57.0,0,0.0,0.0,0.0,0,ACTIVATED
4200,AW4632,CDG - VIE,2025-06-13 10:05:00,2025-06-13 12:15:00,2024-11-25,-200,OPEN,2,189,189,R,75.0,2,186.0,121.22,0.01,2,ACTIVATED
1009,AW7644,CDG - OSL,2025-06-13 11:10:00,2025-06-13 12:50:00,2024-11-25,-200,OPEN,2,189,189,H,158.0,0,0.0,0.0,0.0,0,ACTIVATED
5001,AW3551,HEL - CDG,2025-06-13 12:35:00,2025-06-13 15:20:00,2024-11-25,-200,OPEN,2,189,169,K,144.0,5,985.0,875.25,0.03,5,ACTIVATED
1013,AW4633,VIE - CDG,2025-06-13 13:05:00,2025-06-13 15:10:00,2024-11-25,-200,OPEN,2,189,189,T,60.0,0,0.0,0.0,0.0,0,ACTIVATED
1007,AW3284,CDG - TLL,2025-06-13 13:25:00,2025-06-13 18:10:00,2024-11-25,-200,OPEN,2,189,189,R,100.0,0,0.0,0.0,0.0,0,SCHEDULED
1016,AW7645,OSL - CDG,2025-06-13 13:35:00,2025-06-13 17:05:00,2024-11-25,-201,OPEN,2,189,189,R,69.0,0,0.0,0.0,0.0,0,ACTIVATED
3854,AW3281,TLL - CDG,2025-06-13 14:50:00,2025-06-13 17:40:00,2024-11-25,-200,OPEN,2,186,186,R,93.0,1,93.0,70.0,0.01,1,SCHEDULED
3856,AW4636,CDG - VIE,2025-06-13 14:55:00,2025-06-13 17:05:00,2024-11-25,-200,OPEN,2,189,189,T,66.0,1,75.0,35.74,0.01,1,ACTIVATED
4199,AW3558,CDG - HEL,2025-06-13 14:55:00,2025-06-13 19:15:00,2024-11-25,-200,OPEN,2,189,189,K,154.0,2,540.0,475.22,0.01,2,ACTIVATED
1010,AW7648,CDG - OSL,2025-06-13 16:25:00,2025-06-13 18:05:00,2024-11-25,-200,OPEN,2,189,189,K,110.0,0,0.0,0.0,0.0,0,ACTIVATED
1014,AW4637,VIE - CDG,2025-06-13 17:55:00,2025-06-13 20:00:00,2024-11-25,-200,OPEN,2,189,189,T,60.0,0,0.0,0.0,0.0,0,ACTIVATED
4201,AW7649,OSL - CDG,2025-06-13 18:45:00,2025-06-13 22:15:00,2024-11-25,-201,OPEN,2,189,189,T,57.0,2,370.0,324.78,0.01,2,ACTIVATED
5170,AW3422,CDG - TLL,2025-06-13 19:00:00,2025-06-13 23:45:00,2024-11-25,-200,OPEN,2,186,186,R,100.0,6,518.0,165.38,0.03,6,SCHEDULED
3855,AW3285,TLL - CDG,2025-06-13 19:05:00,2025-06-13 21:55:00,2024-11-25,-200,OPEN,2,189,189,R,93.0,1,80.0,57.0,0.01,1,SCHEDULED
7068,AW3559,HEL - CDG,2025-06-13 20:00:00,2025-06-13 22:45:00,2024-11-25,-200,OPEN,2,189,189,K,144.0,60,9453.0,8136.0,0.32,60,ACTIVATED
1011,AW7664,CDG - OSL,2025-06-13 20:45:00,2025-06-13 22:25:00,2024-11-25,-200,OPEN,2,189,189,L,97.0,0,0.0,0.0,0.0,0,ACTIVATED
3857,AW4780,CDG - VIE,2025-06-13 21:10:00,2025-06-13 23:20:00,2024-11-25,-200,OPEN,2,189,189,T,66.0,1,97.0,57.74,0.01,1,ACTIVATED
1012,AW7668,CDG - OSL,2025-06-13 21:15:00,2025-06-13 22:55:00,2024-11-25,-200,OPEN,2,189,189,L,97.0,0,0.0,0.0,0.0,0,ACTIVATED
1031,AW7665,OSL - CDG,2025-06-14 05:55:00,2025-06-14 09:25:00,2024-11-25,-202,OPEN,2,189,189,T,57.0,0,0.0,0.0,0.0,0,ACTIVATED
4205,AW4781,VIE - CDG,2025-06-14 06:00:00,2025-06-14 08:05:00,2024-11-25,-201,OPEN,2,189,189,G,52.0,2,120.0,82.4,0.01,2,ACTIVATED
5316,AW4670,CDG - BUD,2025-06-14 06:15:00,2025-06-14 09:20:00,2024-11-25,-201,OPEN,2,186,116,R,78.0,7,753.95,527.22,0.06,7,SCHEDULED
1032,AW7669,OSL - CDG,2025-06-14 06:25:00,2025-06-14 09:55:00,2024-11-25,-202,OPEN,2,189,189,T,57.0,0,0.0,0.0,0.0,0,ACTIVATED
1020,AW3423,TLL - CDG,2025-06-14 06:45:00,2025-06-14 09:35:00,2024-11-25,-201,OPEN,2,186,186,R,93.0,0,0.0,0.0,0.0,0,SCHEDULED
4759,AW3550,CDG - HEL,2025-06-14 08:35:00,2025-06-14 12:55:00,2024-11-25,-201,OPEN,2,189,189,K,154.0,4,692.0,534.96,0.02,4,ACTIVATED
1026,AW3280,CDG - TLL,2025-06-14 09:00:00,2025-06-14 13:45:00,2024-11-25,-201,CANCELLED,2,189,189,,,0,0.0,0.0,0.0,0,UNAVAILABLE
5573,AW4671,BUD - CDG,2025-06-14 10:05:00,2025-06-14 15:00:00,2024-11-25,-202,OPEN,2,186,116,T,61.0,9,562.0,473.62,0.08,9,DEACTIVATED
4522,AW4636,CDG - VIE,2025-06-14 10:10:00,2025-06-14 12:20:00,2024-11-25,-201,OPEN,2,189,189,T,66.0,3,327.0,216.09,0.02,3,ACTIVATED
4202,AW3288,CDG - TLL,2025-06-14 10:15:00,2025-06-14 15:00:00,2024-11-25,-201,OPEN,2,186,186,X,111.0,2,222.0,89.48,0.01,2,SCHEDULED
1021,AW7644,CDG - OSL,2025-06-14 10:20:00,2025-06-14 12:00:00,2024-11-25,-201,OPEN,2,189,179,V,125.0,0,0.0,0.0,0.0,0,ACTIVATED
1028,AW7645,OSL - CDG,2025-06-14 12:40:00,2025-06-14 16:10:00,2024-11-25,-202,OPEN,2,189,179,X,82.0,0,0.0,0.0,0.0,0,ACTIVATED
4204,AW4637,VIE - CDG,2025-06-14 13:10:00,2025-06-14 15:15:00,2024-11-25,-201,OPEN,2,189,189,R,70.0,2,248.0,210.4,0.01,2,ACTIVATED
1025,AW4634,CDG - VIE,2025-06-14 13:35:00,2025-06-14 15:45:00,2024-11-25,-201,OPEN,2,189,189,T,66.0,0,0.0,0.0,0.0,0,ACTIVATED
1019,AW3551,HEL - CDG,2025-06-14 13:40:00,2025-06-14 16:25:00,2024-11-25,-201,OPEN,2,189,189,F,261.0,0,0.0,0.0,0.0,0,ACTIVATED
1027,AW3281,TLL - CDG,2025-06-14 14:40:00,2025-06-14 17:30:00,2024-11-25,-201,CANCELLED,2,189,189,,,0,0.0,0.0,0.0,0,UNAVAILABLE
4203,AW7658,CDG - OSL,2025-06-14 15:20:00,2025-06-14 17:00:00,2024-11-25,-201,OPEN,2,189,189,X,86.0,2,278.0,199.48,0.01,2,ACTIVATED
3858,AW3289,TLL - CDG,2025-06-14 16:00:00,2025-06-14 18:50:00,2024-11-25,-201,OPEN,2,186,186,X,109.0,1,178.0,155.0,0.01,1,SCHEDULED
7013,AW4635,VIE - CDG,2025-06-14 16:40:00,2025-06-14 18:45:00,2024-11-25,-201,OPEN,2,189,189,T,60.0,55,5195.85,4161.85,0.29,55,ACTIVATED
1022,AW7646,CDG - OSL,2025-06-14 16:45:00,2025-06-14 18:25:00,2024-11-25,-201,CANCELLED,2,186,186,,,0,0.0,0.0,0.0,0,UNAVAILABLE
1030,AW7659,OSL - CDG,2025-06-14 17:40:00,2025-06-14 21:10:00,2024-11-25,-202,OPEN,2,189,189,T,57.0,0,0.0,0.0,0.0,0,ACTIVATED
3859,AW3422,CDG - TLL,2025-06-14 19:00:00,2025-06-14 23:45:00,2024-11-25,-201,OPEN,2,186,186,X,111.0,1,100.0,33.74,0.01,1,SCHEDULED
1029,AW7647,OSL - CDG,2025-06-14 19:05:00,2025-06-14 22:35:00,2024-11-25,-202,CANCELLED,2,186,186,,,0,0.0,0.0,0.0,0,UNAVAILABLE
1023,AW7664,CDG - OSL,2025-06-14 20:45:00,2025-06-14 22:25:00,2024-11-25,-201,OPEN,2,189,189,R,75.0,0,0.0,0.0,0.0,0,ACTIVATED
1024,AW7668,CDG - OSL,2025-06-14 21:15:00,2025-06-14 22:55:00,2024-11-25,-201,OPEN,2,189,189,R,75.0,0,0.0,0.0,0.0,0,ACTIVATED
3860,AW4780,CDG - VIE,2025-06-14 21:15:00,2025-06-14 23:25:00,2024-11-25,-201,OPEN,2,189,189,T,66.0,1,79.0,46.61,0.01,1,ACTIVATED
6251,AW4781,VIE - CDG,2025-06-15 06:00:00,2025-06-15 08:05:00,2024-11-25,-202,OPEN,2,189,189,R,70.0,20,1318.0,942.0,0.11,20,ACTIVATED
1045,AW7669,OSL - CDG,2025-06-15 06:00:00,2025-06-15 09:30:00,2024-11-25,-203,OPEN,2,189,189,T,57.0,0,0.0,0.0,0.0,0,ACTIVATED
1044,AW7665,OSL - CDG,2025-06-15 06:30:00,2025-06-15 10:00:00,2024-11-25,-203,OPEN,2,189,189,T,57.0,0,0.0,0.0,0.0,0,ACTIVATED
1036,AW3423,TLL - CDG,2025-06-15 07:00:00,2025-06-15 09:50:00,2024-11-25,-202,OPEN,2,186,186,T,80.0,0,0.0,0.0,0.0,0,SCHEDULED
1037,AW7640,CDG - OSL,2025-06-15 07:20:00,2025-06-15 09:00:00,2024-11-25,-202,OPEN,2,189,189,X,86.0,0,0.0,0.0,0.0,0,ACTIVATED
1035,AW3280,CDG - TLL,2025-06-15 08:05:00,2025-06-15 12:50:00,2024-11-25,-202,OPEN,2,189,189,R,100.0,0,0.0,0.0,0.0,0,SCHEDULED
1042,AW7641,OSL - CDG,2025-06-15 09:40:00,2025-06-15 13:10:00,2024-11-25,-203,OPEN,2,189,189,R,69.0,0,0.0,0.0,0.0,0,ACTIVATED
4206,AW7658,CDG - OSL,2025-06-15 10:20:00,2025-06-15 12:00:00,2024-11-25,-202,OPEN,2,189,189,X,86.0,2,180.0,115.22,0.01,2,ACTIVATED
4760,AW3288,CDG - TLL,2025-06-15 10:55:00,2025-06-15 15:40:00,2024-11-25,-202,OPEN,2,186,186,X,111.0,4,444.0,178.96,0.02,4,SCHEDULED
7118,AW4638,CDG - VIE,2025-06-15 10:55:00,2025-06-15 13:05:00,2024-11-25,-202,OPEN,2,189,189,L,97.0,65,3771.95,1666.6,0.34,65,ACTIVATED
5003,AW7659,OSL - CDG,2025-06-15 12:40:00,2025-06-15 16:10:00,2024-11-25,-203,OPEN,2,189,189,X,82.0,5,648.0,534.95,0.03,5,ACTIVATED
5171,AW3281,TLL - CDG,2025-06-15 13:45:00,2025-06-15 16:35:00,2024-11-25,-202,OPEN,2,189,189,R,93.0,6,558.0,420.0,0.03,6,SCHEDULED
5172,AW4639,VIE - CDG,2025-06-15 13:55:00,2025-06-15 16:00:00,2024-11-25,-202,OPEN,2,189,189,L,94.0,6,354.0,241.2,0.03,6,ACTIVATED
1041,AW4636,CDG - VIE,2025-06-15 14:35:00,2025-06-15 16:45:00,2024-11-25,-202,OPEN,2,189,189,T,66.0,0,0.0,0.0,0.0,0,ACTIVATED
1033,AW3556,CDG - HEL,2025-06-15 14:45:00,2025-06-15 19:05:00,2024-11-25,-202,OPEN,2,189,189,K,154.0,0,0.0,0.0,0.0,0,ACTIVATED
1034,AW3558,CDG - HEL,2025-06-15 15:00:00,2025-06-15 19:20:00,2024-11-25,-202,OPEN,2,189,189,K,154.0,0,0.0,0.0,0.0,0,ACTIVATED
4761,AW3289,TLL - CDG,2025-06-15 16:40:00,2025-06-15 19:30:00,2024-11-25,-202,OPEN,2,186,186,X,109.0,4,500.0,408.0,0.02,4,SCHEDULED
1038,AW7646,CDG - OSL,2025-06-15 16:45:00,2025-06-15 18:25:00,2024-11-25,-202,OPEN,2,189,189,L,97.0,0,0.0,0.0,0.0,0,ACTIVATED
5002,AW4637,VIE - CDG,2025-06-15 17:30:00,2025-06-15 19:35:00,2024-11-25,-202,OPEN,2,189,189,K,108.0,5,450.0,356.0,0.03,5,ACTIVATED
6021,AW3422,CDG - TLL,2025-06-15 19:00:00,2025-06-15 23:45:00,2024-11-25,-202,OPEN,2,186,186,G,83.0,15,1320.0,356.06,0.08,15,SCHEDULED
1043,AW7647,OSL - CDG,2025-06-15 19:05:00,2025-06-15 22:35:00,2024-11-25,-203,OPEN,2,189,189,V,128.0,0,0.0,0.0,0.0,0,ACTIVATED
6901,AW3557,HEL - CDG,2025-06-15 19:50:00,2025-06-15 22:35:00,2024-11-25,-202,OPEN,2,189,189,H,197.0,48,6317.95,5264.35,0.25,48,ACTIVATED
6985,AW3559,HEL - CDG,2025-06-15 20:05:00,2025-06-15 22:50:00,2024-11-25,-202,OPEN,2,189,189,Q,178.0,53,8884.0,7720.65,0.28,53,ACTIVATED
1039,AW7664,CDG - OSL,2025-06-15 20:45:00,2025-06-15 22:25:00,2024-11-25,-202,OPEN,2,189,189,L,97.0,0,0.0,0.0,0.0,0,ACTIVATED
1040,AW7668,CDG - OSL,2025-06-15 21:15:00,2025-06-15 22:55:00,2024-11-25,-202,OPEN,2,189,189,L,97.0,0,0.0,0.0,0.0,0,ACTIVATED
5173,AW4780,CDG - VIE,2025-06-15 21:25:00,2025-06-15 23:35:00,2024-11-25,-202,OPEN,2,189,189,T,66.0,6,414.0,178.44,0.03,6,ACTIVATED
1059,AW7669,OSL - CDG,2025-06-16 05:55:00,2025-06-16 09:25:00,2024-11-25,-204,OPEN,2,189,189,R,69.0,0,0.0,0.0,0.0,0,ACTIVATED
5317,AW4781,VIE - CDG,2025-06-16 06:00:00,2025-06-16 08:05:00,2024-11-25,-203,OPEN,2,189,189,K,108.0,7,574.0,442.4,0.04,7,ACTIVATED
1058,AW7665,OSL - CDG,2025-06-16 06:30:00,2025-06-16 10:00:00,2024-11-25,-204,OPEN,2,189,189,R,69.0,0,0.0,0.0,0.0,0,ACTIVATED
1050,AW3423,TLL - CDG,2025-06-16 06:45:00,2025-06-16 09:35:00,2024-11-25,-203,OPEN,2,186,186,T,80.0,0,0.0,0.0,0.0,0,SCHEDULED
1051,AW7640,CDG - OSL,2025-06-16 07:15:00,2025-06-16 08:55:00,2024-11-25,-203,OPEN,2,189,189,R,75.0,0,0.0,0.0,0.0,0,ACTIVATED
3861,AW3284,CDG - TLL,2025-06-16 07:45:00,2025-06-16 12:30:00,2024-11-25,-203,OPEN,2,189,189,X,111.0,1,100.0,33.74,0.01,1,SCHEDULED
6134,AW3550,CDG - HEL,2025-06-16 08:20:00,2025-06-16 12:40:00,2024-11-25,-203,OPEN,2,189,189,K,154.0,17,2933.78,2300.71,0.09,17,ACTIVATED
1057,AW7641,OSL - CDG,2025-06-16 09:35:00,2025-06-16 13:05:00,2024-11-25,-204,OPEN,2,189,189,X,82.0,0,0.0,0.0,0.0,0,ACTIVATED
6855,AW4632,CDG - VIE,2025-06-16 10:05:00,2025-06-16 12:15:00,2024-11-25,-203,OPEN,2,189,189,R,75.0,45,4356.9,2590.2,0.24,45,ACTIVATED
1047,AW3280,CDG - TLL,2025-06-16 10:10:00,2025-06-16 14:55:00,2024-11-25,-203,OPEN,2,186,186,R,100.0,0,0.0,0.0,0.0,0,SCHEDULED
4208,AW7644,CDG - OSL,2025-06-16 11:10:00,2025-06-16 12:50:00,2024-11-25,-203,OPEN,2,189,189,R,75.0,2,172.0,93.48,0.01,2,ACTIVATED
6933,AW4633,VIE - CDG,2025-06-16 13:05:00,2025-06-16 15:10:00,2024-11-25,-203,OPEN,2,189,189,V,124.0,50,4840.0,3900.0,0.26,50,ACTIVATED
1049,AW3285,TLL - CDG,2025-06-16 13:25:00,2025-06-16 16:15:00,2024-11-25,-203,OPEN,2,189,189,T,80.0,0,0.0,0.0,0.0,0,SCHEDULED
6889,AW3551,HEL - CDG,2025-06-16 13:25:00,2025-06-16 16:10:00,2024-11-25,-203,OPEN,2,189,189,X,116.0,47,8497.5,7465.85,0.25,47,ACTIVATED
3862,AW7645,OSL - CDG,2025-06-16 13:35:00,2025-06-16 17:05:00,2024-11-25,-204,OPEN,2,189,175,X,82.0,1,82.0,59.39,0.01,1,ACTIVATED
4209,AW4634,CDG - VIE,2025-06-16 14:30:00,2025-06-16 16:40:00,2024-11-25,-203,OPEN,2,189,189,T,66.0,2,118.0,53.22,0.01,2,ACTIVATED
1046,AW3558,CDG - HEL,2025-06-16 14:55:00,2025-06-16 19:15:00,2024-11-25,-203,OPEN,2,189,189,K,154.0,0,0.0,0.0,0.0,0,ACTIVATED
1048,AW3281,TLL - CDG,2025-06-16 15:55:00,2025-06-16 18:45:00,2024-11-25,-203,OPEN,2,186,186,T,80.0,0,0.0,0.0,0.0,0,SCHEDULED
1052,AW7648,CDG - OSL,2025-06-16 16:50:00,2025-06-16 18:30:00,2024-11-25,-203,OPEN,2,189,189,X,86.0,0,0.0,0.0,0.0,0,ACTIVATED
1055,AW4635,VIE - CDG,2025-06-16 17:30:00,2025-06-16 19:35:00,2024-11-25,-203,OPEN,2,189,189,T,60.0,0,0.0,0.0,0.0,0,ACTIVATED
4207,AW3422,CDG - TLL,2025-06-16 19:00:00,2025-06-16 23:45:00,2024-11-25,-203,OPEN,2,186,186,R,100.0,2,200.0,67.48,0.01,2,SCHEDULED
7227,AW7649,OSL - CDG,2025-06-16 19:10:00,2025-06-16 22:40:00,2024-11-25,-204,OPEN,2,189,189,H,165.0,73,7278.69,5628.16,0.39,73,ACTIVATED
4762,AW3559,HEL - CDG,2025-06-16 20:00:00,2025-06-16 22:45:00,2024-11-25,-203,OPEN,2,189,189,X,116.0,4,808.0,720.2,0.02,4,ACTIVATED
1053,AW7664,CDG - OSL,2025-06-16 20:45:00,2025-06-16 22:25:00,2024-11-25,-203,OPEN,2,189,189,T,65.0,0,0.0,0.0,0.0,0,ACTIVATED
1054,AW7668,CDG - OSL,2025-06-16 21:15:00,2025-06-16 22:55:00,2024-11-25,-203,OPEN,2,189,189,T,65.0,0,0.0,0.0,0.0,0,ACTIVATED
1056,AW4780,CDG - VIE,2025-06-16 21:20:00,2025-06-16 23:30:00,2024-11-25,-203,OPEN,2,189,189,T,66.0,0,0.0,0.0,0.0,0,ACTIVATED
6856,AW4781,VIE - CDG,2025-06-17 06:00:00,2025-06-17 08:05:00,2024-11-25,-204,OPEN,2,189,189,R,70.0,45,3120.0,2274.0,0.24,45,ACTIVATED
1075,AW7669,OSL - CDG,2025-06-17 06:00:00,2025-06-17 09:30:00,2024-11-25,-205,OPEN,2,189,189,T,57.0,0,0.0,0.0,0.0,0,ACTIVATED
1072,AW4670,CDG - BUD,2025-06-17 06:15:00,2025-06-17 09:20:00,2024-11-25,-204,CANCELLED,2,189,99,,,0,0.0,0.0,0.0,0,UNAVAILABLE
5174,AW7665,OSL - CDG,2025-06-17 06:30:00,2025-06-17 10:00:00,2024-11-25,-205,OPEN,2,189,189,T,57.0,6,342.0,206.34,0.03,6,ACTIVATED
1066,AW3423,TLL - CDG,2025-06-17 06:45:00,2025-06-17 09:35:00,2024-11-25,-204,OPEN,2,186,186,G,69.0,0,0.0,0.0,0.0,0,SCHEDULED
1067,AW7640,CDG - OSL,2025-06-17 07:15:00,2025-06-17 08:55:00,2024-11-25,-204,CANCELLED,2,189,136,,,0,0.0,0.0,0.0,0,UNAVAILABLE
1073,AW7641,OSL - CDG,2025-06-17 09:35:00,2025-06-17 13:05:00,2024-11-25,-205,CANCELLED,2,189,136,,,0,0.0,0.0,0.0,0,UNAVAILABLE
1064,AW3288,CDG - TLL,2025-06-17 09:50:00,2025-06-17 14:35:00,2024-11-25,-204,OPEN,2,186,186,R,100.0,0,0.0,0.0,0.0,0,SCHEDULED
6252,AW4632,CDG - VIE,2025-06-17 10:05:00,2025-06-17 12:15:00,2024-11-25,-204,OPEN,2,189,189,R,75.0,20,1993.02,1331.48,0.11,20,ACTIVATED
1087,AW4671,BUD - CDG,2025-06-17 10:05:00,2025-06-17 15:00:00,2024-11-25,-205,CANCELLED,2,189,99,,,0,0.0,0.0,0.0,0,UNAVAILABLE
1060,AW3558,CDG - HEL,2025-06-17 11:30:00,2025-06-17 15:50:00,2024-11-25,-204,CANCELLED,2,189,189,,,0,0.0,0.0,0.0,0,UNAVAILABLE
1068,AW7644,CDG - OSL,2025-06-17 11:50:00,2025-06-17 13:30:00,2024-11-25,-204,OPEN,2,189,189,X,86.0,0,0.0,0.0,0.0,0,ACTIVATED
3863,AW4633,VIE - CDG,2025-06-17 13:05:00,2025-06-17 15:10:00,2024-11-25,-204,OPEN,2,189,189,T,60.0,1,60.0,41.2,0.01,1,ACTIVATED
1074,AW7645,OSL - CDG,2025-06-17 14:15:00,2025-06-17 17:45:00,2024-11-25,-205,OPEN,2,189,189,X,82.0,0,0.0,0.0,0.0,0,ACTIVATED
1062,AW3286,CDG - TLL,2025-06-17 14:20:00,2025-06-17 19:05:00,2024-11-25,-204,OPEN,2,186,186,R,100.0,0,0.0,0.0,0.0,0,SCHEDULED
4524,AW4636,CDG - VIE,2025-06-17 15:00:00,2025-06-17 17:10:00,2024-11-25,-204,OPEN,2,189,189,T,66.0,3,198.0,80.22,0.02,3,ACTIVATED
4763,AW3289,TLL - CDG,2025-06-17 15:35:00,2025-06-17 18:25:00,2024-11-25,-204,OPEN,2,186,186,R,93.0,4,404.0,312.0,0.02,4,SCHEDULED
1061,AW3559,HEL - CDG,2025-06-17 16:35:00,2025-06-17 19:20:00,2024-11-25,-204,CANCELLED,2,189,189,,,0,0.0,0.0,0.0,0,UNAVAILABLE
1069,AW7648,CDG - OSL,2025-06-17 16:45:00,2025-06-17 18:25:00,2024-11-25,-204,OPEN,2,189,189,R,75.0,0,0.0,0.0,0.0,0,ACTIVATED
1071,AW4637,VIE - CDG,2025-06-17 18:00:00,2025-06-17 20:05:00,2024-11-25,-204,OPEN,2,189,189,R,70.0,0,0.0,0.0,0.0,0,ACTIVATED
1065,AW3422,CDG - TLL,2025-06-17 19:00:00,2025-06-17 23:45:00,2024-11-25,-204,OPEN,2,186,186,T,92.0,0,0.0,0.0,0.0,0,SCHEDULED
4764,AW7649,OSL - CDG,2025-06-17 19:05:00,2025-06-17 22:35:00,2024-11-25,-205,OPEN,2,189,189,X,82.0,4,328.0,237.56,0.02,4,ACTIVATED
1063,AW3287,TLL - CDG,2025-06-17 20:00:00,2025-06-17 22:50:00,2024-11-25,-204,OPEN,2,186,186,T,80.0,0,0.0,0.0,0.0,0,SCHEDULED
4523,AW7664,CDG - OSL,2025-06-17 20:45:00,2025-06-17 22:25:00,2024-11-25,-204,OPEN,2,189,189,R,75.0,3,258.0,160.83,0.02,3,ACTIVATED
1070,AW7668,CDG - OSL,2025-06-17 21:15:00,2025-06-17 22:55:00,2024-11-25,-204,OPEN,2,189,189,R,75.0,0,0.0,0.0,0.0,0,ACTIVATED
5451,AW4780,CDG - VIE,2025-06-17 21:20:00,2025-06-17 23:30:00,2024-11-25,-204,OPEN,2,189,189,R,75.0,8,504.0,217.4,0.04,8,ACTIVATED
5175,AW7665,OSL - CDG,2025-06-18 06:00:00,2025-06-18 09:30:00,2024-11-25,-206,OPEN,2,189,189,T,57.0,6,342.0,206.34,0.03,6,ACTIVATED
4767,AW4781,VIE - CDG,2025-06-18 06:15:00,2025-06-18 08:20:00,2024-11-25,-205,OPEN,2,189,189,T,60.0,4,208.0,132.8,0.02,4,ACTIVATED
5574,AW7669,OSL - CDG,2025-06-18 06:30:00,2025-06-18 10:00:00,2024-11-25,-206,OPEN,2,189,189,T,57.0,9,513.0,309.51,0.05,9,ACTIVATED
4766,AW3423,TLL - CDG,2025-06-18 06:45:00,2025-06-18 09:35:00,2024-11-25,-205,OPEN,2,186,186,G,69.0,4,276.0,184.0,0.02,4,SCHEDULED
1081,AW7640,CDG - OSL,2025-06-18 07:15:00,2025-06-18 08:55:00,2024-11-25,-205,OPEN,2,186,186,X,86.0,0,0.0,0.0,0.0,0,ACTIVATED
4525,AW3550,CDG - HEL,2025-06-18 08:30:00,2025-06-18 12:50:00,2024-11-25,-205,OPEN,2,189,189,K,154.0,3,658.0,560.83,0.02,3,ACTIVATED
1090,AW7641,OSL - CDG,2025-06-18 09:35:00,2025-06-18 13:05:00,2024-11-25,-206,OPEN,2,186,186,R,69.0,0,0.0,0.0,0.0,0,ACTIVATED
1088,AW3284,CDG - TLL,2025-06-18 10:05:00,2025-06-18 14:50:00,2024-11-25,-205,CANCELLED,2,189,189,,,0,0.0,0.0,0.0,0,UNAVAILABLE
3865,AW4632,CDG - VIE,2025-06-18 10:15:00,2025-06-18 12:25:00,2024-11-25,-205,OPEN,2,189,189,T,66.0,1,159.0,119.74,0.01,1,ACTIVATED
6547,AW3288,CDG - TLL,2025-06-18 10:55:00,2025-06-18 15:40:00,2024-11-25,-205,OPEN,2,186,186,H,192.0,30,4548.9,2785.8,0.16,30,SCHEDULED
1082,AW7644,CDG - OSL,2025-06-18 11:50:00,2025-06-18 13:30:00,2024-11-25,-205,OPEN,2,189,189,X,86.0,0,0.0,0.0,0.0,0,ACTIVATED
1084,AW4633,VIE - CDG,2025-06-18 13:15:00,2025-06-18 15:20:00,2024-11-25,-205,OPEN,2,189,189,T,60.0,0,0.0,0.0,0.0,0,ACTIVATED
4765,AW3551,HEL - CDG,2025-06-18 13:35:00,2025-06-18 16:20:00,2024-11-25,-205,OPEN,2,189,164,X,116.0,4,882.0,794.2,0.02,4,ACTIVATED
4212,AW7645,OSL - CDG,2025-06-18 14:10:00,2025-06-18 17:40:00,2024-11-25,-206,OPEN,2,189,189,T,57.0,2,222.0,176.78,0.01,2,ACTIVATED
1076,AW3558,CDG - HEL,2025-06-18 14:20:00,2025-06-18 18:40:00,2024-11-25,-205,OPEN,2,189,189,K,154.0,0,0.0,0.0,0.0,0,ACTIVATED
1078,AW3286,CDG - TLL,2025-06-18 14:20:00,2025-06-18 19:05:00,2024-11-25,-205,OPEN,2,186,186,L,122.0,0,0.0,0.0,0.0,0,SCHEDULED
1085,AW4636,CDG - VIE,2025-06-18 14:40:00,2025-06-18 16:50:00,2024-11-25,-205,OPEN,2,189,189,T,66.0,0,0.0,0.0,0.0,0,ACTIVATED
1089,AW3285,TLL - CDG,2025-06-18 15:45:00,2025-06-18 18:35:00,2024-11-25,-205,CANCELLED,2,189,189,,,0,0.0,0.0,0.0,0,UNAVAILABLE
4210,AW3289,TLL - CDG,2025-06-18 16:40:00,2025-06-18 19:30:00,2024-11-25,-205,OPEN,2,186,186,T,80.0,2,160.0,114.0,0.01,2,SCHEDULED
4211,AW7646,CDG - OSL,2025-06-18 16:45:00,2025-06-18 18:25:00,2024-11-25,-205,OPEN,2,189,189,L,97.0,2,194.0,115.48,0.01,2,ACTIVATED
1086,AW4637,VIE - CDG,2025-06-18 17:40:00,2025-06-18 19:45:00,2024-11-25,-205,OPEN,2,189,189,R,70.0,0,0.0,0.0,0.0,0,ACTIVATED
1080,AW3422,CDG - TLL,2025-06-18 19:00:00,2025-06-18 23:45:00,2024-11-25,-205,OPEN,2,186,186,R,100.0,0,0.0,0.0,0.0,0,SCHEDULED
6783,AW7647,OSL - CDG,2025-06-18 19:10:00,2025-06-18 22:40:00,2024-11-25,-206,OPEN,2,189,189,R,69.0,41,3368.97,2434.58,0.22,41,ACTIVATED
1077,AW3559,HEL - CDG,2025-06-18 19:25:00,2025-06-18 22:10:00,2024-11-25,-205,OPEN,2,189,189,L,129.0,0,0.0,0.0,0.0,0,ACTIVATED
1079,AW3287,TLL - CDG,2025-06-18 20:00:00,2025-06-18 22:50:00,2024-11-25,-205,OPEN,2,186,186,G,69.0,0,0.0,0.0,0.0,0,SCHEDULED
3864,AW7664,CDG - OSL,2025-06-18 20:45:00,2025-06-18 22:25:00,2024-11-25,-205,OPEN,2,189,189,X,86.0,1,75.0,35.74,0.01,1,ACTIVATED
1083,AW7668,CDG - OSL,2025-06-18 21:15:00,2025-06-18 22:55:00,2024-11-25,-205,OPEN,2,189,189,R,75.0,0,0.0,0.0,0.0,0,ACTIVATED
6089,AW4780,CDG - VIE,2025-06-18 21:20:00,2025-06-18 23:30:00,2024-11-25,-205,OPEN,2,189,189,X,86.0,16,1098.0,538.54,0.08,16,ACTIVATED
1099,AW4781,VIE - CDG,2025-06-19 06:00:00,2025-06-19 08:05:00,2024-11-25,-206,OPEN,2,189,189,T,60.0,0,0.0,0.0,0.0,0,ACTIVATED
5453,AW7665,OSL - CDG,2025-06-19 06:00:00,2025-06-19 09:30:00,2024-11-25,-207,OPEN,2,189,189,T,57.0,8,456.0,274.76,0.04,8,ACTIVATED
6253,AW7669,OSL - CDG,2025-06-19 06:30:00,2025-06-19 10:00:00,2024-11-25,-207,OPEN,2,189,189,T,57.0,20,1140.0,686.54,0.11,20,ACTIVATED
5005,AW3423,TLL - CDG,2025-06-19 06:45:00,2025-06-19 09:35:00,2024-11-25,-206,OPEN,2,186,186,G,69.0,5,345.0,230.0,0.03,5,SCHEDULED
1093,AW7640,CDG - OSL,2025-06-19 07:15:00,2025-06-19 08:55:00,2024-11-25,-206,CANCELLED,2,186,186,,,0,0.0,0.0,0.0,0,UNAVAILABLE
6488,AW3550,CDG - HEL,2025-06-19 08:10:00,2025-06-19 12:30:00,2024-11-25,-206,OPEN,2,189,189,K,154.0,28,5440.0,4533.08,0.15,28,ACTIVATED
1100,AW7641,OSL - CDG,2025-06-19 09:35:00,2025-06-19 13:05:00,2024-11-25,-207,CANCELLED,2,186,186,,,0,0.0,0.0,0.0,0,UNAVAILABLE
4526,AW4632,CDG - VIE,2025-06-19 09:45:00,2025-06-19 11:55:00,2024-11-25,-206,OPEN,2,189,189,T,66.0,3,277.0,172.96,0.02,3,ACTIVATED
5839,AW4670,CDG - BUD,2025-06-19 10:05:00,2025-06-19 13:10:00,2024-11-25,-206,OPEN,2,189,99,L,102.0,12,1066.0,608.62,0.12,12,SCHEDULED
5452,AW3288,CDG - TLL,2025-06-19 11:25:00,2025-06-19 16:10:00,2024-11-25,-206,OPEN,2,186,186,K,135.0,8,1066.0,550.9,0.04,8,SCHEDULED
1094,AW7644,CDG - OSL,2025-06-19 11:50:00,2025-06-19 13:30:00,2024-11-25,-206,OPEN,2,189,189,K,110.0,0,0.0,0.0,0.0,0,ACTIVATED
1098,AW4633,VIE - CDG,2025-06-19 12:45:00,2025-06-19 14:50:00,2024-11-25,-206,OPEN,2,189,189,T,60.0,0,0.0,0.0,0.0,0,ACTIVATED
5004,AW3551,HEL - CDG,2025-06-19 13:15:00,2025-06-19 16:00:00,2024-11-25,-206,OPEN,2,189,189,X,116.0,5,718.0,608.25,0.03,5,ACTIVATED
5683,AW4671,BUD - CDG,2025-06-19 13:55:00,2025-06-19 18:50:00,2024-11-25,-207,OPEN,2,189,99,T,61.0,10,532.92,434.72,0.1,10,DEACTIVATED
4215,AW7645,OSL - CDG,2025-06-19 14:15:00,2025-06-19 17:45:00,2024-11-25,-207,OPEN,2,189,189,T,57.0,2,222.0,176.78,0.01,2,ACTIVATED
3866,AW4636,CDG - VIE,2025-06-19 14:30:00,2025-06-19 16:40:00,2024-11-25,-206,OPEN,2,189,189,R,75.0,1,51.0,18.61,0.01,1,ACTIVATED
4213,AW3556,CDG - HEL,2025-06-19 15:00:00,2025-06-19 19:20:00,2024-11-25,-206,OPEN,2,189,189,K,154.0,2,130.78,66.0,0.01,2,ACTIVATED
1095,AW7646,CDG - OSL,2025-06-19 15:20:00,2025-06-19 17:00:00,2024-11-25,-206,OPEN,2,189,189,K,110.0,0,0.0,0.0,0.0,0,ACTIVATED
1091,AW3289,TLL - CDG,2025-06-19 17:10:00,2025-06-19 20:00:00,2024-11-25,-206,OPEN,2,186,186,G,69.0,0,0.0,0.0,0.0,0,SCHEDULED
7119,AW4637,VIE - CDG,2025-06-19 17:30:00,2025-06-19 19:35:00,2024-11-25,-206,OPEN,2,189,189,X,82.0,65,4332.25,3110.25,0.34,65,ACTIVATED
6489,AW7647,OSL - CDG,2025-06-19 17:40:00,2025-06-19 21:10:00,2024-11-25,-207,OPEN,2,189,189,X,82.0,28,2218.0,1584.92,0.15,28,ACTIVATED
1092,AW3422,CDG - TLL,2025-06-19 19:00:00,2025-06-19 23:45:00,2024-11-25,-206,OPEN,2,186,186,X,111.0,0,0.0,0.0,0.0,0,SCHEDULED
4214,AW3557,HEL - CDG,2025-06-19 20:05:00,2025-06-19 22:50:00,2024-11-25,-206,OPEN,2,189,189,K,144.0,2,356.0,312.1,0.01,2,ACTIVATED
1096,AW7664,CDG - OSL,2025-06-19 20:45:00,2025-06-19 22:25:00,2024-11-25,-206,OPEN,2,189,189,X,86.0,0,0.0,0.0,0.0,0,ACTIVATED
1097,AW7668,CDG - OSL,2025-06-19 21:15:00,2025-06-19 22:55:00,2024-11-25,-206,OPEN,2,189,189,X,86.0,0,0.0,0.0,0.0,0,ACTIVATED
4768,AW4780,CDG - VIE,2025-06-19 21:15:00,2025-06-19 23:25:00,2024-11-25,-206,OPEN,2,189,189,T,66.0,4,236.0,106.44,0.02,4,ACTIVATED
1114,AW7665,OSL - CDG,2025-06-20 06:00:00,2025-06-20 09:30:00,2024-11-25,-208,OPEN,2,189,189,T,57.0,0,0.0,0.0,0.0,0,ACTIVATED
1115,AW7669,OSL - CDG,2025-06-20 06:30:00,2025-06-20 10:00:00,2024-11-25,-208,OPEN,2,189,189,T,57.0,0,0.0,0.0,0.0,0,ACTIVATED
4769,AW3423,TLL - CDG,2025-06-20 06:35:00,2025-06-20 09:25:00,2024-11-25,-207,OPEN,2,186,186,G,69.0,4,192.0,100.0,0.02,4,SCHEDULED
4527,AW4781,VIE - CDG,2025-06-20 06:55:00,2025-06-20 09:00:00,2024-11-25,-207,OPEN,2,189,189,X,82.0,3,156.0,99.6,0.02,3,ACTIVATED
1106,AW7640,CDG - OSL,2025-06-20 07:20:00,2025-06-20 09:00:00,2024-11-25,-207,OPEN,2,186,186,Q,141.0,0,0.0,0.0,0.0,0,ACTIVATED
1101,AW3550,CDG - HEL,2025-06-20 07:30:00,2025-06-20 11:50:00,2024-11-25,-207,OPEN,2,189,169,K,154.0,0,0.0,0.0,0.0,0,ACTIVATED
1102,AW3280,CDG - TLL,2025-06-20 09:05:00,2025-06-20 13:50:00,2024-11-25,-207,OPEN,2,186,186,K,135.0,0,0.0,0.0,0.0,0,SCHEDULED
4218,AW7641,OSL - CDG,2025-06-20 09:40:00,2025-06-20 13:10:00,2024-11-25,-208,OPEN,2,186,186,T,57.0,2,138.0,92.78,0.01,2,ACTIVATED
5006,AW4632,CDG - VIE,2025-06-20 10:05:00,2025-06-20 12:15:00,2024-11-25,-207,OPEN,2,189,189,T,66.0,5,295.0,133.05,0.03,5,ACTIVATED
1107,AW7644,CDG - OSL,2025-06-20 11:10:00,2025-06-20 12:50:00,2024-11-25,-207,OPEN,2,189,189,Q,141.0,0,0.0,0.0,0.0,0,ACTIVATED
4216,AW3551,HEL - CDG,2025-06-20 12:35:00,2025-06-20 15:20:00,2024-11-25,-207,OPEN,2,189,169,K,144.0,2,356.0,312.1,0.01,2,ACTIVATED
1111,AW4633,VIE - CDG,2025-06-20 13:05:00,2025-06-20 15:10:00,2024-11-25,-207,OPEN,2,189,189,K,108.0,0,0.0,0.0,0.0,0,ACTIVATED
1103,AW3284,CDG - TLL,2025-06-20 13:25:00,2025-06-20 18:10:00,2024-11-25,-207,OPEN,2,189,189,K,135.0,0,0.0,0.0,0.0,0,SCHEDULED
5176,AW7645,OSL - CDG,2025-06-20 13:35:00,2025-06-20 17:05:00,2024-11-25,-208,OPEN,2,189,189,X,82.0,6,563.0,426.26,0.03,6,ACTIVATED
4217,AW3281,TLL - CDG,2025-06-20 14:50:00,2025-06-20 17:40:00,2024-11-25,-207,OPEN,2,186,186,T,80.0,2,160.0,114.0,0.01,2,SCHEDULED
3867,AW3558,CDG - HEL,2025-06-20 14:55:00,2025-06-20 19:15:00,2024-11-25,-207,OPEN,2,189,189,K,154.0,1,118.0,85.61,0.01,1,ACTIVATED
1112,AW4636,CDG - VIE,2025-06-20 14:55:00,2025-06-20 17:05:00,2024-11-25,-207,OPEN,2,189,189,T,66.0,0,0.0,0.0,0.0,0,ACTIVATED
1108,AW7648,CDG - OSL,2025-06-20 16:25:00,2025-06-20 18:05:00,2024-11-25,-207,OPEN,2,189,189,L,97.0,0,0.0,0.0,0.0,0,ACTIVATED
6177,AW4637,VIE - CDG,2025-06-20 17:55:00,2025-06-20 20:00:00,2024-11-25,-207,OPEN,2,189,189,X,82.0,18,1868.4,1530.0,0.1,18,ACTIVATED
1113,AW7649,OSL - CDG,2025-06-20 18:45:00,2025-06-20 22:15:00,2024-11-25,-208,OPEN,2,189,189,T,57.0,0,0.0,0.0,0.0,0,ACTIVATED
1105,AW3422,CDG - TLL,2025-06-20 19:00:00,2025-06-20 23:45:00,2024-11-25,-207,OPEN,2,186,186,K,135.0,0,0.0,0.0,0.0,0,SCHEDULED
1104,AW3285,TLL - CDG,2025-06-20 19:05:00,2025-06-20 21:55:00,2024-11-25,-207,OPEN,2,189,189,G,69.0,0,0.0,0.0,0.0,0,SCHEDULED
5911,AW3559,HEL - CDG,2025-06-20 20:00:00,2025-06-20 22:45:00,2024-11-25,-207,OPEN,2,189,189,K,144.0,13,1379.0,1093.65,0.07,13,ACTIVATED
1109,AW7664,CDG - OSL,2025-06-20 20:45:00,2025-06-20 22:25:00,2024-11-25,-207,OPEN,2,189,189,L,97.0,0,0.0,0.0,0.0,0,ACTIVATED
6857,AW4780,CDG - VIE,2025-06-20 21:10:00,2025-06-20 23:20:00,2024-11-25,-207,OPEN,2,189,189,K,110.0,45,3932.5,2426.86,0.24,45,ACTIVATED
1110,AW7668,CDG - OSL,2025-06-20 21:15:00,2025-06-20 22:55:00,2024-11-25,-207,OPEN,2,189,189,L,97.0,0,0.0,0.0,0.0,0,ACTIVATED
4530,AW7665,OSL - CDG,2025-06-21 05:55:00,2025-06-21 09:25:00,2024-11-25,-209,OPEN,2,189,189,T,57.0,3,171.0,103.17,0.02,3,ACTIVATED
5007,AW4781,VIE - CDG,2025-06-21 06:00:00,2025-06-21 08:05:00,2024-11-25,-208,OPEN,2,189,189,R,70.0,5,350.0,256.0,0.03,5,ACTIVATED
6986,AW4670,CDG - BUD,2025-06-21 06:15:00,2025-06-21 09:20:00,2024-11-25,-208,OPEN,2,186,116,V,133.0,53,7072.42,5005.38,0.46,53,SCHEDULED
1127,AW7669,OSL - CDG,2025-06-21 06:25:00,2025-06-21 09:55:00,2024-11-25,-209,OPEN,2,189,189,T,57.0,0,0.0,0.0,0.0,0,ACTIVATED
4528,AW3423,TLL - CDG,2025-06-21 06:45:00,2025-06-21 09:35:00,2024-11-25,-208,OPEN,2,186,186,G,69.0,3,207.0,138.0,0.02,3,SCHEDULED
6288,AW3550,CDG - HEL,2025-06-21 08:35:00,2025-06-21 12:55:00,2024-11-25,-208,OPEN,2,189,189,Q,192.0,21,4179.0,3498.81,0.11,21,ACTIVATED
1122,AW3280,CDG - TLL,2025-06-21 09:00:00,2025-06-21 13:45:00,2024-11-25,-208,CANCELLED,2,189,189,,,0,0.0,0.0,0.0,0,UNAVAILABLE
4771,AW4671,BUD - CDG,2025-06-21 10:05:00,2025-06-21 15:00:00,2024-11-25,-209,OPEN,2,186,116,X,85.0,4,536.0,496.72,0.03,4,DEACTIVATED
1120,AW4636,CDG - VIE,2025-06-21 10:10:00,2025-06-21 12:20:00,2024-11-25,-208,OPEN,2,189,189,R,75.0,0,0.0,0.0,0.0,0,ACTIVATED
1116,AW3288,CDG - TLL,2025-06-21 10:15:00,2025-06-21 15:00:00,2024-11-25,-208,OPEN,2,186,186,X,111.0,0,0.0,0.0,0.0,0,SCHEDULED
3868,AW7644,CDG - OSL,2025-06-21 10:20:00,2025-06-21 12:00:00,2024-11-25,-208,OPEN,2,189,179,Q,141.0,1,210.0,177.61,0.01,1,ACTIVATED
1124,AW7645,OSL - CDG,2025-06-21 12:40:00,2025-06-21 16:10:00,2024-11-25,-209,OPEN,2,189,179,X,82.0,0,0.0,0.0,0.0,0,ACTIVATED
6916,AW4637,VIE - CDG,2025-06-21 13:10:00,2025-06-21 15:15:00,2024-11-25,-208,OPEN,2,189,189,X,82.0,49,4652.06,3730.86,0.26,49,ACTIVATED
1119,AW4634,CDG - VIE,2025-06-21 13:35:00,2025-06-21 15:45:00,2024-11-25,-208,OPEN,2,189,189,R,75.0,0,0.0,0.0,0.0,0,ACTIVATED
4770,AW3551,HEL - CDG,2025-06-21 13:40:00,2025-06-21 16:25:00,2024-11-25,-208,OPEN,2,189,189,K,144.0,4,644.0,556.2,0.02,4,ACTIVATED
1123,AW3281,TLL - CDG,2025-06-21 14:40:00,2025-06-21 17:30:00,2024-11-25,-208,CANCELLED,2,189,189,,,0,0.0,0.0,0.0,0,UNAVAILABLE
1118,AW7658,CDG - OSL,2025-06-21 15:20:00,2025-06-21 17:00:00,2024-11-25,-208,OPEN,2,189,189,Q,141.0,0,0.0,0.0,0.0,0,ACTIVATED
5318,AW3289,TLL - CDG,2025-06-21 16:00:00,2025-06-21 18:50:00,2024-11-25,-208,OPEN,2,186,186,G,69.0,7,483.0,322.0,0.04,7,SCHEDULED
4529,AW4635,VIE - CDG,2025-06-21 16:40:00,2025-06-21 18:45:00,2024-11-25,-208,OPEN,2,189,189,R,70.0,3,276.0,219.6,0.02,3,ACTIVATED
1117,AW7646,CDG - OSL,2025-06-21 16:45:00,2025-06-21 18:25:00,2024-11-25,-208,CANCELLED,2,186,186,,,0,0.0,0.0,0.0,0,UNAVAILABLE
1126,AW7659,OSL - CDG,2025-06-21 17:40:00,2025-06-21 21:10:00,2024-11-25,-209,OPEN,2,189,189,X,82.0,0,0.0,0.0,0.0,0,ACTIVATED
5454,AW3422,CDG - TLL,2025-06-21 19:00:00,2025-06-21 23:45:00,2024-11-25,-208,OPEN,2,186,186,R,100.0,8,800.0,269.92,0.04,8,SCHEDULED
1125,AW7647,OSL - CDG,2025-06-21 19:05:00,2025-06-21 22:35:00,2024-11-25,-209,CANCELLED,2,186,186,,,0,0.0,0.0,0.0,0,UNAVAILABLE
5319,AW7664,CDG - OSL,2025-06-21 20:45:00,2025-06-21 22:25:00,2024-11-25,-208,OPEN,2,189,189,L,97.0,7,602.0,327.18,0.04,7,ACTIVATED
1121,AW4780,CDG - VIE,2025-06-21 21:15:00,2025-06-21 23:25:00,2024-11-25,-208,OPEN,2,189,189,T,66.0,0,0.0,0.0,0.0,0,ACTIVATED
6178,AW7668,CDG - OSL,2025-06-21 21:15:00,2025-06-21 22:55:00,2024-11-25,-208,OPEN,2,189,189,X,86.0,18,1938.0,1313.76,0.1,18,ACTIVATED
1142,AW7669,OSL - CDG,2025-06-22 06:00:00,2025-06-22 09:30:00,2024-11-25,-210,OPEN,2,189,189,T,57.0,0,0.0,0.0,0.0,0,ACTIVATED
1135,AW4781,VIE - CDG,2025-06-22 06:00:00,2025-06-22 08:05:00,2024-11-25,-209,OPEN,2,189,189,K,108.0,0,0.0,0.0,0.0,0,ACTIVATED
1141,AW7665,OSL - CDG,2025-06-22 06:30:00,2025-06-22 10:00:00,2024-11-25,-210,OPEN,2,189,189,T,57.0,0,0.0,0.0,0.0,0,ACTIVATED
1131,AW3423,TLL - CDG,2025-06-22 07:00:00,2025-06-22 09:50:00,2024-11-25,-209,OPEN,2,186,186,N,61.0,0,0.0,0.0,0.0,0,SCHEDULED
1132,AW7640,CDG - OSL,2025-06-22 07:20:00,2025-06-22 09:00:00,2024-11-25,-209,OPEN,2,189,189,L,97.0,0,0.0,0.0,0.0,0,ACTIVATED
1130,AW3280,CDG - TLL,2025-06-22 08:05:00,2025-06-22 12:50:00,2024-11-25,-209,OPEN,2,189,189,L,122.0,0,0.0,0.0,0.0,0,SCHEDULED
4533,AW7641,OSL - CDG,2025-06-22 09:40:00,2025-06-22 13:10:00,2024-11-25,-210,OPEN,2,189,189,X,82.0,3,288.0,220.17,0.02,3,ACTIVATED
6254,AW7658,CDG - OSL,2025-06-22 10:20:00,2025-06-22 12:00:00,2024-11-25,-209,OPEN,2,189,189,K,110.0,20,2400.0,1614.8,0.11,20,ACTIVATED
4532,AW4638,CDG - VIE,2025-06-22 10:55:00,2025-06-22 13:05:00,2024-11-25,-209,OPEN,2,189,189,R,75.0,3,225.0,107.22,0.02,3,ACTIVATED
4221,AW3288,CDG - TLL,2025-06-22 10:55:00,2025-06-22 15:40:00,2024-11-25,-209,OPEN,2,186,186,L,122.0,2,244.0,111.48,0.01,2,SCHEDULED
1140,AW7659,OSL - CDG,2025-06-22 12:40:00,2025-06-22 16:10:00,2024-11-25,-210,OPEN,2,189,189,L,96.0,0,0.0,0.0,0.0,0,ACTIVATED
5575,AW3281,TLL - CDG,2025-06-22 13:45:00,2025-06-22 16:35:00,2024-11-25,-209,OPEN,2,189,189,G,69.0,9,613.0,406.0,0.05,9,SCHEDULED
1134,AW4639,VIE - CDG,2025-06-22 13:55:00,2025-06-22 16:00:00,2024-11-25,-209,OPEN,2,189,189,K,108.0,0,0.0,0.0,0.0,0,ACTIVATED
5455,AW4636,CDG - VIE,2025-06-22 14:35:00,2025-06-22 16:45:00,2024-11-25,-209,OPEN,2,189,189,X,86.0,8,760.0,445.92,0.04,8,ACTIVATED
4219,AW3556,CDG - HEL,2025-06-22 14:45:00,2025-06-22 19:05:00,2024-11-25,-209,OPEN,2,189,189,K,154.0,2,370.0,305.22,0.01,2,ACTIVATED
1128,AW3558,CDG - HEL,2025-06-22 15:00:00,2025-06-22 19:20:00,2024-11-25,-209,OPEN,2,189,189,K,154.0,0,0.0,0.0,0.0,0,ACTIVATED
6548,AW3289,TLL - CDG,2025-06-22 16:40:00,2025-06-22 19:30:00,2024-11-25,-209,OPEN,2,186,186,X,109.0,30,2740.5,2050.5,0.16,30,SCHEDULED
4772,AW7646,CDG - OSL,2025-06-22 16:45:00,2025-06-22 18:25:00,2024-11-25,-209,OPEN,2,189,189,L,97.0,4,412.0,282.44,0.02,4,ACTIVATED
1133,AW4637,VIE - CDG,2025-06-22 17:30:00,2025-06-22 19:35:00,2024-11-25,-209,OPEN,2,189,189,K,108.0,0,0.0,0.0,0.0,0,ACTIVATED
4531,AW3422,CDG - TLL,2025-06-22 19:00:00,2025-06-22 23:45:00,2024-11-25,-209,OPEN,2,186,186,X,111.0,3,333.0,134.22,0.02,3,SCHEDULED
1139,AW7647,OSL - CDG,2025-06-22 19:05:00,2025-06-22 22:35:00,2024-11-25,-210,OPEN,2,189,189,V,128.0,0,0.0,0.0,0.0,0,ACTIVATED
4220,AW3557,HEL - CDG,2025-06-22 19:50:00,2025-06-22 22:35:00,2024-11-25,-209,OPEN,2,189,189,K,144.0,2,526.0,482.1,0.01,2,ACTIVATED
1129,AW3559,HEL - CDG,2025-06-22 20:05:00,2025-06-22 22:50:00,2024-11-25,-209,OPEN,2,189,189,K,144.0,0,0.0,0.0,0.0,0,ACTIVATED
5576,AW7664,CDG - OSL,2025-06-22 20:45:00,2025-06-22 22:25:00,2024-11-25,-209,OPEN,2,189,189,K,110.0,9,1037.0,711.14,0.05,9,ACTIVATED
4222,AW7668,CDG - OSL,2025-06-22 21:15:00,2025-06-22 22:55:00,2024-11-25,-209,OPEN,2,189,189,L,97.0,2,220.0,141.48,0.01,2,ACTIVATED
5320,AW4780,CDG - VIE,2025-06-22 21:25:00,2025-06-22 23:35:00,2024-11-25,-209,OPEN,2,189,189,T,66.0,7,440.0,213.27,0.04,7,ACTIVATED
1151,AW7669,OSL - CDG,2025-06-23 05:55:00,2025-06-23 09:25:00,2024-11-25,-211,OPEN,2,189,189,T,57.0,0,0.0,0.0,0.0,0,ACTIVATED
5577,AW4781,VIE - CDG,2025-06-23 06:00:00,2025-06-23 08:05:00,2024-11-25,-210,OPEN,2,189,189,K,108.0,9,846.0,676.8,0.05,9,ACTIVATED
1150,AW7665,OSL - CDG,2025-06-23 06:30:00,2025-06-23 10:00:00,2024-11-25,-211,OPEN,2,189,189,T,57.0,0,0.0,0.0,0.0,0,ACTIVATED
5321,AW3423,TLL - CDG,2025-06-23 06:45:00,2025-06-23 09:35:00,2024-11-25,-210,OPEN,2,186,186,G,69.0,7,483.0,322.0,0.04,7,SCHEDULED
1144,AW7640,CDG - OSL,2025-06-23 07:15:00,2025-06-23 08:55:00,2024-11-25,-210,OPEN,2,189,189,L,97.0,0,0.0,0.0,0.0,0,ACTIVATED
5008,AW3284,CDG - TLL,2025-06-23 07:45:00,2025-06-23 12:30:00,2024-11-25,-210,OPEN,2,189,189,Q,170.0,5,955.0,661.15,0.03,5,SCHEDULED
4773,AW3550,CDG - HEL,2025-06-23 08:20:00,2025-06-23 12:40:00,2024-11-25,-210,OPEN,2,189,189,K,154.0,4,850.0,706.7,0.02,4,ACTIVATED
3873,AW7641,OSL - CDG,2025-06-23 09:35:00,2025-06-23 13:05:00,2024-11-25,-211,OPEN,2,189,189,X,82.0,1,82.0,59.21,0.01,1,ACTIVATED
4224,AW4632,CDG - VIE,2025-06-23 10:05:00,2025-06-23 12:15:00,2024-11-25,-210,OPEN,2,189,189,R,75.0,2,286.0,221.22,0.01,2,ACTIVATED
4223,AW3280,CDG - TLL,2025-06-23 10:10:00,2025-06-23 14:55:00,2024-11-25,-210,OPEN,2,186,186,V,150.0,2,300.0,167.48,0.01,2,SCHEDULED
1145,AW7644,CDG - OSL,2025-06-23 11:10:00,2025-06-23 12:50:00,2024-11-25,-210,OPEN,2,189,189,L,97.0,0,0.0,0.0,0.0,0,ACTIVATED
3872,AW4633,VIE - CDG,2025-06-23 13:05:00,2025-06-23 15:10:00,2024-11-25,-210,OPEN,2,189,189,K,108.0,1,94.0,75.2,0.01,1,ACTIVATED
1143,AW3285,TLL - CDG,2025-06-23 13:25:00,2025-06-23 16:15:00,2024-11-25,-210,OPEN,2,189,189,T,80.0,0,0.0,0.0,0.0,0,SCHEDULED
5177,AW3551,HEL - CDG,2025-06-23 13:25:00,2025-06-23 16:10:00,2024-11-25,-210,OPEN,2,189,189,K,144.0,6,1013.9,882.2,0.03,6,ACTIVATED
4775,AW7645,OSL - CDG,2025-06-23 13:35:00,2025-06-23 17:05:00,2024-11-25,-211,OPEN,2,189,175,X,82.0,4,328.0,237.2,0.02,4,ACTIVATED
1147,AW4634,CDG - VIE,2025-06-23 14:30:00,2025-06-23 16:40:00,2024-11-25,-210,OPEN,2,189,189,R,75.0,0,0.0,0.0,0.0,0,ACTIVATED
4774,AW3558,CDG - HEL,2025-06-23 14:55:00,2025-06-23 19:15:00,2024-11-25,-210,OPEN,2,189,189,K,154.0,4,514.78,371.48,0.02,4,ACTIVATED
4534,AW3281,TLL - CDG,2025-06-23 15:55:00,2025-06-23 18:45:00,2024-11-25,-210,OPEN,2,186,186,G,69.0,3,255.0,186.0,0.02,3,SCHEDULED
1146,AW7648,CDG - OSL,2025-06-23 16:50:00,2025-06-23 18:30:00,2024-11-25,-210,OPEN,2,189,189,L,97.0,0,0.0,0.0,0.0,0,ACTIVATED
4225,AW4635,VIE - CDG,2025-06-23 17:30:00,2025-06-23 19:35:00,2024-11-25,-210,OPEN,2,189,189,L,94.0,2,204.0,166.4,0.01,2,ACTIVATED
5967,AW3422,CDG - TLL,2025-06-23 19:00:00,2025-06-23 23:45:00,2024-11-25,-210,OPEN,2,186,186,R,100.0,14,1468.0,570.32,0.08,14,SCHEDULED
1149,AW7649,OSL - CDG,2025-06-23 19:10:00,2025-06-23 22:40:00,2024-11-25,-211,OPEN,2,189,189,X,82.0,0,0.0,0.0,0.0,0,ACTIVATED
3869,AW3559,HEL - CDG,2025-06-23 20:00:00,2025-06-23 22:45:00,2024-11-25,-210,OPEN,2,189,189,K,144.0,1,83.0,61.05,0.01,1,ACTIVATED
3870,AW7664,CDG - OSL,2025-06-23 20:45:00,2025-06-23 22:25:00,2024-11-25,-210,OPEN,2,189,189,R,75.0,1,65.0,25.74,0.01,1,ACTIVATED
3871,AW7668,CDG - OSL,2025-06-23 21:15:00,2025-06-23 22:55:00,2024-11-25,-210,OPEN,2,189,189,R,75.0,1,79.0,46.61,0.01,1,ACTIVATED
1148,AW4780,CDG - VIE,2025-06-23 21:20:00,2025-06-23 23:30:00,2024-11-25,-210,OPEN,2,189,189,G,58.0,0,0.0,0.0,0.0,0,ACTIVATED
1165,AW7669,OSL - CDG,2025-06-24 06:00:00,2025-06-24 09:30:00,2024-11-25,-212,OPEN,2,189,189,G,47.0,0,0.0,0.0,0.0,0,ACTIVATED
6221,AW4781,VIE - CDG,2025-06-24 06:00:00,2025-06-24 08:05:00,2024-11-25,-211,OPEN,2,189,189,R,70.0,19,1358.0,1000.8,0.1,19,ACTIVATED
1161,AW4670,CDG - BUD,2025-06-24 06:15:00,2025-06-24 09:20:00,2024-11-25,-211,CANCELLED,2,189,99,,,0,0.0,0.0,0.0,0,UNAVAILABLE
1164,AW7665,OSL - CDG,2025-06-24 06:30:00,2025-06-24 10:00:00,2024-11-25,-212,OPEN,2,189,189,G,47.0,0,0.0,0.0,0.0,0,ACTIVATED
1153,AW3423,TLL - CDG,2025-06-24 06:45:00,2025-06-24 09:35:00,2024-11-25,-211,OPEN,2,186,186,A,53.0,0,0.0,0.0,0.0,0,SCHEDULED
1154,AW7640,CDG - OSL,2025-06-24 07:15:00,2025-06-24 08:55:00,2024-11-25,-211,CANCELLED,2,189,136,,,0,0.0,0.0,0.0,0,UNAVAILABLE
1162,AW7641,OSL - CDG,2025-06-24 09:35:00,2025-06-24 13:05:00,2024-11-25,-212,CANCELLED,2,189,136,,,0,0.0,0.0,0.0,0,UNAVAILABLE
4228,AW3288,CDG - TLL,2025-06-24 09:50:00,2025-06-24 14:35:00,2024-11-25,-211,OPEN,2,186,186,L,122.0,2,244.0,111.48,0.01,2,SCHEDULED
1183,AW4671,BUD - CDG,2025-06-24 10:05:00,2025-06-24 15:00:00,2024-11-25,-212,CANCELLED,2,189,99,,,0,0.0,0.0,0.0,0,UNAVAILABLE
1157,AW4632,CDG - VIE,2025-06-24 10:05:00,2025-06-24 12:15:00,2024-11-25,-211,OPEN,2,189,189,R,75.0,0,0.0,0.0,0.0,0,ACTIVATED
4226,AW3558,CDG - HEL,2025-06-24 11:30:00,2025-06-24 15:50:00,2024-11-25,-211,OPEN,2,189,189,K,154.0,2,480.0,401.48,0.01,2,ACTIVATED
1155,AW7644,CDG - OSL,2025-06-24 11:50:00,2025-06-24 13:30:00,2024-11-25,-211,OPEN,2,189,189,V,125.0,0,0.0,0.0,0.0,0,ACTIVATED
1158,AW4633,VIE - CDG,2025-06-24 13:05:00,2025-06-24 15:10:00,2024-11-25,-211,OPEN,2,189,189,R,70.0,0,0.0,0.0,0.0,0,ACTIVATED
1163,AW7645,OSL - CDG,2025-06-24 14:15:00,2025-06-24 17:45:00,2024-11-25,-212,OPEN,2,189,189,T,57.0,0,0.0,0.0,0.0,0,ACTIVATED
4535,AW3286,CDG - TLL,2025-06-24 14:20:00,2025-06-24 19:05:00,2024-11-25,-211,OPEN,2,186,186,L,122.0,3,366.0,167.22,0.02,3,SCHEDULED
6917,AW4636,CDG - VIE,2025-06-24 15:00:00,2025-06-24 17:10:00,2024-11-25,-211,OPEN,2,189,189,X,86.0,49,4680.97,3093.86,0.26,49,ACTIVATED
4229,AW3289,TLL - CDG,2025-06-24 15:35:00,2025-06-24 18:25:00,2024-11-25,-211,OPEN,2,186,186,G,69.0,2,138.0,92.0,0.01,2,SCHEDULED
4227,AW3559,HEL - CDG,2025-06-24 16:35:00,2025-06-24 19:20:00,2024-11-25,-211,OPEN,2,189,189,R,103.0,2,258.0,214.1,0.01,2,ACTIVATED
4230,AW7648,CDG - OSL,2025-06-24 16:45:00,2025-06-24 18:25:00,2024-11-25,-211,OPEN,2,189,189,X,86.0,2,194.0,115.48,0.01,2,ACTIVATED
1159,AW4637,VIE - CDG,2025-06-24 18:00:00,2025-06-24 20:05:00,2024-11-25,-211,OPEN,2,189,189,T,60.0,0,0.0,0.0,0.0,0,ACTIVATED
4536,AW3422,CDG - TLL,2025-06-24 19:00:00,2025-06-24 23:45:00,2024-11-25,-211,OPEN,2,186,186,X,111.0,3,333.0,134.22,0.02,3,SCHEDULED
6255,AW7649,OSL - CDG,2025-06-24 19:05:00,2025-06-24 22:35:00,2024-11-25,-212,OPEN,2,189,189,R,69.0,20,1343.6,887.8,0.11,20,ACTIVATED
1152,AW3287,TLL - CDG,2025-06-24 20:00:00,2025-06-24 22:50:00,2024-11-25,-211,OPEN,2,186,186,G,69.0,0,0.0,0.0,0.0,0,SCHEDULED
3874,AW7664,CDG - OSL,2025-06-24 20:45:00,2025-06-24 22:25:00,2024-11-25,-211,OPEN,2,189,189,X,86.0,1,79.0,46.61,0.01,1,ACTIVATED
1156,AW7668,CDG - OSL,2025-06-24 21:15:00,2025-06-24 22:55:00,2024-11-25,-211,OPEN,2,189,189,R,75.0,0,0.0,0.0,0.0,0,ACTIVATED
1160,AW4780,CDG - VIE,2025-06-24 21:20:00,2025-06-24 23:30:00,2024-11-25,-211,OPEN,2,189,189,T,66.0,0,0.0,0.0,0.0,0,ACTIVATED
1188,AW7665,OSL - CDG,2025-06-25 06:00:00,2025-06-25 09:30:00,2024-11-25,-213,OPEN,2,189,189,G,47.0,0,0.0,0.0,0.0,0,ACTIVATED
4537,AW4781,VIE - CDG,2025-06-25 06:15:00,2025-06-25 08:20:00,2024-11-25,-212,OPEN,2,189,189,R,70.0,3,180.0,123.6,0.02,3,ACTIVATED
1189,AW7669,OSL - CDG,2025-06-25 06:30:00,2025-06-25 10:00:00,2024-11-25,-213,OPEN,2,189,189,G,47.0,0,0.0,0.0,0.0,0,ACTIVATED
1172,AW3423,TLL - CDG,2025-06-25 06:45:00,2025-06-25 09:35:00,2024-11-25,-212,OPEN,2,186,186,N,61.0,0,0.0,0.0,0.0,0,SCHEDULED
1173,AW7640,CDG - OSL,2025-06-25 07:15:00,2025-06-25 08:55:00,2024-11-25,-212,OPEN,2,186,186,L,97.0,0,0.0,0.0,0.0,0,ACTIVATED
5322,AW3550,CDG - HEL,2025-06-25 08:30:00,2025-06-25 12:50:00,2024-11-25,-212,OPEN,2,189,189,K,154.0,7,1429.0,1154.18,0.04,7,ACTIVATED
1186,AW7641,OSL - CDG,2025-06-25 09:35:00,2025-06-25 13:05:00,2024-11-25,-213,OPEN,2,186,186,T,57.0,0,0.0,0.0,0.0,0,ACTIVATED
1184,AW3284,CDG - TLL,2025-06-25 10:05:00,2025-06-25 14:50:00,2024-11-25,-212,CANCELLED,2,189,189,,,0,0.0,0.0,0.0,0,UNAVAILABLE
1178,AW4632,CDG - VIE,2025-06-25 10:15:00,2025-06-25 12:25:00,2024-11-25,-212,OPEN,2,189,189,R,75.0,0,0.0,0.0,0.0,0,ACTIVATED
1169,AW3288,CDG - TLL,2025-06-25 10:55:00,2025-06-25 15:40:00,2024-11-25,-212,OPEN,2,186,186,L,122.0,0,0.0,0.0,0.0,0,SCHEDULED
1174,AW7644,CDG - OSL,2025-06-25 11:50:00,2025-06-25 13:30:00,2024-11-25,-212,OPEN,2,189,189,L,97.0,0,0.0,0.0,0.0,0,ACTIVATED
1179,AW4633,VIE - CDG,2025-06-25 13:15:00,2025-06-25 15:20:00,2024-11-25,-212,OPEN,2,189,189,T,60.0,0,0.0,0.0,0.0,0,ACTIVATED
5178,AW3551,HEL - CDG,2025-06-25 13:35:00,2025-06-25 16:20:00,2024-11-25,-212,OPEN,2,189,164,K,144.0,6,1068.0,936.3,0.04,6,ACTIVATED
4538,AW7645,OSL - CDG,2025-06-25 14:10:00,2025-06-25 17:40:00,2024-11-25,-213,OPEN,2,189,189,T,57.0,3,171.0,103.17,0.02,3,ACTIVATED
1166,AW3558,CDG - HEL,2025-06-25 14:20:00,2025-06-25 18:40:00,2024-11-25,-212,OPEN,2,189,189,K,154.0,0,0.0,0.0,0.0,0,ACTIVATED
1167,AW3286,CDG - TLL,2025-06-25 14:20:00,2025-06-25 19:05:00,2024-11-25,-212,OPEN,2,186,186,L,122.0,0,0.0,0.0,0.0,0,SCHEDULED
1180,AW4636,CDG - VIE,2025-06-25 14:40:00,2025-06-25 16:50:00,2024-11-25,-212,OPEN,2,189,189,R,75.0,0,0.0,0.0,0.0,0,ACTIVATED
1185,AW3285,TLL - CDG,2025-06-25 15:45:00,2025-06-25 18:35:00,2024-11-25,-212,CANCELLED,2,189,189,,,0,0.0,0.0,0.0,0,UNAVAILABLE
1170,AW3289,TLL - CDG,2025-06-25 16:40:00,2025-06-25 19:30:00,2024-11-25,-212,OPEN,2,186,186,G,69.0,0,0.0,0.0,0.0,0,SCHEDULED
1175,AW7646,CDG - OSL,2025-06-25 16:45:00,2025-06-25 18:25:00,2024-11-25,-212,OPEN,2,189,189,X,86.0,0,0.0,0.0,0.0,0,ACTIVATED
1181,AW4637,VIE - CDG,2025-06-25 17:40:00,2025-06-25 19:45:00,2024-11-25,-212,OPEN,2,189,189,R,70.0,0,0.0,0.0,0.0,0,ACTIVATED
1171,AW3422,CDG - TLL,2025-06-25 19:00:00,2025-06-25 23:45:00,2024-11-25,-212,OPEN,2,186,186,L,122.0,0,0.0,0.0,0.0,0,SCHEDULED
1187,AW7647,OSL - CDG,2025-06-25 19:10:00,2025-06-25 22:40:00,2024-11-25,-213,OPEN,2,189,189,T,57.0,0,0.0,0.0,0.0,0,ACTIVATED
4231,AW3559,HEL - CDG,2025-06-25 19:25:00,2025-06-25 22:10:00,2024-11-25,-212,OPEN,2,189,189,K,144.0,2,109.9,66.0,0.01,2,ACTIVATED
1168,AW3287,TLL - CDG,2025-06-25 20:00:00,2025-06-25 22:50:00,2024-11-25,-212,OPEN,2,186,186,G,69.0,0,0.0,0.0,0.0,0,SCHEDULED
1176,AW7664,CDG - OSL,2025-06-25 20:45:00,2025-06-25 22:25:00,2024-11-25,-212,OPEN,2,189,189,X,86.0,0,0.0,0.0,0.0,0,ACTIVATED
1177,AW7668,CDG - OSL,2025-06-25 21:15:00,2025-06-25 22:55:00,2024-11-25,-212,OPEN,2,189,189,X,86.0,0,0.0,0.0,0.0,0,ACTIVATED
1182,AW4780,CDG - VIE,2025-06-25 21:20:00,2025-06-25 23:30:00,2024-11-25,-212,OPEN,2,189,189,R,75.0,0,0.0,0.0,0.0,0,ACTIVATED
1199,AW7665,OSL - CDG,2025-06-26 06:00:00,2025-06-26 09:30:00,2024-11-25,-214,OPEN,2,189,189,T,57.0,0,0.0,0.0,0.0,0,ACTIVATED
4540,AW4781,VIE - CDG,2025-06-26 06:00:00,2025-06-26 08:05:00,2024-11-25,-213,OPEN,2,189,189,G,52.0,3,156.0,99.6,0.02,3,ACTIVATED
1200,AW7669,OSL - CDG,2025-06-26 06:30:00,2025-06-26 10:00:00,2024-11-25,-214,OPEN,2,189,189,T,57.0,0,0.0,0.0,0.0,0,ACTIVATED
1191,AW3423,TLL - CDG,2025-06-26 06:45:00,2025-06-26 09:35:00,2024-11-25,-213,OPEN,2,186,186,N,61.0,0,0.0,0.0,0.0,0,SCHEDULED
1192,AW7640,CDG - OSL,2025-06-26 07:15:00,2025-06-26 08:55:00,2024-11-25,-213,CANCELLED,2,186,186,,,0,0.0,0.0,0.0,0,UNAVAILABLE
5767,AW3550,CDG - HEL,2025-06-26 08:10:00,2025-06-26 12:30:00,2024-11-25,-213,OPEN,2,189,189,K,154.0,11,1960.0,1528.14,0.06,11,ACTIVATED
1196,AW7641,OSL - CDG,2025-06-26 09:35:00,2025-06-26 13:05:00,2024-11-25,-214,CANCELLED,2,186,186,,,0,0.0,0.0,0.0,0,UNAVAILABLE
1195,AW4632,CDG - VIE,2025-06-26 09:45:00,2025-06-26 11:55:00,2024-11-25,-213,OPEN,2,189,189,R,75.0,0,0.0,0.0,0.0,0,ACTIVATED
5578,AW4670,CDG - BUD,2025-06-26 10:05:00,2025-06-26 13:10:00,2024-11-25,-213,OPEN,2,189,99,L,102.0,9,1107.0,781.14,0.09,9,SCHEDULED
4539,AW3288,CDG - TLL,2025-06-26 11:25:00,2025-06-26 16:10:00,2024-11-25,-213,OPEN,2,186,186,H,192.0,3,699.0,522.69,0.02,3,SCHEDULED
4232,AW7644,CDG - OSL,2025-06-26 11:50:00,2025-06-26 13:30:00,2024-11-25,-213,OPEN,2,189,189,L,97.0,2,236.0,171.22,0.01,2,ACTIVATED
5010,AW4633,VIE - CDG,2025-06-26 12:45:00,2025-06-26 14:50:00,2024-11-25,-213,OPEN,2,189,189,T,60.0,5,408.0,314.0,0.03,5,ACTIVATED
5840,AW3551,HEL - CDG,2025-06-26 13:15:00,2025-06-26 16:00:00,2024-11-25,-213,OPEN,2,189,189,K,144.0,12,2232.0,1968.6,0.06,12,ACTIVATED
5011,AW4671,BUD - CDG,2025-06-26 13:55:00,2025-06-26 18:50:00,2024-11-25,-214,OPEN,2,189,99,X,85.0,5,279.1,230.0,0.05,5,DEACTIVATED
1197,AW7645,OSL - CDG,2025-06-26 14:15:00,2025-06-26 17:45:00,2024-11-25,-214,OPEN,2,189,189,T,57.0,0,0.0,0.0,0.0,0,ACTIVATED
5579,AW4636,CDG - VIE,2025-06-26 14:30:00,2025-06-26 16:40:00,2024-11-25,-213,OPEN,2,189,189,R,75.0,9,594.0,302.49,0.05,9,ACTIVATED
5009,AW3556,CDG - HEL,2025-06-26 15:00:00,2025-06-26 19:20:00,2024-11-25,-213,OPEN,2,189,189,K,154.0,5,946.0,763.44,0.03,5,ACTIVATED
1193,AW7646,CDG - OSL,2025-06-26 15:20:00,2025-06-26 17:00:00,2024-11-25,-213,OPEN,2,189,189,L,97.0,0,0.0,0.0,0.0,0,ACTIVATED
5179,AW3289,TLL - CDG,2025-06-26 17:10:00,2025-06-26 20:00:00,2024-11-25,-213,OPEN,2,186,186,G,69.0,6,330.0,192.0,0.03,6,SCHEDULED
4233,AW4637,VIE - CDG,2025-06-26 17:30:00,2025-06-26 19:35:00,2024-11-25,-213,OPEN,2,189,189,R,70.0,2,90.0,52.4,0.01,2,ACTIVATED
1198,AW7647,OSL - CDG,2025-06-26 17:40:00,2025-06-26 21:10:00,2024-11-25,-214,OPEN,2,189,189,T,57.0,0,0.0,0.0,0.0,0,ACTIVATED
6022,AW3422,CDG - TLL,2025-06-26 19:00:00,2025-06-26 23:45:00,2024-11-25,-213,OPEN,2,186,186,X,111.0,15,1699.0,787.49,0.08,15,SCHEDULED
1190,AW3557,HEL - CDG,2025-06-26 20:05:00,2025-06-26 22:50:00,2024-11-25,-213,OPEN,2,189,189,K,144.0,0,0.0,0.0,0.0,0,ACTIVATED
1194,AW7664,CDG - OSL,2025-06-26 20:45:00,2025-06-26 22:25:00,2024-11-25,-213,OPEN,2,189,189,X,86.0,0,0.0,0.0,0.0,0,ACTIVATED
3875,AW4780,CDG - VIE,2025-06-26 21:15:00,2025-06-26 23:25:00,2024-11-25,-213,OPEN,2,189,189,R,75.0,1,97.0,57.74,0.01,1,ACTIVATED
4776,AW7668,CDG - OSL,2025-06-26 21:15:00,2025-06-26 22:55:00,2024-11-25,-213,OPEN,2,189,189,L,97.0,4,556.0,398.96,0.02,4,ACTIVATED
1212,AW7665,OSL - CDG,2025-06-27 06:00:00,2025-06-27 09:30:00,2024-11-25,-215,OPEN,2,189,189,G,47.0,0,0.0,0.0,0.0,0,ACTIVATED
1213,AW7669,OSL - CDG,2025-06-27 06:30:00,2025-06-27 10:00:00,2024-11-25,-215,OPEN,2,189,189,G,47.0,0,0.0,0.0,0.0,0,ACTIVATED
4777,AW3423,TLL - CDG,2025-06-27 06:35:00,2025-06-27 09:25:00,2024-11-25,-214,OPEN,2,186,186,G,69.0,4,192.0,100.0,0.02,4,SCHEDULED
4779,AW4781,VIE - CDG,2025-06-27 06:55:00,2025-06-27 09:00:00,2024-11-25,-214,OPEN,2,189,189,R,70.0,4,208.0,132.8,0.02,4,ACTIVATED
1205,AW7640,CDG - OSL,2025-06-27 07:20:00,2025-06-27 09:00:00,2024-11-25,-214,OPEN,2,186,186,V,125.0,0,0.0,0.0,0.0,0,ACTIVATED
1201,AW3550,CDG - HEL,2025-06-27 07:30:00,2025-06-27 11:50:00,2024-11-25,-214,OPEN,2,189,169,Q,192.0,0,0.0,0.0,0.0,0,ACTIVATED
1202,AW3280,CDG - TLL,2025-06-27 09:05:00,2025-06-27 13:50:00,2024-11-25,-214,OPEN,2,186,186,V,150.0,0,0.0,0.0,0.0,0,SCHEDULED
1209,AW7641,OSL - CDG,2025-06-27 09:40:00,2025-06-27 13:10:00,2024-11-25,-215,OPEN,2,186,186,T,57.0,0,0.0,0.0,0.0,0,ACTIVATED
5323,AW4632,CDG - VIE,2025-06-27 10:05:00,2025-06-27 12:15:00,2024-11-25,-214,OPEN,2,189,189,X,86.0,7,555.0,287.05,0.04,7,ACTIVATED
1206,AW7644,CDG - OSL,2025-06-27 11:10:00,2025-06-27 12:50:00,2024-11-25,-214,OPEN,2,189,189,V,125.0,0,0.0,0.0,0.0,0,ACTIVATED
5180,AW3551,HEL - CDG,2025-06-27 12:35:00,2025-06-27 15:20:00,2024-11-25,-214,OPEN,2,189,169,Q,178.0,6,1083.9,952.2,0.04,6,ACTIVATED
4237,AW4633,VIE - CDG,2025-06-27 13:05:00,2025-06-27 15:10:00,2024-11-25,-214,OPEN,2,189,189,R,70.0,2,258.0,220.4,0.01,2,ACTIVATED
1204,AW3284,CDG - TLL,2025-06-27 13:25:00,2025-06-27 18:10:00,2024-11-25,-214,OPEN,2,189,189,V,150.0,0,0.0,0.0,0.0,0,SCHEDULED
1210,AW7645,OSL - CDG,2025-06-27 13:35:00,2025-06-27 17:05:00,2024-11-25,-215,OPEN,2,189,189,T,57.0,0,0.0,0.0,0.0,0,ACTIVATED
1203,AW3281,TLL - CDG,2025-06-27 14:50:00,2025-06-27 17:40:00,2024-11-25,-214,OPEN,2,186,186,G,69.0,0,0.0,0.0,0.0,0,SCHEDULED
4234,AW3558,CDG - HEL,2025-06-27 14:55:00,2025-06-27 19:15:00,2024-11-25,-214,OPEN,2,189,189,K,154.0,2,480.0,415.22,0.01,2,ACTIVATED
4778,AW4636,CDG - VIE,2025-06-27 14:55:00,2025-06-27 17:05:00,2024-11-25,-214,OPEN,2,189,189,R,75.0,4,176.0,46.44,0.02,4,ACTIVATED
4236,AW7648,CDG - OSL,2025-06-27 16:25:00,2025-06-27 18:05:00,2024-11-25,-214,OPEN,2,189,189,K,110.0,2,268.0,203.22,0.01,2,ACTIVATED
5457,AW4637,VIE - CDG,2025-06-27 17:55:00,2025-06-27 20:00:00,2024-11-25,-214,OPEN,2,189,189,X,82.0,8,648.0,497.6,0.04,8,ACTIVATED
1211,AW7649,OSL - CDG,2025-06-27 18:45:00,2025-06-27 22:15:00,2024-11-25,-215,OPEN,2,189,189,T,57.0,0,0.0,0.0,0.0,0,ACTIVATED
5456,AW3422,CDG - TLL,2025-06-27 19:00:00,2025-06-27 23:45:00,2024-11-25,-214,OPEN,2,186,186,K,135.0,8,920.0,449.84,0.04,8,SCHEDULED
4235,AW3285,TLL - CDG,2025-06-27 19:05:00,2025-06-27 21:55:00,2024-11-25,-214,OPEN,2,189,189,T,80.0,2,160.0,114.0,0.01,2,SCHEDULED
5181,AW3559,HEL - CDG,2025-06-27 20:00:00,2025-06-27 22:45:00,2024-11-25,-214,OPEN,2,189,189,K,144.0,6,1164.0,1032.3,0.03,6,ACTIVATED
1207,AW7664,CDG - OSL,2025-06-27 20:45:00,2025-06-27 22:25:00,2024-11-25,-214,OPEN,2,189,189,K,110.0,0,0.0,0.0,0.0,0,ACTIVATED
6023,AW4780,CDG - VIE,2025-06-27 21:10:00,2025-06-27 23:20:00,2024-11-25,-214,OPEN,2,189,189,X,86.0,15,1593.0,1059.06,0.08,15,ACTIVATED
1208,AW7668,CDG - OSL,2025-06-27 21:15:00,2025-06-27 22:55:00,2024-11-25,-214,OPEN,2,189,189,K,110.0,0,0.0,0.0,0.0,0,ACTIVATED
4541,AW7665,OSL - CDG,2025-06-28 05:55:00,2025-06-28 09:25:00,2024-11-25,-216,OPEN,2,189,189,T,57.0,3,171.0,102.63,0.02,3,ACTIVATED
1223,AW4781,VIE - CDG,2025-06-28 06:00:00,2025-06-28 08:05:00,2024-11-25,-215,OPEN,2,189,189,R,70.0,0,0.0,0.0,0.0,0,ACTIVATED
6135,AW4670,CDG - BUD,2025-06-28 06:15:00,2025-06-28 09:20:00,2024-11-25,-215,OPEN,2,186,116,Q,152.0,17,1872.0,1300.76,0.15,17,SCHEDULED
3878,AW7669,OSL - CDG,2025-06-28 06:25:00,2025-06-28 09:55:00,2024-11-25,-216,OPEN,2,189,189,T,57.0,1,57.0,34.21,0.01,1,ACTIVATED
5580,AW3423,TLL - CDG,2025-06-28 06:45:00,2025-06-28 09:35:00,2024-11-25,-215,OPEN,2,186,186,T,80.0,9,516.0,309.0,0.05,9,SCHEDULED
5012,AW3550,CDG - HEL,2025-06-28 08:35:00,2025-06-28 12:55:00,2024-11-25,-215,OPEN,2,189,189,K,154.0,5,960.0,763.7,0.03,5,ACTIVATED
1224,AW3280,CDG - TLL,2025-06-28 09:00:00,2025-06-28 13:45:00,2024-11-25,-215,CANCELLED,2,189,189,,,0,0.0,0.0,0.0,0,UNAVAILABLE
6957,AW4671,BUD - CDG,2025-06-28 10:05:00,2025-06-28 15:00:00,2024-11-25,-216,OPEN,2,186,116,V,132.0,51,6754.95,6254.13,0.44,51,DEACTIVATED
5182,AW4636,CDG - VIE,2025-06-28 10:10:00,2025-06-28 12:20:00,2024-11-25,-215,OPEN,2,189,189,X,86.0,6,390.0,195.66,0.03,6,ACTIVATED
1214,AW3288,CDG - TLL,2025-06-28 10:15:00,2025-06-28 15:00:00,2024-11-25,-215,OPEN,2,186,186,H,192.0,0,0.0,0.0,0.0,0,SCHEDULED
1215,AW7644,CDG - OSL,2025-06-28 10:20:00,2025-06-28 12:00:00,2024-11-25,-215,OPEN,2,189,179,K,110.0,0,0.0,0.0,0.0,0,ACTIVATED
1226,AW7645,OSL - CDG,2025-06-28 12:40:00,2025-06-28 16:10:00,2024-11-25,-216,OPEN,2,189,179,L,96.0,0,0.0,0.0,0.0,0,ACTIVATED
3877,AW4637,VIE - CDG,2025-06-28 13:10:00,2025-06-28 15:15:00,2024-11-25,-215,OPEN,2,189,189,X,82.0,1,52.0,33.2,0.01,1,ACTIVATED
1220,AW4634,CDG - VIE,2025-06-28 13:35:00,2025-06-28 15:45:00,2024-11-25,-215,OPEN,2,189,189,X,86.0,0,0.0,0.0,0.0,0,ACTIVATED
6256,AW3551,HEL - CDG,2025-06-28 13:40:00,2025-06-28 16:25:00,2024-11-25,-215,OPEN,2,189,189,M,217.0,20,3996.0,3557.0,0.11,20,ACTIVATED
1225,AW3281,TLL - CDG,2025-06-28 14:40:00,2025-06-28 17:30:00,2024-11-25,-215,CANCELLED,2,189,189,,,0,0.0,0.0,0.0,0,UNAVAILABLE
1217,AW7658,CDG - OSL,2025-06-28 15:20:00,2025-06-28 17:00:00,2024-11-25,-215,OPEN,2,189,189,K,110.0,0,0.0,0.0,0.0,0,ACTIVATED
3876,AW3289,TLL - CDG,2025-06-28 16:00:00,2025-06-28 18:50:00,2024-11-25,-215,OPEN,2,186,186,G,69.0,1,117.0,94.0,0.01,1,SCHEDULED
1221,AW4635,VIE - CDG,2025-06-28 16:40:00,2025-06-28 18:45:00,2024-11-25,-215,OPEN,2,189,189,R,70.0,0,0.0,0.0,0.0,0,ACTIVATED
1216,AW7646,CDG - OSL,2025-06-28 16:45:00,2025-06-28 18:25:00,2024-11-25,-215,CANCELLED,2,186,186,,,0,0.0,0.0,0.0,0,UNAVAILABLE
1228,AW7659,OSL - CDG,2025-06-28 17:40:00,2025-06-28 21:10:00,2024-11-25,-216,OPEN,2,189,189,X,82.0,0,0.0,0.0,0.0,0,ACTIVATED
4238,AW3422,CDG - TLL,2025-06-28 19:00:00,2025-06-28 23:45:00,2024-11-25,-215,OPEN,2,186,186,Q,170.0,2,370.0,252.46,0.01,2,SCHEDULED
1227,AW7647,OSL - CDG,2025-06-28 19:05:00,2025-06-28 22:35:00,2024-11-25,-216,CANCELLED,2,186,186,,,0,0.0,0.0,0.0,0,UNAVAILABLE
1218,AW7664,CDG - OSL,2025-06-28 20:45:00,2025-06-28 22:25:00,2024-11-25,-215,OPEN,2,189,189,X,86.0,0,0.0,0.0,0.0,0,ACTIVATED
1222,AW4780,CDG - VIE,2025-06-28 21:15:00,2025-06-28 23:25:00,2024-11-25,-215,OPEN,2,189,189,X,86.0,0,0.0,0.0,0.0,0,ACTIVATED
1219,AW7668,CDG - OSL,2025-06-28 21:15:00,2025-06-28 22:55:00,2024-11-25,-215,OPEN,2,189,189,X,86.0,0,0.0,0.0,0.0,0,ACTIVATED
4782,AW4781,VIE - CDG,2025-06-29 06:00:00,2025-06-29 08:05:00,2024-11-25,-216,OPEN,2,189,189,R,70.0,4,208.0,132.8,0.02,4,ACTIVATED
1246,AW7669,OSL - CDG,2025-06-29 06:00:00,2025-06-29 09:30:00,2024-11-25,-217,OPEN,2,189,189,X,82.0,0,0.0,0.0,0.0,0,ACTIVATED
1245,AW7665,OSL - CDG,2025-06-29 06:30:00,2025-06-29 10:00:00,2024-11-25,-217,OPEN,2,189,189,X,82.0,0,0.0,0.0,0.0,0,ACTIVATED
1234,AW3423,TLL - CDG,2025-06-29 07:00:00,2025-06-29 09:50:00,2024-11-25,-216,OPEN,2,186,186,R,93.0,0,0.0,0.0,0.0,0,SCHEDULED
1236,AW7640,CDG - OSL,2025-06-29 07:20:00,2025-06-29 09:00:00,2024-11-25,-216,OPEN,2,189,189,X,114.0,0,0.0,0.0,0.0,0,ACTIVATED
1229,AW3280,CDG - TLL,2025-06-29 08:05:00,2025-06-29 12:50:00,2024-11-25,-216,OPEN,2,189,189,X,203.0,0,0.0,0.0,0.0,0,SCHEDULED
1243,AW7641,OSL - CDG,2025-06-29 09:40:00,2025-06-29 13:10:00,2024-11-25,-217,OPEN,2,189,189,H,165.0,0,0.0,0.0,0.0,0,ACTIVATED
3880,AW7658,CDG - OSL,2025-06-29 10:20:00,2025-06-29 12:00:00,2024-11-25,-216,OPEN,2,189,189,R,98.0,1,114.0,74.74,0.01,1,ACTIVATED
1231,AW3288,CDG - TLL,2025-06-29 10:55:00,2025-06-29 15:40:00,2024-11-25,-216,OPEN,2,186,186,L,227.0,0,0.0,0.0,0.0,0,SCHEDULED
1241,AW4638,CDG - VIE,2025-06-29 10:55:00,2025-06-29 13:05:00,2024-11-25,-216,OPEN,2,189,189,R,75.0,0,0.0,0.0,0.0,0,ACTIVATED
4542,AW7659,OSL - CDG,2025-06-29 12:40:00,2025-06-29 16:10:00,2024-11-25,-217,OPEN,2,189,189,V,128.0,3,311.79,243.78,0.02,3,ACTIVATED
1230,AW3281,TLL - CDG,2025-06-29 13:45:00,2025-06-29 16:35:00,2024-11-25,-216,OPEN,2,189,189,R,93.0,0,0.0,0.0,0.0,0,SCHEDULED
5183,AW4639,VIE - CDG,2025-06-29 13:55:00,2025-06-29 16:00:00,2024-11-25,-216,OPEN,2,189,189,R,70.0,6,250.0,137.2,0.03,6,ACTIVATED
1240,AW4636,CDG - VIE,2025-06-29 14:35:00,2025-06-29 16:45:00,2024-11-25,-216,OPEN,2,189,189,X,86.0,0,0.0,0.0,0.0,0,ACTIVATED
4783,AW3556,CDG - HEL,2025-06-29 14:45:00,2025-06-29 19:05:00,2024-11-25,-216,OPEN,2,189,189,L,150.0,4,580.0,450.44,0.02,4,ACTIVATED
1235,AW3558,CDG - HEL,2025-06-29 15:00:00,2025-06-29 19:20:00,2024-11-25,-216,OPEN,2,189,189,L,150.0,0,0.0,0.0,0.0,0,ACTIVATED
1232,AW3289,TLL - CDG,2025-06-29 16:40:00,2025-06-29 19:30:00,2024-11-25,-216,OPEN,2,186,186,R,93.0,0,0.0,0.0,0.0,0,SCHEDULED
1237,AW7646,CDG - OSL,2025-06-29 16:45:00,2025-06-29 18:25:00,2024-11-25,-216,OPEN,2,189,189,R,98.0,0,0.0,0.0,0.0,0,ACTIVATED
4781,AW4637,VIE - CDG,2025-06-29 17:30:00,2025-06-29 19:35:00,2024-11-25,-216,OPEN,2,189,189,R,70.0,4,208.0,132.8,0.02,4,ACTIVATED
1233,AW3422,CDG - TLL,2025-06-29 19:00:00,2025-06-29 23:45:00,2024-11-25,-216,OPEN,2,186,186,X,203.0,0,0.0,0.0,0.0,0,SCHEDULED
1244,AW7647,OSL - CDG,2025-06-29 19:05:00,2025-06-29 22:35:00,2024-11-25,-217,OPEN,2,189,189,K,111.0,0,0.0,0.0,0.0,0,ACTIVATED
4780,AW3557,HEL - CDG,2025-06-29 19:50:00,2025-06-29 22:35:00,2024-11-25,-216,OPEN,2,189,189,M,217.0,4,1240.0,1152.2,0.02,4,ACTIVATED
3879,AW3559,HEL - CDG,2025-06-29 20:05:00,2025-06-29 22:50:00,2024-11-25,-216,OPEN,2,189,189,M,217.0,1,217.0,195.05,0.01,1,ACTIVATED
1238,AW7664,CDG - OSL,2025-06-29 20:45:00,2025-06-29 22:25:00,2024-11-25,-216,OPEN,2,189,189,T,84.0,0,0.0,0.0,0.0,0,ACTIVATED
1239,AW7668,CDG - OSL,2025-06-29 21:15:00,2025-06-29 22:55:00,2024-11-25,-216,OPEN,2,189,189,T,84.0,0,0.0,0.0,0.0,0,ACTIVATED
1242,AW4780,CDG - VIE,2025-06-29 21:25:00,2025-06-29 23:35:00,2024-11-25,-216,OPEN,2,189,189,K,110.0,0,0.0,0.0,0.0,0,ACTIVATED
1268,AW7669,OSL - CDG,2025-06-30 05:55:00,2025-06-30 09:25:00,2024-11-25,-218,OPEN,2,189,189,L,62.0,0,0.0,0.0,0.0,0,ACTIVATED
5186,AW4781,VIE - CDG,2025-06-30 06:00:00,2025-06-30 08:05:00,2024-11-25,-217,OPEN,2,189,189,T,60.0,6,390.0,277.2,0.03,6,ACTIVATED
1267,AW7665,OSL - CDG,2025-06-30 06:30:00,2025-06-30 10:00:00,2024-11-25,-218,OPEN,2,189,189,L,62.0,0,0.0,0.0,0.0,0,ACTIVATED
1250,AW3423,TLL - CDG,2025-06-30 06:45:00,2025-06-30 09:35:00,2024-11-25,-217,OPEN,2,186,186,R,65.0,0,0.0,0.0,0.0,0,SCHEDULED
1251,AW7640,CDG - OSL,2025-06-30 07:15:00,2025-06-30 08:55:00,2024-11-25,-217,OPEN,2,189,189,L,131.0,0,0.0,0.0,0.0,0,ACTIVATED
1248,AW3284,CDG - TLL,2025-06-30 07:45:00,2025-06-30 12:30:00,2024-11-25,-217,OPEN,2,189,189,T,164.0,0,0.0,0.0,0.0,0,SCHEDULED
5013,AW3550,CDG - HEL,2025-06-30 08:20:00,2025-06-30 12:40:00,2024-11-25,-217,OPEN,2,189,189,L,150.0,5,945.0,762.44,0.03,5,ACTIVATED
4243,AW7641,OSL - CDG,2025-06-30 09:35:00,2025-06-30 13:05:00,2024-11-25,-218,OPEN,2,189,189,K,71.0,2,196.0,150.78,0.01,2,ACTIVATED
1255,AW4632,CDG - VIE,2025-06-30 10:05:00,2025-06-30 12:15:00,2024-11-25,-217,OPEN,2,189,189,T,66.0,0,0.0,0.0,0.0,0,ACTIVATED
4784,AW3280,CDG - TLL,2025-06-30 10:10:00,2025-06-30 14:55:00,2024-11-25,-217,OPEN,2,186,186,R,182.0,4,728.0,492.92,0.02,4,SCHEDULED
3881,AW7644,CDG - OSL,2025-06-30 11:10:00,2025-06-30 12:50:00,2024-11-25,-217,OPEN,2,189,189,L,131.0,1,208.0,175.61,0.01,1,ACTIVATED
3882,AW4633,VIE - CDG,2025-06-30 13:05:00,2025-06-30 15:10:00,2024-11-25,-217,OPEN,2,189,189,T,60.0,1,136.0,117.2,0.01,1,ACTIVATED
5185,AW3551,HEL - CDG,2025-06-30 13:25:00,2025-06-30 16:10:00,2024-11-25,-217,OPEN,2,189,189,K,119.0,6,1572.0,1440.3,0.03,6,ACTIVATED
1249,AW3285,TLL - CDG,2025-06-30 13:25:00,2025-06-30 16:15:00,2024-11-25,-217,OPEN,2,189,189,R,65.0,0,0.0,0.0,0.0,0,SCHEDULED
1266,AW7645,OSL - CDG,2025-06-30 13:35:00,2025-06-30 17:05:00,2024-11-25,-218,OPEN,2,189,171,K,71.0,0,0.0,0.0,0.0,0,ACTIVATED
1256,AW4634,CDG - VIE,2025-06-30 14:30:00,2025-06-30 16:40:00,2024-11-25,-217,CANCELLED,2,189,189,,,0,0.0,0.0,0.0,0,UNAVAILABLE
4239,AW3558,CDG - HEL,2025-06-30 14:55:00,2025-06-30 19:15:00,2024-11-25,-217,OPEN,2,189,189,X,136.0,2,332.0,253.48,0.01,2,ACTIVATED
1247,AW3281,TLL - CDG,2025-06-30 15:55:00,2025-06-30 18:45:00,2024-11-25,-217,OPEN,2,186,186,R,65.0,0,0.0,0.0,0.0,0,SCHEDULED
1252,AW7648,CDG - OSL,2025-06-30 16:50:00,2025-06-30 18:30:00,2024-11-25,-217,OPEN,2,189,189,X,114.0,0,0.0,0.0,0.0,0,ACTIVATED
1257,AW4635,VIE - CDG,2025-06-30 17:30:00,2025-06-30 19:35:00,2024-11-25,-217,CANCELLED,2,189,189,,,0,0.0,0.0,0.0,0,UNAVAILABLE
5184,AW3422,CDG - TLL,2025-06-30 19:00:00,2025-06-30 23:45:00,2024-11-25,-217,OPEN,2,186,186,X,203.0,6,666.0,268.44,0.03,6,SCHEDULED
4786,AW7649,OSL - CDG,2025-06-30 19:10:00,2025-06-30 22:40:00,2024-11-25,-218,OPEN,2,189,189,Q,93.0,4,452.0,361.56,0.02,4,ACTIVATED
4240,AW3559,HEL - CDG,2025-06-30 20:00:00,2025-06-30 22:45:00,2024-11-25,-217,OPEN,2,189,189,X,93.0,2,238.0,194.1,0.01,2,ACTIVATED
1253,AW7664,CDG - OSL,2025-06-30 20:45:00,2025-06-30 22:25:00,2024-11-25,-217,OPEN,2,189,189,X,114.0,0,0.0,0.0,0.0,0,ACTIVATED
1254,AW7668,CDG - OSL,2025-06-30 21:15:00,2025-06-30 22:55:00,2024-11-25,-217,OPEN,2,189,189,X,114.0,0,0.0,0.0,0.0,0,ACTIVATED
5014,AW4780,CDG - VIE,2025-06-30 21:20:00,2025-06-30 23:30:00,2024-11-25,-217,OPEN,2,189,189,T,66.0,5,330.0,133.7,0.03,5,ACTIVATED
6257,AW4781,VIE - CDG,2025-07-01 06:00:00,2025-07-01 08:05:00,2024-11-25,-218,OPEN,2,189,189,T,60.0,20,1040.0,664.0,0.11,20,ACTIVATED
1291,AW7669,OSL - CDG,2025-07-01 06:00:00,2025-07-01 09:30:00,2024-11-25,-219,OPEN,2,189,189,X,56.0,0,0.0,0.0,0.0,0,ACTIVATED
1262,AW4670,CDG - BUD,2025-07-01 06:15:00,2025-07-01 09:20:00,2024-11-25,-218,OPEN,2,189,99,R,135.0,0,0.0,0.0,0.0,0,SCHEDULED
1290,AW7665,OSL - CDG,2025-07-01 06:30:00,2025-07-01 10:00:00,2024-11-25,-219,OPEN,2,189,189,X,56.0,0,0.0,0.0,0.0,0,ACTIVATED
1261,AW3423,TLL - CDG,2025-07-01 06:45:00,2025-07-01 09:35:00,2024-11-25,-218,OPEN,2,186,186,R,65.0,0,0.0,0.0,0.0,0,SCHEDULED
1263,AW7640,CDG - OSL,2025-07-01 07:15:00,2025-07-01 08:55:00,2024-11-25,-218,CANCELLED,2,189,136,,,0,0.0,0.0,0.0,0,UNAVAILABLE
1287,AW7641,OSL - CDG,2025-07-01 09:35:00,2025-07-01 13:05:00,2024-11-25,-219,CANCELLED,2,189,136,,,0,0.0,0.0,0.0,0,UNAVAILABLE
4543,AW3288,CDG - TLL,2025-07-01 09:50:00,2025-07-01 14:35:00,2024-11-25,-218,OPEN,2,186,186,X,203.0,3,873.0,674.22,0.02,3,SCHEDULED
5841,AW4671,BUD - CDG,2025-07-01 10:05:00,2025-07-01 15:00:00,2024-11-25,-219,OPEN,2,189,99,Q,62.0,12,626.0,508.16,0.12,12,DEACTIVATED
1264,AW4632,CDG - VIE,2025-07-01 10:05:00,2025-07-01 12:15:00,2024-11-25,-218,OPEN,2,189,189,T,66.0,0,0.0,0.0,0.0,0,ACTIVATED
5324,AW3558,CDG - HEL,2025-07-01 11:30:00,2025-07-01 15:50:00,2024-11-25,-218,OPEN,2,189,189,I,270.0,7,1995.0,1768.27,0.04,7,ACTIVATED
4785,AW7644,CDG - OSL,2025-07-01 11:50:00,2025-07-01 13:30:00,2024-11-25,-218,OPEN,2,189,189,T,84.0,4,456.0,298.96,0.02,4,ACTIVATED
1269,AW4633,VIE - CDG,2025-07-01 13:05:00,2025-07-01 15:10:00,2024-11-25,-218,OPEN,2,189,189,T,60.0,0,0.0,0.0,0.0,0,ACTIVATED
1288,AW7645,OSL - CDG,2025-07-01 14:15:00,2025-07-01 17:45:00,2024-11-25,-219,OPEN,2,189,189,L,62.0,0,0.0,0.0,0.0,0,ACTIVATED
1258,AW3286,CDG - TLL,2025-07-01 14:20:00,2025-07-01 19:05:00,2024-11-25,-218,OPEN,2,186,186,R,182.0,0,0.0,0.0,0.0,0,SCHEDULED
1265,AW4636,CDG - VIE,2025-07-01 15:00:00,2025-07-01 17:10:00,2024-11-25,-218,CANCELLED,2,189,189,,,0,0.0,0.0,0.0,0,UNAVAILABLE
1259,AW3289,TLL - CDG,2025-07-01 15:35:00,2025-07-01 18:25:00,2024-11-25,-218,OPEN,2,186,186,R,65.0,0,0.0,0.0,0.0,0,SCHEDULED
5325,AW3559,HEL - CDG,2025-07-01 16:35:00,2025-07-01 19:20:00,2024-11-25,-218,OPEN,2,189,189,X,93.0,7,1061.0,907.35,0.04,7,ACTIVATED
5015,AW7648,CDG - OSL,2025-07-01 16:45:00,2025-07-01 18:25:00,2024-11-25,-218,OPEN,2,189,189,X,114.0,5,581.0,391.57,0.03,5,ACTIVATED
1270,AW4637,VIE - CDG,2025-07-01 18:00:00,2025-07-01 20:05:00,2024-11-25,-218,CANCELLED,2,189,189,,,0,0.0,0.0,0.0,0,UNAVAILABLE
1260,AW3422,CDG - TLL,2025-07-01 19:00:00,2025-07-01 23:45:00,2024-11-25,-218,OPEN,2,186,186,X,203.0,0,0.0,0.0,0.0,0,SCHEDULED
1289,AW7649,OSL - CDG,2025-07-01 19:05:00,2025-07-01 22:35:00,2024-11-25,-219,OPEN,2,189,189,L,62.0,0,0.0,0.0,0.0,0,ACTIVATED
4241,AW3287,TLL - CDG,2025-07-01 20:00:00,2025-07-01 22:50:00,2024-11-25,-218,OPEN,2,186,186,X,72.0,2,144.0,98.0,0.01,2,SCHEDULED
3883,AW7664,CDG - OSL,2025-07-01 20:45:00,2025-07-01 22:25:00,2024-11-25,-218,OPEN,2,189,189,X,114.0,1,145.0,105.74,0.01,1,ACTIVATED
4544,AW7668,CDG - OSL,2025-07-01 21:15:00,2025-07-01 22:55:00,2024-11-25,-218,OPEN,2,189,189,X,114.0,3,342.0,224.22,0.02,3,ACTIVATED
4242,AW4780,CDG - VIE,2025-07-01 21:20:00,2025-07-01 23:30:00,2024-11-25,-218,OPEN,2,189,189,T,66.0,2,102.0,37.22,0.01,2,ACTIVATED
1307,AW7665,OSL - CDG,2025-07-02 06:00:00,2025-07-02 09:30:00,2024-11-25,-220,OPEN,2,189,189,R,49.0,0,0.0,0.0,0.0,0,ACTIVATED
1295,AW4781,VIE - CDG,2025-07-02 06:15:00,2025-07-02 08:20:00,2024-11-25,-219,OPEN,2,189,189,N,45.0,0,0.0,0.0,0.0,0,ACTIVATED
1308,AW7669,OSL - CDG,2025-07-02 06:30:00,2025-07-02 10:00:00,2024-11-25,-220,OPEN,2,189,189,R,49.0,0,0.0,0.0,0.0,0,ACTIVATED
1278,AW3423,TLL - CDG,2025-07-02 06:45:00,2025-07-02 09:35:00,2024-11-25,-219,OPEN,2,186,186,R,65.0,0,0.0,0.0,0.0,0,SCHEDULED
1281,AW7640,CDG - OSL,2025-07-02 07:15:00,2025-07-02 08:55:00,2024-11-25,-219,OPEN,2,186,186,X,114.0,0,0.0,0.0,0.0,0,ACTIVATED
1279,AW3550,CDG - HEL,2025-07-02 08:30:00,2025-07-02 12:50:00,2024-11-25,-219,OPEN,2,189,189,K,166.0,0,0.0,0.0,0.0,0,ACTIVATED
1304,AW7641,OSL - CDG,2025-07-02 09:35:00,2025-07-02 13:05:00,2024-11-25,-220,OPEN,2,186,186,X,56.0,0,0.0,0.0,0.0,0,ACTIVATED
1271,AW3284,CDG - TLL,2025-07-02 10:05:00,2025-07-02 14:50:00,2024-11-25,-219,OPEN,2,189,189,R,182.0,0,0.0,0.0,0.0,0,SCHEDULED
1284,AW4632,CDG - VIE,2025-07-02 10:15:00,2025-07-02 12:25:00,2024-11-25,-219,OPEN,2,189,189,X,86.0,0,0.0,0.0,0.0,0,ACTIVATED
1275,AW3288,CDG - TLL,2025-07-02 10:55:00,2025-07-02 15:40:00,2024-11-25,-219,OPEN,2,186,186,R,182.0,0,0.0,0.0,0.0,0,SCHEDULED
4244,AW7644,CDG - OSL,2025-07-02 11:50:00,2025-07-02 13:30:00,2024-11-25,-219,OPEN,2,189,189,L,131.0,2,245.0,166.48,0.01,2,ACTIVATED
1293,AW4633,VIE - CDG,2025-07-02 13:15:00,2025-07-02 15:20:00,2024-11-25,-219,OPEN,2,189,189,T,60.0,0,0.0,0.0,0.0,0,ACTIVATED
4545,AW3551,HEL - CDG,2025-07-02 13:35:00,2025-07-02 16:20:00,2024-11-25,-219,OPEN,2,189,164,X,93.0,3,357.0,291.15,0.02,3,ACTIVATED
1305,AW7645,OSL - CDG,2025-07-02 14:10:00,2025-07-02 17:40:00,2024-11-25,-220,OPEN,2,189,189,L,62.0,0,0.0,0.0,0.0,0,ACTIVATED
1280,AW3558,CDG - HEL,2025-07-02 14:20:00,2025-07-02 18:40:00,2024-11-25,-219,OPEN,2,189,189,X,136.0,0,0.0,0.0,0.0,0,ACTIVATED
1273,AW3286,CDG - TLL,2025-07-02 14:20:00,2025-07-02 19:05:00,2024-11-25,-219,OPEN,2,186,186,R,182.0,0,0.0,0.0,0.0,0,SCHEDULED
1285,AW4636,CDG - VIE,2025-07-02 14:40:00,2025-07-02 16:50:00,2024-11-25,-219,CANCELLED,2,189,189,,,0,0.0,0.0,0.0,0,UNAVAILABLE
1272,AW3285,TLL - CDG,2025-07-02 15:45:00,2025-07-02 18:35:00,2024-11-25,-219,OPEN,2,189,189,R,65.0,0,0.0,0.0,0.0,0,SCHEDULED
1276,AW3289,TLL - CDG,2025-07-02 16:40:00,2025-07-02 19:30:00,2024-11-25,-219,OPEN,2,186,186,R,65.0,0,0.0,0.0,0.0,0,SCHEDULED
3884,AW7646,CDG - OSL,2025-07-02 16:45:00,2025-07-02 18:25:00,2024-11-25,-219,OPEN,2,189,189,X,114.0,1,98.0,58.74,0.01,1,ACTIVATED
1294,AW4637,VIE - CDG,2025-07-02 17:40:00,2025-07-02 19:45:00,2024-11-25,-219,CANCELLED,2,189,189,,,0,0.0,0.0,0.0,0,UNAVAILABLE
1277,AW3422,CDG - TLL,2025-07-02 19:00:00,2025-07-02 23:45:00,2024-11-25,-219,OPEN,2,186,186,X,203.0,0,0.0,0.0,0.0,0,SCHEDULED
1306,AW7647,OSL - CDG,2025-07-02 19:10:00,2025-07-02 22:40:00,2024-11-25,-220,OPEN,2,189,189,A,29.0,0,0.0,0.0,0.0,0,ACTIVATED
1292,AW3559,HEL - CDG,2025-07-02 19:25:00,2025-07-02 22:10:00,2024-11-25,-219,OPEN,2,189,189,X,93.0,0,0.0,0.0,0.0,0,ACTIVATED
1274,AW3287,TLL - CDG,2025-07-02 20:00:00,2025-07-02 22:50:00,2024-11-25,-219,OPEN,2,186,186,R,65.0,0,0.0,0.0,0.0,0,SCHEDULED
1282,AW7664,CDG - OSL,2025-07-02 20:45:00,2025-07-02 22:25:00,2024-11-25,-219,OPEN,2,189,189,X,114.0,0,0.0,0.0,0.0,0,ACTIVATED
1283,AW7668,CDG - OSL,2025-07-02 21:15:00,2025-07-02 22:55:00,2024-11-25,-219,OPEN,2,189,189,X,114.0,0,0.0,0.0,0.0,0,ACTIVATED
1286,AW4780,CDG - VIE,2025-07-02 21:20:00,2025-07-02 23:30:00,2024-11-25,-219,OPEN,2,189,189,R,75.0,0,0.0,0.0,0.0,0,ACTIVATED
1325,AW7665,OSL - CDG,2025-07-03 06:00:00,2025-07-03 09:30:00,2024-11-25,-221,OPEN,2,189,189,X,56.0,0,0.0,0.0,0.0,0,ACTIVATED
1312,AW4781,VIE - CDG,2025-07-03 06:00:00,2025-07-03 08:05:00,2024-11-25,-220,OPEN,2,189,189,N,45.0,0,0.0,0.0,0.0,0,ACTIVATED
4547,AW7669,OSL - CDG,2025-07-03 06:30:00,2025-07-03 10:00:00,2024-11-25,-221,OPEN,2,189,189,T,43.0,3,102.0,34.17,0.02,3,ACTIVATED
1298,AW3423,TLL - CDG,2025-07-03 06:45:00,2025-07-03 09:35:00,2024-11-25,-220,OPEN,2,186,186,R,65.0,0,0.0,0.0,0.0,0,SCHEDULED
1301,AW7640,CDG - OSL,2025-07-03 07:15:00,2025-07-03 08:55:00,2024-11-25,-220,CANCELLED,2,186,186,,,0,0.0,0.0,0.0,0,UNAVAILABLE
1299,AW3550,CDG - HEL,2025-07-03 08:10:00,2025-07-03 12:30:00,2024-11-25,-220,OPEN,2,189,189,K,166.0,0,0.0,0.0,0.0,0,ACTIVATED
1322,AW7641,OSL - CDG,2025-07-03 09:35:00,2025-07-03 13:05:00,2024-11-25,-221,CANCELLED,2,186,186,,,0,0.0,0.0,0.0,0,UNAVAILABLE
5581,AW4632,CDG - VIE,2025-07-03 09:45:00,2025-07-03 11:55:00,2024-11-25,-220,OPEN,2,189,189,R,75.0,9,722.0,368.66,0.05,9,ACTIVATED
5684,AW4670,CDG - BUD,2025-07-03 10:05:00,2025-07-03 13:10:00,2024-11-25,-220,OPEN,2,189,99,L,162.0,10,1529.0,1136.4,0.1,10,SCHEDULED
1296,AW3288,CDG - TLL,2025-07-03 11:25:00,2025-07-03 16:10:00,2024-11-25,-220,OPEN,2,186,186,L,227.0,0,0.0,0.0,0.0,0,SCHEDULED
4788,AW7644,CDG - OSL,2025-07-03 11:50:00,2025-07-03 13:30:00,2024-11-25,-220,OPEN,2,189,189,L,131.0,4,580.0,443.57,0.02,4,ACTIVATED
1310,AW4633,VIE - CDG,2025-07-03 12:45:00,2025-07-03 14:50:00,2024-11-25,-220,OPEN,2,189,189,T,60.0,0,0.0,0.0,0.0,0,ACTIVATED
3887,AW3551,HEL - CDG,2025-07-03 13:15:00,2025-07-03 16:00:00,2024-11-25,-220,OPEN,2,189,189,X,93.0,1,167.0,145.05,0.01,1,ACTIVATED
4245,AW4671,BUD - CDG,2025-07-03 13:55:00,2025-07-03 18:50:00,2024-11-25,-221,OPEN,2,189,99,X,43.0,2,86.0,66.36,0.02,2,DEACTIVATED
1323,AW7645,OSL - CDG,2025-07-03 14:15:00,2025-07-03 17:45:00,2024-11-25,-221,OPEN,2,189,189,X,56.0,0,0.0,0.0,0.0,0,ACTIVATED
1303,AW4636,CDG - VIE,2025-07-03 14:30:00,2025-07-03 16:40:00,2024-11-25,-220,CANCELLED,2,189,189,,,0,0.0,0.0,0.0,0,UNAVAILABLE
1300,AW3556,CDG - HEL,2025-07-03 15:00:00,2025-07-03 19:20:00,2024-11-25,-220,OPEN,2,189,189,L,150.0,0,0.0,0.0,0.0,0,ACTIVATED
1302,AW7646,CDG - OSL,2025-07-03 15:20:00,2025-07-03 17:00:00,2024-11-25,-220,OPEN,2,189,189,L,131.0,0,0.0,0.0,0.0,0,ACTIVATED
4787,AW3289,TLL - CDG,2025-07-03 17:10:00,2025-07-03 20:00:00,2024-11-25,-220,OPEN,2,186,186,X,72.0,4,288.0,196.0,0.02,4,SCHEDULED
1311,AW4637,VIE - CDG,2025-07-03 17:30:00,2025-07-03 19:35:00,2024-11-25,-220,CANCELLED,2,189,189,,,0,0.0,0.0,0.0,0,UNAVAILABLE
1324,AW7647,OSL - CDG,2025-07-03 17:40:00,2025-07-03 21:10:00,2024-11-25,-221,OPEN,2,189,189,X,56.0,0,0.0,0.0,0.0,0,ACTIVATED
1297,AW3422,CDG - TLL,2025-07-03 19:00:00,2025-07-03 23:45:00,2024-11-25,-220,OPEN,2,186,186,X,203.0,0,0.0,0.0,0.0,0,SCHEDULED
1309,AW3557,HEL - CDG,2025-07-03 20:05:00,2025-07-03 22:50:00,2024-11-25,-220,OPEN,2,189,189,X,93.0,0,0.0,0.0,0.0,0,ACTIVATED
3885,AW7664,CDG - OSL,2025-07-03 20:45:00,2025-07-03 22:25:00,2024-11-25,-220,OPEN,2,189,189,L,131.0,1,114.0,74.74,0.01,1,ACTIVATED
3886,AW7668,CDG - OSL,2025-07-03 21:15:00,2025-07-03 22:55:00,2024-11-25,-220,OPEN,2,189,189,L,131.0,1,114.0,74.74,0.01,1,ACTIVATED
4789,AW4780,CDG - VIE,2025-07-03 21:15:00,2025-07-03 23:25:00,2024-11-25,-220,OPEN,2,189,189,K,110.0,4,272.0,142.44,0.02,4,ACTIVATED
4792,AW7665,OSL - CDG,2025-07-04 06:00:00,2025-07-04 09:30:00,2024-11-25,-222,OPEN,2,189,189,X,56.0,4,136.0,45.56,0.02,4,ACTIVATED
1340,AW7669,OSL - CDG,2025-07-04 06:30:00,2025-07-04 10:00:00,2024-11-25,-222,OPEN,2,189,189,X,56.0,0,0.0,0.0,0.0,0,ACTIVATED
1318,AW3423,TLL - CDG,2025-07-04 06:35:00,2025-07-04 09:25:00,2024-11-25,-221,OPEN,2,186,186,R,65.0,0,0.0,0.0,0.0,0,SCHEDULED
4790,AW4781,VIE - CDG,2025-07-04 06:55:00,2025-07-04 09:00:00,2024-11-25,-221,OPEN,2,189,189,T,60.0,4,180.0,104.8,0.02,4,ACTIVATED
4546,AW7640,CDG - OSL,2025-07-04 07:20:00,2025-07-04 09:00:00,2024-11-25,-221,OPEN,2,186,186,V,168.0,3,633.0,535.83,0.02,3,ACTIVATED
5458,AW3550,CDG - HEL,2025-07-04 07:30:00,2025-07-04 11:50:00,2024-11-25,-221,OPEN,2,189,169,K,166.0,8,1328.0,1013.92,0.05,8,ACTIVATED
1313,AW3280,CDG - TLL,2025-07-04 09:05:00,2025-07-04 13:50:00,2024-11-25,-221,OPEN,2,186,186,X,203.0,0,0.0,0.0,0.0,0,SCHEDULED
1338,AW7641,OSL - CDG,2025-07-04 09:40:00,2025-07-04 13:10:00,2024-11-25,-222,OPEN,2,186,186,X,56.0,0,0.0,0.0,0.0,0,ACTIVATED
5016,AW4632,CDG - VIE,2025-07-04 10:05:00,2025-07-04 12:15:00,2024-11-25,-221,OPEN,2,189,189,V,124.0,5,557.0,360.7,0.03,5,ACTIVATED
1319,AW7644,CDG - OSL,2025-07-04 11:10:00,2025-07-04 12:50:00,2024-11-25,-221,OPEN,2,189,189,K,150.0,0,0.0,0.0,0.0,0,ACTIVATED
4248,AW3551,HEL - CDG,2025-07-04 12:35:00,2025-07-04 15:20:00,2024-11-25,-221,OPEN,2,189,169,X,93.0,2,392.0,348.1,0.01,2,ACTIVATED
1327,AW4633,VIE - CDG,2025-07-04 13:05:00,2025-07-04 15:10:00,2024-11-25,-221,OPEN,2,189,189,R,70.0,0,0.0,0.0,0.0,0,ACTIVATED
1315,AW3284,CDG - TLL,2025-07-04 13:25:00,2025-07-04 18:10:00,2024-11-25,-221,OPEN,2,189,189,X,203.0,0,0.0,0.0,0.0,0,SCHEDULED
1339,AW7645,OSL - CDG,2025-07-04 13:35:00,2025-07-04 17:05:00,2024-11-25,-222,OPEN,2,189,189,X,56.0,0,0.0,0.0,0.0,0,ACTIVATED
1314,AW3281,TLL - CDG,2025-07-04 14:50:00,2025-07-04 17:40:00,2024-11-25,-221,OPEN,2,186,186,R,65.0,0,0.0,0.0,0.0,0,SCHEDULED
4246,AW3558,CDG - HEL,2025-07-04 14:55:00,2025-07-04 19:15:00,2024-11-25,-221,OPEN,2,189,189,K,166.0,2,408.0,343.22,0.01,2,ACTIVATED
1321,AW4636,CDG - VIE,2025-07-04 14:55:00,2025-07-04 17:05:00,2024-11-25,-221,CANCELLED,2,189,189,,,0,0.0,0.0,0.0,0,UNAVAILABLE
1320,AW7648,CDG - OSL,2025-07-04 16:25:00,2025-07-04 18:05:00,2024-11-25,-221,OPEN,2,189,189,V,168.0,0,0.0,0.0,0.0,0,ACTIVATED
1328,AW4637,VIE - CDG,2025-07-04 17:55:00,2025-07-04 20:00:00,2024-11-25,-221,CANCELLED,2,189,189,,,0,0.0,0.0,0.0,0,UNAVAILABLE
4549,AW7649,OSL - CDG,2025-07-04 18:45:00,2025-07-04 22:15:00,2024-11-25,-222,OPEN,2,189,189,T,43.0,3,102.0,34.17,0.02,3,ACTIVATED
1317,AW3422,CDG - TLL,2025-07-04 19:00:00,2025-07-04 23:45:00,2024-11-25,-221,OPEN,2,186,186,X,203.0,0,0.0,0.0,0.0,0,SCHEDULED
1316,AW3285,TLL - CDG,2025-07-04 19:05:00,2025-07-04 21:55:00,2024-11-25,-221,OPEN,2,189,189,R,65.0,0,0.0,0.0,0.0,0,SCHEDULED
1326,AW3559,HEL - CDG,2025-07-04 20:00:00,2025-07-04 22:45:00,2024-11-25,-221,OPEN,2,189,189,X,93.0,0,0.0,0.0,0.0,0,ACTIVATED
3888,AW7664,CDG - OSL,2025-07-04 20:45:00,2025-07-04 22:25:00,2024-11-25,-221,OPEN,2,189,189,K,150.0,1,178.0,138.74,0.01,1,ACTIVATED
5842,AW4780,CDG - VIE,2025-07-04 21:10:00,2025-07-04 23:20:00,2024-11-25,-221,OPEN,2,189,189,K,110.0,12,1158.0,769.32,0.06,12,ACTIVATED
4247,AW7668,CDG - OSL,2025-07-04 21:15:00,2025-07-04 22:55:00,2024-11-25,-221,OPEN,2,189,189,V,168.0,2,286.0,221.22,0.01,2,ACTIVATED
1355,AW7665,OSL - CDG,2025-07-05 05:55:00,2025-07-05 09:25:00,2024-11-25,-223,OPEN,2,189,189,X,56.0,0,0.0,0.0,0.0,0,ACTIVATED
1342,AW4781,VIE - CDG,2025-07-05 06:00:00,2025-07-05 08:05:00,2024-11-25,-222,OPEN,2,189,189,N,45.0,0,0.0,0.0,0.0,0,ACTIVATED
6467,AW4670,CDG - BUD,2025-07-05 06:15:00,2025-07-05 09:20:00,2024-11-25,-222,OPEN,2,186,126,H,233.0,27,5233.0,4234.81,0.21,27,SCHEDULED
1356,AW7669,OSL - CDG,2025-07-05 06:25:00,2025-07-05 09:55:00,2024-11-25,-223,OPEN,2,189,189,X,56.0,0,0.0,0.0,0.0,0,ACTIVATED
1333,AW3423,TLL - CDG,2025-07-05 06:45:00,2025-07-05 09:35:00,2024-11-25,-222,OPEN,2,186,186,R,65.0,0,0.0,0.0,0.0,0,SCHEDULED
5459,AW3550,CDG - HEL,2025-07-05 08:35:00,2025-07-05 12:55:00,2024-11-25,-222,OPEN,2,189,189,K,166.0,8,1418.0,1103.92,0.04,8,ACTIVATED
3889,AW3280,CDG - TLL,2025-07-05 09:00:00,2025-07-05 13:45:00,2024-11-25,-222,OPEN,2,189,189,L,227.0,1,58.77,0.0,0.01,1,SCHEDULED
1343,AW4671,BUD - CDG,2025-07-05 10:05:00,2025-07-05 15:00:00,2024-11-25,-223,OPEN,2,186,116,X,43.0,0,0.0,0.0,0.0,0,DEACTIVATED
4548,AW4636,CDG - VIE,2025-07-05 10:10:00,2025-07-05 12:20:00,2024-11-25,-222,OPEN,2,189,189,Q,140.0,3,237.0,139.83,0.02,3,ACTIVATED
1330,AW3288,CDG - TLL,2025-07-05 10:15:00,2025-07-05 15:00:00,2024-11-25,-222,OPEN,2,186,186,L,227.0,0,0.0,0.0,0.0,0,SCHEDULED
5017,AW7644,CDG - OSL,2025-07-05 10:20:00,2025-07-05 12:00:00,2024-11-25,-222,OPEN,2,189,179,V,168.0,5,715.0,553.05,0.03,5,ACTIVATED
3892,AW7645,OSL - CDG,2025-07-05 12:40:00,2025-07-05 16:10:00,2024-11-25,-223,OPEN,2,189,179,L,62.0,1,38.0,15.39,0.01,1,ACTIVATED
3891,AW4637,VIE - CDG,2025-07-05 13:10:00,2025-07-05 15:15:00,2024-11-25,-222,OPEN,2,189,189,X,82.0,1,94.0,75.2,0.01,1,ACTIVATED
1337,AW4634,CDG - VIE,2025-07-05 13:35:00,2025-07-05 15:45:00,2024-11-25,-222,CANCELLED,2,189,189,,,0,0.0,0.0,0.0,0,UNAVAILABLE
5187,AW3551,HEL - CDG,2025-07-05 13:40:00,2025-07-05 16:25:00,2024-11-25,-222,OPEN,2,189,189,X,93.0,6,758.0,626.3,0.03,6,ACTIVATED
1329,AW3281,TLL - CDG,2025-07-05 14:40:00,2025-07-05 17:30:00,2024-11-25,-222,OPEN,2,189,189,R,65.0,0,0.0,0.0,0.0,0,SCHEDULED
3890,AW7658,CDG - OSL,2025-07-05 15:20:00,2025-07-05 17:00:00,2024-11-25,-222,OPEN,2,189,189,V,168.0,1,150.0,110.74,0.01,1,ACTIVATED
1331,AW3289,TLL - CDG,2025-07-05 16:00:00,2025-07-05 18:50:00,2024-11-25,-222,OPEN,2,186,186,R,65.0,0,0.0,0.0,0.0,0,SCHEDULED
1341,AW4635,VIE - CDG,2025-07-05 16:40:00,2025-07-05 18:45:00,2024-11-25,-222,CANCELLED,2,189,189,,,0,0.0,0.0,0.0,0,UNAVAILABLE
1334,AW7646,CDG - OSL,2025-07-05 16:45:00,2025-07-05 18:25:00,2024-11-25,-222,CANCELLED,2,186,186,,,0,0.0,0.0,0.0,0,UNAVAILABLE
1354,AW7659,OSL - CDG,2025-07-05 17:40:00,2025-07-05 21:10:00,2024-11-25,-223,OPEN,2,189,189,X,56.0,0,0.0,0.0,0.0,0,ACTIVATED
1332,AW3422,CDG - TLL,2025-07-05 19:00:00,2025-07-05 23:45:00,2024-11-25,-222,OPEN,2,186,186,X,203.0,0,0.0,0.0,0.0,0,SCHEDULED
1353,AW7647,OSL - CDG,2025-07-05 19:05:00,2025-07-05 22:35:00,2024-11-25,-223,CANCELLED,2,186,186,,,0,0.0,0.0,0.0,0,UNAVAILABLE
1335,AW7664,CDG - OSL,2025-07-05 20:45:00,2025-07-05 22:25:00,2024-11-25,-222,OPEN,2,189,189,K,150.0,0,0.0,0.0,0.0,0,ACTIVATED
4791,AW4780,CDG - VIE,2025-07-05 21:15:00,2025-07-05 23:25:00,2024-11-25,-222,OPEN,2,189,189,X,86.0,4,360.0,230.44,0.02,4,ACTIVATED
1336,AW7668,CDG - OSL,2025-07-05 21:15:00,2025-07-05 22:55:00,2024-11-25,-222,OPEN,2,189,189,K,150.0,0,0.0,0.0,0.0,0,ACTIVATED
1359,AW4781,VIE - CDG,2025-07-06 06:00:00,2025-07-06 08:05:00,2024-11-25,-223,OPEN,2,189,189,R,70.0,0,0.0,0.0,0.0,0,ACTIVATED
1370,AW7669,OSL - CDG,2025-07-06 06:00:00,2025-07-06 09:30:00,2024-11-25,-224,OPEN,2,189,189,X,56.0,0,0.0,0.0,0.0,0,ACTIVATED
1369,AW7665,OSL - CDG,2025-07-06 06:30:00,2025-07-06 10:00:00,2024-11-25,-224,OPEN,2,189,189,X,56.0,0,0.0,0.0,0.0,0,ACTIVATED
1349,AW3423,TLL - CDG,2025-07-06 07:00:00,2025-07-06 09:50:00,2024-11-25,-223,OPEN,2,186,186,R,65.0,0,0.0,0.0,0.0,0,SCHEDULED
4249,AW7640,CDG - OSL,2025-07-06 07:20:00,2025-07-06 09:00:00,2024-11-25,-223,OPEN,2,189,189,L,131.0,2,214.0,149.22,0.01,2,ACTIVATED
1344,AW3280,CDG - TLL,2025-07-06 08:05:00,2025-07-06 12:50:00,2024-11-25,-223,OPEN,2,189,189,L,227.0,0,0.0,0.0,0.0,0,SCHEDULED
1368,AW7641,OSL - CDG,2025-07-06 09:40:00,2025-07-06 13:10:00,2024-11-25,-224,OPEN,2,189,189,V,80.0,0,0.0,0.0,0.0,0,ACTIVATED
4250,AW7658,CDG - OSL,2025-07-06 10:20:00,2025-07-06 12:00:00,2024-11-25,-223,OPEN,2,189,189,Q,186.0,2,248.0,183.22,0.01,2,ACTIVATED
4251,AW4638,CDG - VIE,2025-07-06 10:55:00,2025-07-06 13:05:00,2024-11-25,-223,OPEN,2,189,189,K,110.0,2,180.0,115.22,0.01,2,ACTIVATED
1346,AW3288,CDG - TLL,2025-07-06 10:55:00,2025-07-06 15:40:00,2024-11-25,-223,OPEN,2,186,186,L,227.0,0,0.0,0.0,0.0,0,SCHEDULED
4798,AW7659,OSL - CDG,2025-07-06 12:40:00,2025-07-06 16:10:00,2024-11-25,-224,OPEN,2,189,189,K,71.0,4,370.0,279.2,0.02,4,ACTIVATED
1345,AW3281,TLL - CDG,2025-07-06 13:45:00,2025-07-06 16:35:00,2024-11-25,-223,OPEN,2,189,189,R,65.0,0,0.0,0.0,0.0,0,SCHEDULED
4796,AW4639,VIE - CDG,2025-07-06 13:55:00,2025-07-06 16:00:00,2024-11-25,-223,OPEN,2,189,189,X,82.0,4,330.8,255.6,0.02,4,ACTIVATED
1352,AW4636,CDG - VIE,2025-07-06 14:35:00,2025-07-06 16:45:00,2024-11-25,-223,CANCELLED,2,189,189,,,0,0.0,0.0,0.0,0,UNAVAILABLE
4793,AW3556,CDG - HEL,2025-07-06 14:45:00,2025-07-06 19:05:00,2024-11-25,-223,OPEN,2,189,189,V,184.0,4,788.0,658.44,0.02,4,ACTIVATED
1350,AW3558,CDG - HEL,2025-07-06 15:00:00,2025-07-06 19:20:00,2024-11-25,-223,OPEN,2,189,189,K,166.0,0,0.0,0.0,0.0,0,ACTIVATED
1347,AW3289,TLL - CDG,2025-07-06 16:40:00,2025-07-06 19:30:00,2024-11-25,-223,OPEN,2,186,186,X,72.0,0,0.0,0.0,0.0,0,SCHEDULED
1351,AW7646,CDG - OSL,2025-07-06 16:45:00,2025-07-06 18:25:00,2024-11-25,-223,OPEN,2,189,189,Q,186.0,0,0.0,0.0,0.0,0,ACTIVATED
1358,AW4637,VIE - CDG,2025-07-06 17:30:00,2025-07-06 19:35:00,2024-11-25,-223,CANCELLED,2,189,189,,,0,0.0,0.0,0.0,0,UNAVAILABLE
1348,AW3422,CDG - TLL,2025-07-06 19:00:00,2025-07-06 23:45:00,2024-11-25,-223,OPEN,2,186,186,R,182.0,0,0.0,0.0,0.0,0,SCHEDULED
4554,AW7647,OSL - CDG,2025-07-06 19:05:00,2025-07-06 22:35:00,2024-11-25,-224,OPEN,2,189,189,V,80.0,3,246.0,178.17,0.02,3,ACTIVATED
5460,AW3557,HEL - CDG,2025-07-06 19:50:00,2025-07-06 22:35:00,2024-11-25,-223,OPEN,2,189,189,R,82.0,8,606.95,431.35,0.04,8,ACTIVATED
1357,AW3559,HEL - CDG,2025-07-06 20:05:00,2025-07-06 22:50:00,2024-11-25,-223,OPEN,2,189,189,F,209.0,0,0.0,0.0,0.0,0,ACTIVATED
4550,AW7664,CDG - OSL,2025-07-06 20:45:00,2025-07-06 22:25:00,2024-11-25,-223,OPEN,2,189,189,K,150.0,3,393.0,295.83,0.02,3,ACTIVATED
4794,AW7668,CDG - OSL,2025-07-06 21:15:00,2025-07-06 22:55:00,2024-11-25,-223,OPEN,2,189,189,V,168.0,4,496.0,366.44,0.02,4,ACTIVATED
4795,AW4780,CDG - VIE,2025-07-06 21:25:00,2025-07-06 23:35:00,2024-11-25,-223,OPEN,2,189,189,V,124.0,4,360.0,230.44,0.02,4,ACTIVATED
1387,AW7669,OSL - CDG,2025-07-07 05:55:00,2025-07-07 09:25:00,2024-11-25,-225,OPEN,2,189,189,R,49.0,0,0.0,0.0,0.0,0,ACTIVATED
5019,AW4781,VIE - CDG,2025-07-07 06:00:00,2025-07-07 08:05:00,2024-11-25,-224,OPEN,2,189,189,T,60.0,5,300.0,206.0,0.03,5,ACTIVATED
1386,AW7665,OSL - CDG,2025-07-07 06:30:00,2025-07-07 10:00:00,2024-11-25,-225,OPEN,2,189,189,R,49.0,0,0.0,0.0,0.0,0,ACTIVATED
1362,AW3423,TLL - CDG,2025-07-07 06:45:00,2025-07-07 09:35:00,2024-11-25,-224,OPEN,2,186,186,R,65.0,0,0.0,0.0,0.0,0,SCHEDULED
4797,AW7640,CDG - OSL,2025-07-07 07:15:00,2025-07-07 08:55:00,2024-11-25,-224,OPEN,2,189,189,K,150.0,4,496.0,366.44,0.02,4,ACTIVATED
4252,AW3284,CDG - TLL,2025-07-07 07:45:00,2025-07-07 12:30:00,2024-11-25,-224,OPEN,2,186,186,X,203.0,2,406.0,273.48,0.01,2,SCHEDULED
5326,AW3550,CDG - HEL,2025-07-07 08:20:00,2025-07-07 12:40:00,2024-11-25,-224,OPEN,2,189,189,K,166.0,7,1223.0,968.79,0.04,7,ACTIVATED
1383,AW7641,OSL - CDG,2025-07-07 09:35:00,2025-07-07 13:05:00,2024-11-25,-225,OPEN,2,189,189,X,56.0,0,0.0,0.0,0.0,0,ACTIVATED
1365,AW4632,CDG - VIE,2025-07-07 10:05:00,2025-07-07 12:15:00,2024-11-25,-224,OPEN,2,189,189,K,110.0,0,0.0,0.0,0.0,0,ACTIVATED
5018,AW3280,CDG - TLL,2025-07-07 10:10:00,2025-07-07 14:55:00,2024-11-25,-224,OPEN,2,186,186,K,253.0,5,1495.0,1201.15,0.03,5,SCHEDULED
1363,AW7644,CDG - OSL,2025-07-07 11:10:00,2025-07-07 12:50:00,2024-11-25,-224,OPEN,2,189,189,Q,186.0,0,0.0,0.0,0.0,0,ACTIVATED
1372,AW4633,VIE - CDG,2025-07-07 13:05:00,2025-07-07 15:10:00,2024-11-25,-224,OPEN,2,189,189,R,70.0,0,0.0,0.0,0.0,0,ACTIVATED
1361,AW3285,TLL - CDG,2025-07-07 13:25:00,2025-07-07 16:15:00,2024-11-25,-224,OPEN,2,186,186,R,65.0,0,0.0,0.0,0.0,0,SCHEDULED
1371,AW3551,HEL - CDG,2025-07-07 13:25:00,2025-07-07 16:10:00,2024-11-25,-224,OPEN,2,189,189,G,63.0,0,0.0,0.0,0.0,0,ACTIVATED
1384,AW7645,OSL - CDG,2025-07-07 13:35:00,2025-07-07 17:05:00,2024-11-25,-225,OPEN,2,189,189,X,56.0,0,0.0,0.0,0.0,0,ACTIVATED
1366,AW4634,CDG - VIE,2025-07-07 14:30:00,2025-07-07 16:40:00,2024-11-25,-224,CANCELLED,2,189,189,,,0,0.0,0.0,0.0,0,UNAVAILABLE
6490,AW3558,CDG - HEL,2025-07-07 14:55:00,2025-07-07 19:15:00,2024-11-25,-224,OPEN,2,189,189,V,184.0,28,5085.92,3986.64,0.15,28,ACTIVATED
1360,AW3281,TLL - CDG,2025-07-07 15:55:00,2025-07-07 18:45:00,2024-11-25,-224,OPEN,2,186,186,R,65.0,0,0.0,0.0,0.0,0,SCHEDULED
1364,AW7648,CDG - OSL,2025-07-07 16:50:00,2025-07-07 18:30:00,2024-11-25,-224,OPEN,2,189,189,Q,186.0,0,0.0,0.0,0.0,0,ACTIVATED
1373,AW4635,VIE - CDG,2025-07-07 17:30:00,2025-07-07 19:35:00,2024-11-25,-224,CANCELLED,2,189,189,,,0,0.0,0.0,0.0,0,UNAVAILABLE
4551,AW3422,CDG - TLL,2025-07-07 19:00:00,2025-07-07 23:45:00,2024-11-25,-224,OPEN,2,186,186,X,203.0,3,333.0,134.22,0.02,3,SCHEDULED
1385,AW7649,OSL - CDG,2025-07-07 19:10:00,2025-07-07 22:40:00,2024-11-25,-225,OPEN,2,189,189,X,56.0,0,0.0,0.0,0.0,0,ACTIVATED
4253,AW3559,HEL - CDG,2025-07-07 20:00:00,2025-07-07 22:45:00,2024-11-25,-224,OPEN,2,189,189,G,63.0,2,164.0,120.1,0.01,2,ACTIVATED
4552,AW7664,CDG - OSL,2025-07-07 20:45:00,2025-07-07 22:25:00,2024-11-25,-224,OPEN,2,189,189,L,131.0,3,372.0,274.83,0.02,3,ACTIVATED
4553,AW7668,CDG - OSL,2025-07-07 21:15:00,2025-07-07 22:55:00,2024-11-25,-224,OPEN,2,189,189,K,150.0,3,343.0,225.22,0.02,3,ACTIVATED
1367,AW4780,CDG - VIE,2025-07-07 21:20:00,2025-07-07 23:30:00,2024-11-25,-224,OPEN,2,189,189,T,66.0,0,0.0,0.0,0.0,0,ACTIVATED
1404,AW7669,OSL - CDG,2025-07-08 06:00:00,2025-07-08 09:30:00,2024-11-25,-226,OPEN,2,189,189,X,56.0,0,0.0,0.0,0.0,0,ACTIVATED
5843,AW4781,VIE - CDG,2025-07-08 06:00:00,2025-07-08 08:05:00,2024-11-25,-225,OPEN,2,189,189,G,52.0,12,614.0,388.4,0.06,12,ACTIVATED
5188,AW4670,CDG - BUD,2025-07-08 06:15:00,2025-07-08 09:20:00,2024-11-25,-225,OPEN,2,186,99,K,178.0,6,1036.0,800.44,0.06,6,SCHEDULED
1403,AW7665,OSL - CDG,2025-07-08 06:30:00,2025-07-08 10:00:00,2024-11-25,-226,OPEN,2,189,189,X,56.0,0,0.0,0.0,0.0,0,ACTIVATED
1376,AW3423,TLL - CDG,2025-07-08 06:45:00,2025-07-08 09:35:00,2024-11-25,-225,OPEN,2,186,186,R,65.0,0,0.0,0.0,0.0,0,SCHEDULED
1378,AW7640,CDG - OSL,2025-07-08 07:15:00,2025-07-08 08:55:00,2024-11-25,-225,OPEN,2,189,111,Q,186.0,0,0.0,0.0,0.0,0,ACTIVATED
1400,AW7641,OSL - CDG,2025-07-08 09:35:00,2025-07-08 13:05:00,2024-11-25,-226,OPEN,2,189,111,X,56.0,0,0.0,0.0,0.0,0,ACTIVATED
4254,AW3288,CDG - TLL,2025-07-08 09:50:00,2025-07-08 14:35:00,2024-11-25,-225,OPEN,2,186,186,X,203.0,2,440.0,322.46,0.01,2,SCHEDULED
1380,AW4632,CDG - VIE,2025-07-08 10:05:00,2025-07-08 12:15:00,2024-11-25,-225,OPEN,2,189,189,T,66.0,0,0.0,0.0,0.0,0,ACTIVATED
5327,AW4671,BUD - CDG,2025-07-08 10:05:00,2025-07-08 15:00:00,2024-11-25,-226,OPEN,2,186,99,Q,62.0,7,399.0,330.26,0.07,7,DEACTIVATED
5768,AW3558,CDG - HEL,2025-07-08 11:30:00,2025-07-08 15:50:00,2024-11-25,-225,OPEN,2,189,189,L,150.0,11,1587.0,1175.75,0.06,11,ACTIVATED
6659,AW7644,CDG - OSL,2025-07-08 11:50:00,2025-07-08 13:30:00,2024-11-25,-225,OPEN,2,189,189,H,204.0,34,4945.88,3824.01,0.18,34,ACTIVATED
1388,AW4633,VIE - CDG,2025-07-08 13:05:00,2025-07-08 15:10:00,2024-11-25,-225,OPEN,2,189,189,T,60.0,0,0.0,0.0,0.0,0,ACTIVATED
1401,AW7645,OSL - CDG,2025-07-08 14:15:00,2025-07-08 17:45:00,2024-11-25,-226,OPEN,2,189,189,X,56.0,0,0.0,0.0,0.0,0,ACTIVATED
3893,AW3286,CDG - TLL,2025-07-08 14:20:00,2025-07-08 19:05:00,2024-11-25,-225,OPEN,2,186,186,X,203.0,1,111.0,44.74,0.01,1,SCHEDULED
1381,AW4636,CDG - VIE,2025-07-08 15:00:00,2025-07-08 17:10:00,2024-11-25,-225,CANCELLED,2,189,189,,,0,0.0,0.0,0.0,0,UNAVAILABLE
1375,AW3289,TLL - CDG,2025-07-08 15:35:00,2025-07-08 18:25:00,2024-11-25,-225,OPEN,2,186,186,R,65.0,0,0.0,0.0,0.0,0,SCHEDULED
3895,AW3559,HEL - CDG,2025-07-08 16:35:00,2025-07-08 19:20:00,2024-11-25,-225,OPEN,2,189,189,G,63.0,1,93.0,71.05,0.01,1,ACTIVATED
5020,AW7648,CDG - OSL,2025-07-08 16:45:00,2025-07-08 18:25:00,2024-11-25,-225,OPEN,2,189,189,L,131.0,5,616.0,419.7,0.03,5,ACTIVATED
1389,AW4637,VIE - CDG,2025-07-08 18:00:00,2025-07-08 20:05:00,2024-11-25,-225,CANCELLED,2,189,189,,,0,0.0,0.0,0.0,0,UNAVAILABLE
6491,AW3422,CDG - TLL,2025-07-08 19:00:00,2025-07-08 23:45:00,2024-11-25,-225,OPEN,2,186,186,X,203.0,28,5715.08,3859.8,0.15,28,SCHEDULED
1402,AW7649,OSL - CDG,2025-07-08 19:05:00,2025-07-08 22:35:00,2024-11-25,-226,OPEN,2,189,189,R,49.0,0,0.0,0.0,0.0,0,ACTIVATED
1374,AW3287,TLL - CDG,2025-07-08 20:00:00,2025-07-08 22:50:00,2024-11-25,-225,OPEN,2,186,186,R,65.0,0,0.0,0.0,0.0,0,SCHEDULED
3894,AW7664,CDG - OSL,2025-07-08 20:45:00,2025-07-08 22:25:00,2024-11-25,-225,OPEN,2,189,189,R,98.0,1,84.0,44.74,0.01,1,ACTIVATED
1379,AW7668,CDG - OSL,2025-07-08 21:15:00,2025-07-08 22:55:00,2024-11-25,-225,OPEN,2,189,189,K,150.0,0,0.0,0.0,0.0,0,ACTIVATED
1382,AW4780,CDG - VIE,2025-07-08 21:20:00,2025-07-08 23:30:00,2024-11-25,-225,OPEN,2,189,189,T,66.0,0,0.0,0.0,0.0,0,ACTIVATED
1377,AW3410,CDG - TLL,2025-07-08 22:40:00,2025-07-09 03:25:00,2024-11-25,-225,OPEN,2,189,189,T,164.0,0,0.0,0.0,0.0,0,SCHEDULED
1396,AW3411,TLL - CDG,2025-07-09 04:20:00,2025-07-09 07:10:00,2024-11-25,-226,OPEN,2,189,189,R,65.0,0,0.0,0.0,0.0,0,SCHEDULED
1418,AW7665,OSL - CDG,2025-07-09 06:00:00,2025-07-09 09:30:00,2024-11-25,-227,OPEN,2,189,189,X,56.0,0,0.0,0.0,0.0,0,ACTIVATED
4800,AW4781,VIE - CDG,2025-07-09 06:15:00,2025-07-09 08:20:00,2024-11-25,-226,OPEN,2,189,189,N,45.0,4,208.0,132.8,0.02,4,ACTIVATED
1419,AW7669,OSL - CDG,2025-07-09 06:30:00,2025-07-09 10:00:00,2024-11-25,-227,OPEN,2,189,189,X,56.0,0,0.0,0.0,0.0,0,ACTIVATED
3896,AW3423,TLL - CDG,2025-07-09 06:45:00,2025-07-09 09:35:00,2024-11-25,-226,OPEN,2,186,186,X,72.0,1,72.0,49.0,0.01,1,SCHEDULED
6468,AW7640,CDG - OSL,2025-07-09 07:15:00,2025-07-09 08:55:00,2024-11-25,-226,OPEN,2,186,186,K,150.0,27,4308.93,3434.4,0.15,27,ACTIVATED
5968,AW3550,CDG - HEL,2025-07-09 08:30:00,2025-07-09 12:50:00,2024-11-25,-226,OPEN,2,189,189,L,150.0,14,2468.0,1932.1,0.07,14,ACTIVATED
1416,AW7641,OSL - CDG,2025-07-09 09:35:00,2025-07-09 13:05:00,2024-11-25,-227,OPEN,2,186,186,X,56.0,0,0.0,0.0,0.0,0,ACTIVATED
1390,AW3284,CDG - TLL,2025-07-09 10:05:00,2025-07-09 14:50:00,2024-11-25,-226,OPEN,2,189,189,X,203.0,0,0.0,0.0,0.0,0,SCHEDULED
1398,AW4632,CDG - VIE,2025-07-09 10:15:00,2025-07-09 12:25:00,2024-11-25,-226,OPEN,2,189,189,R,75.0,0,0.0,0.0,0.0,0,ACTIVATED
1394,AW3288,CDG - TLL,2025-07-09 10:55:00,2025-07-09 15:40:00,2024-11-25,-226,OPEN,2,186,186,X,203.0,0,0.0,0.0,0.0,0,SCHEDULED
4255,AW7644,CDG - OSL,2025-07-09 11:50:00,2025-07-09 13:30:00,2024-11-25,-226,OPEN,2,189,189,V,168.0,2,422.0,357.22,0.01,2,ACTIVATED
1405,AW4633,VIE - CDG,2025-07-09 13:15:00,2025-07-09 15:20:00,2024-11-25,-226,OPEN,2,189,189,T,60.0,0,0.0,0.0,0.0,0,ACTIVATED
5582,AW3551,HEL - CDG,2025-07-09 13:35:00,2025-07-09 16:20:00,2024-11-25,-226,OPEN,2,189,164,G,63.0,9,902.0,704.45,0.05,9,ACTIVATED
3899,AW7645,OSL - CDG,2025-07-09 14:10:00,2025-07-09 17:40:00,2024-11-25,-227,OPEN,2,189,189,X,56.0,1,140.0,117.39,0.01,1,ACTIVATED
6679,AW3558,CDG - HEL,2025-07-09 14:20:00,2025-07-09 18:40:00,2024-11-25,-226,OPEN,2,189,189,K,166.0,35,5724.0,4363.64,0.19,35,ACTIVATED
1392,AW3286,CDG - TLL,2025-07-09 14:20:00,2025-07-09 19:05:00,2024-11-25,-226,OPEN,2,186,186,X,203.0,0,0.0,0.0,0.0,0,SCHEDULED
1399,AW4636,CDG - VIE,2025-07-09 14:40:00,2025-07-09 16:50:00,2024-11-25,-226,CANCELLED,2,189,189,,,0,0.0,0.0,0.0,0,UNAVAILABLE
1391,AW3285,TLL - CDG,2025-07-09 15:45:00,2025-07-09 18:35:00,2024-11-25,-226,OPEN,2,189,189,R,65.0,0,0.0,0.0,0.0,0,SCHEDULED
1395,AW3289,TLL - CDG,2025-07-09 16:40:00,2025-07-09 19:30:00,2024-11-25,-226,OPEN,2,186,186,R,65.0,0,0.0,0.0,0.0,0,SCHEDULED
3897,AW7646,CDG - OSL,2025-07-09 16:45:00,2025-07-09 18:25:00,2024-11-25,-226,OPEN,2,189,189,L,131.0,1,131.0,91.74,0.01,1,ACTIVATED
1406,AW4637,VIE - CDG,2025-07-09 17:40:00,2025-07-09 19:45:00,2024-11-25,-226,CANCELLED,2,189,189,,,0,0.0,0.0,0.0,0,UNAVAILABLE
4555,AW3422,CDG - TLL,2025-07-09 19:00:00,2025-07-09 23:45:00,2024-11-25,-226,OPEN,2,186,186,X,203.0,3,609.0,410.22,0.02,3,SCHEDULED
1417,AW7647,OSL - CDG,2025-07-09 19:10:00,2025-07-09 22:40:00,2024-11-25,-227,OPEN,2,189,189,X,56.0,0,0.0,0.0,0.0,0,ACTIVATED
4257,AW3559,HEL - CDG,2025-07-09 19:25:00,2025-07-09 22:10:00,2024-11-25,-226,OPEN,2,189,189,G,63.0,2,126.0,82.1,0.01,2,ACTIVATED
1393,AW3287,TLL - CDG,2025-07-09 20:00:00,2025-07-09 22:50:00,2024-11-25,-226,OPEN,2,186,186,R,65.0,0,0.0,0.0,0.0,0,SCHEDULED
4256,AW7664,CDG - OSL,2025-07-09 20:45:00,2025-07-09 22:25:00,2024-11-25,-226,OPEN,2,189,189,L,131.0,2,214.0,149.22,0.01,2,ACTIVATED
1397,AW7668,CDG - OSL,2025-07-09 21:15:00,2025-07-09 22:55:00,2024-11-25,-226,OPEN,2,189,189,L,131.0,0,0.0,0.0,0.0,0,ACTIVATED
4799,AW4780,CDG - VIE,2025-07-09 21:20:00,2025-07-09 23:30:00,2024-11-25,-226,OPEN,2,189,189,T,66.0,4,300.0,142.96,0.02,4,ACTIVATED
4557,AW4781,VIE - CDG,2025-07-10 06:00:00,2025-07-10 08:05:00,2024-11-25,-227,OPEN,2,189,189,T,60.0,3,108.0,51.6,0.02,3,ACTIVATED
1433,AW7665,OSL - CDG,2025-07-10 06:00:00,2025-07-10 09:30:00,2024-11-25,-228,OPEN,2,189,189,R,49.0,0,0.0,0.0,0.0,0,ACTIVATED
1434,AW7669,OSL - CDG,2025-07-10 06:30:00,2025-07-10 10:00:00,2024-11-25,-228,OPEN,2,189,189,R,49.0,0,0.0,0.0,0.0,0,ACTIVATED
1409,AW3423,TLL - CDG,2025-07-10 06:45:00,2025-07-10 09:35:00,2024-11-25,-227,OPEN,2,186,186,R,65.0,0,0.0,0.0,0.0,0,SCHEDULED
5189,AW7640,CDG - OSL,2025-07-10 07:15:00,2025-07-10 08:55:00,2024-11-25,-227,OPEN,2,186,186,K,150.0,6,773.26,537.7,0.03,6,ACTIVATED
1411,AW3550,CDG - HEL,2025-07-10 08:05:00,2025-07-10 12:30:00,2024-11-25,-227,CANCELLED,2,189,189,,,0,0.0,0.0,0.0,0,UNAVAILABLE
1431,AW7641,OSL - CDG,2025-07-10 09:35:00,2025-07-10 13:05:00,2024-11-25,-228,OPEN,2,186,186,X,56.0,0,0.0,0.0,0.0,0,ACTIVATED
4261,AW4632,CDG - VIE,2025-07-10 09:45:00,2025-07-10 11:55:00,2024-11-25,-227,OPEN,2,189,189,T,66.0,2,158.0,93.22,0.01,2,ACTIVATED
5844,AW4670,CDG - BUD,2025-07-10 10:05:00,2025-07-10 13:10:00,2024-11-25,-227,OPEN,2,189,99,Q,214.0,12,2181.0,1757.97,0.12,12,SCHEDULED
4258,AW3288,CDG - TLL,2025-07-10 11:25:00,2025-07-10 16:10:00,2024-11-25,-227,OPEN,2,186,186,X,203.0,2,406.0,273.48,0.01,2,SCHEDULED
4259,AW7644,CDG - OSL,2025-07-10 11:50:00,2025-07-10 13:30:00,2024-11-25,-227,OPEN,2,189,189,K,150.0,2,214.0,149.22,0.01,2,ACTIVATED
5021,AW4633,VIE - CDG,2025-07-10 12:45:00,2025-07-10 14:50:00,2024-11-25,-227,OPEN,2,189,189,R,70.0,5,260.0,166.0,0.03,5,ACTIVATED
1412,AW3551,HEL - CDG,2025-07-10 13:15:00,2025-07-10 16:00:00,2024-11-25,-227,CANCELLED,2,189,189,,,0,0.0,0.0,0.0,0,UNAVAILABLE
6090,AW4671,BUD - CDG,2025-07-10 13:55:00,2025-07-10 18:50:00,2024-11-25,-228,OPEN,2,189,99,Q,62.0,16,770.0,612.88,0.16,16,DEACTIVATED
3900,AW7645,OSL - CDG,2025-07-10 14:15:00,2025-07-10 17:45:00,2024-11-25,-228,OPEN,2,189,189,X,56.0,1,34.0,11.39,0.01,1,ACTIVATED
1415,AW4636,CDG - VIE,2025-07-10 14:30:00,2025-07-10 16:40:00,2024-11-25,-227,CANCELLED,2,189,189,,,0,0.0,0.0,0.0,0,UNAVAILABLE
4556,AW3556,CDG - HEL,2025-07-10 15:00:00,2025-07-10 19:20:00,2024-11-25,-227,OPEN,2,189,189,V,184.0,3,417.0,306.09,0.02,3,ACTIVATED
4260,AW7646,CDG - OSL,2025-07-10 15:20:00,2025-07-10 17:00:00,2024-11-25,-227,OPEN,2,189,189,L,131.0,2,262.0,183.48,0.01,2,ACTIVATED
1407,AW3289,TLL - CDG,2025-07-10 17:10:00,2025-07-10 20:00:00,2024-11-25,-227,OPEN,2,186,186,R,65.0,0,0.0,0.0,0.0,0,SCHEDULED
1420,AW4637,VIE - CDG,2025-07-10 17:30:00,2025-07-10 19:35:00,2024-11-25,-227,CANCELLED,2,189,189,,,0,0.0,0.0,0.0,0,UNAVAILABLE
1432,AW7647,OSL - CDG,2025-07-10 17:40:00,2025-07-10 21:10:00,2024-11-25,-228,OPEN,2,189,189,X,56.0,0,0.0,0.0,0.0,0,ACTIVATED
1408,AW3422,CDG - TLL,2025-07-10 19:00:00,2025-07-10 23:45:00,2024-11-25,-227,OPEN,2,186,186,R,182.0,0,0.0,0.0,0.0,0,SCHEDULED
4262,AW3557,HEL - CDG,2025-07-10 20:05:00,2025-07-10 22:50:00,2024-11-25,-227,OPEN,2,189,189,G,63.0,2,164.0,120.1,0.01,2,ACTIVATED
1413,AW7664,CDG - OSL,2025-07-10 20:45:00,2025-07-10 22:25:00,2024-11-25,-227,OPEN,2,189,189,L,131.0,0,0.0,0.0,0.0,0,ACTIVATED
3898,AW4780,CDG - VIE,2025-07-10 21:15:00,2025-07-10 23:25:00,2024-11-25,-227,OPEN,2,189,189,T,66.0,1,75.0,35.74,0.01,1,ACTIVATED
1414,AW7668,CDG - OSL,2025-07-10 21:15:00,2025-07-10 22:55:00,2024-11-25,-227,OPEN,2,189,189,L,131.0,0,0.0,0.0,0.0,0,ACTIVATED
1410,AW3410,CDG - TLL,2025-07-10 22:40:00,2025-07-11 03:25:00,2024-11-25,-227,OPEN,2,189,189,R,182.0,0,0.0,0.0,0.0,0,SCHEDULED
1423,AW3411,TLL - CDG,2025-07-11 04:20:00,2025-07-11 07:10:00,2024-11-25,-228,OPEN,2,189,189,R,65.0,0,0.0,0.0,0.0,0,SCHEDULED
1448,AW7665,OSL - CDG,2025-07-11 06:00:00,2025-07-11 09:30:00,2024-11-25,-229,OPEN,2,189,189,R,49.0,0,0.0,0.0,0.0,0,ACTIVATED
1449,AW7669,OSL - CDG,2025-07-11 06:30:00,2025-07-11 10:00:00,2024-11-25,-229,OPEN,2,189,189,R,49.0,0,0.0,0.0,0.0,0,ACTIVATED
4801,AW3423,TLL - CDG,2025-07-11 06:35:00,2025-07-11 09:25:00,2024-11-25,-228,OPEN,2,186,186,X,72.0,4,288.0,196.0,0.02,4,SCHEDULED
4266,AW4781,VIE - CDG,2025-07-11 06:55:00,2025-07-11 09:00:00,2024-11-25,-228,OPEN,2,189,189,G,52.0,2,90.0,52.4,0.01,2,ACTIVATED
1425,AW7640,CDG - OSL,2025-07-11 07:20:00,2025-07-11 09:00:00,2024-11-25,-228,OPEN,2,186,186,L,131.0,0,0.0,0.0,0.0,0,ACTIVATED
4264,AW3550,CDG - HEL,2025-07-11 07:30:00,2025-07-11 11:50:00,2024-11-25,-228,OPEN,2,189,169,K,166.0,2,206.0,141.22,0.01,2,ACTIVATED
4263,AW3280,CDG - TLL,2025-07-11 09:05:00,2025-07-11 13:50:00,2024-11-25,-228,OPEN,2,186,186,X,203.0,2,498.0,380.46,0.01,2,SCHEDULED
1445,AW7641,OSL - CDG,2025-07-11 09:40:00,2025-07-11 13:10:00,2024-11-25,-229,OPEN,2,186,186,R,49.0,0,0.0,0.0,0.0,0,ACTIVATED
1429,AW4632,CDG - VIE,2025-07-11 10:05:00,2025-07-11 12:15:00,2024-11-25,-228,OPEN,2,189,189,X,86.0,0,0.0,0.0,0.0,0,ACTIVATED
4802,AW7644,CDG - OSL,2025-07-11 11:10:00,2025-07-11 12:50:00,2024-11-25,-228,OPEN,2,189,189,Q,186.0,4,867.0,709.96,0.02,4,ACTIVATED
1435,AW3551,HEL - CDG,2025-07-11 12:35:00,2025-07-11 15:20:00,2024-11-25,-228,OPEN,2,189,169,T,71.0,0,0.0,0.0,0.0,0,ACTIVATED
1437,AW4633,VIE - CDG,2025-07-11 13:05:00,2025-07-11 15:10:00,2024-11-25,-228,OPEN,2,189,189,R,70.0,0,0.0,0.0,0.0,0,ACTIVATED
5461,AW3284,CDG - TLL,2025-07-11 13:25:00,2025-07-11 18:10:00,2024-11-25,-228,OPEN,2,189,189,X,203.0,8,1730.0,1199.92,0.04,8,SCHEDULED
1446,AW7645,OSL - CDG,2025-07-11 13:35:00,2025-07-11 17:05:00,2024-11-25,-229,OPEN,2,189,189,X,56.0,0,0.0,0.0,0.0,0,ACTIVATED
1421,AW3281,TLL - CDG,2025-07-11 14:50:00,2025-07-11 17:40:00,2024-11-25,-228,OPEN,2,186,186,R,65.0,0,0.0,0.0,0.0,0,SCHEDULED
4265,AW3558,CDG - HEL,2025-07-11 14:55:00,2025-07-11 19:15:00,2024-11-25,-228,OPEN,2,189,189,V,184.0,2,514.0,435.48,0.01,2,ACTIVATED
1430,AW4636,CDG - VIE,2025-07-11 14:55:00,2025-07-11 17:05:00,2024-11-25,-228,CANCELLED,2,189,189,,,0,0.0,0.0,0.0,0,UNAVAILABLE
1426,AW7648,CDG - OSL,2025-07-11 16:25:00,2025-07-11 18:05:00,2024-11-25,-228,OPEN,2,189,189,Q,186.0,0,0.0,0.0,0.0,0,ACTIVATED
1438,AW4637,VIE - CDG,2025-07-11 17:55:00,2025-07-11 20:00:00,2024-11-25,-228,CANCELLED,2,189,189,,,0,0.0,0.0,0.0,0,UNAVAILABLE
1447,AW7649,OSL - CDG,2025-07-11 18:45:00,2025-07-11 22:15:00,2024-11-25,-229,OPEN,2,189,189,X,56.0,0,0.0,0.0,0.0,0,ACTIVATED
1424,AW3422,CDG - TLL,2025-07-11 19:00:00,2025-07-11 23:45:00,2024-11-25,-228,OPEN,2,186,186,R,182.0,0,0.0,0.0,0.0,0,SCHEDULED
1422,AW3285,TLL - CDG,2025-07-11 19:05:00,2025-07-11 21:55:00,2024-11-25,-228,OPEN,2,189,189,R,65.0,0,0.0,0.0,0.0,0,SCHEDULED
1436,AW3559,HEL - CDG,2025-07-11 20:00:00,2025-07-11 22:45:00,2024-11-25,-228,OPEN,2,189,189,G,63.0,0,0.0,0.0,0.0,0,ACTIVATED
1427,AW7664,CDG - OSL,2025-07-11 20:45:00,2025-07-11 22:25:00,2024-11-25,-228,OPEN,2,189,189,V,168.0,0,0.0,0.0,0.0,0,ACTIVATED
5769,AW4780,CDG - VIE,2025-07-11 21:10:00,2025-07-11 23:20:00,2024-11-25,-228,OPEN,2,189,189,V,124.0,11,824.0,453.97,0.06,11,ACTIVATED
1428,AW7668,CDG - OSL,2025-07-11 21:15:00,2025-07-11 22:55:00,2024-11-25,-228,OPEN,2,189,189,V,168.0,0,0.0,0.0,0.0,0,ACTIVATED
1466,AW7665,OSL - CDG,2025-07-12 05:55:00,2025-07-12 09:25:00,2024-11-25,-230,OPEN,2,189,189,X,56.0,0,0.0,0.0,0.0,0,ACTIVATED
1453,AW4781,VIE - CDG,2025-07-12 06:00:00,2025-07-12 08:05:00,2024-11-25,-229,OPEN,2,189,189,G,52.0,0,0.0,0.0,0.0,0,ACTIVATED
6180,AW4670,CDG - BUD,2025-07-12 06:15:00,2025-07-12 09:20:00,2024-11-25,-229,OPEN,2,186,96,V,195.0,18,3121.0,2489.89,0.19,18,SCHEDULED
1467,AW7669,OSL - CDG,2025-07-12 06:25:00,2025-07-12 09:55:00,2024-11-25,-230,OPEN,2,189,189,X,56.0,0,0.0,0.0,0.0,0,ACTIVATED
1439,AW3423,TLL - CDG,2025-07-12 06:45:00,2025-07-12 09:35:00,2024-11-25,-229,OPEN,2,186,186,R,65.0,0,0.0,0.0,0.0,0,SCHEDULED
4267,AW3550,CDG - HEL,2025-07-12 08:35:00,2025-07-12 12:55:00,2024-11-25,-229,OPEN,2,189,189,K,166.0,2,332.0,253.48,0.01,2,ACTIVATED
6289,AW3280,CDG - TLL,2025-07-12 09:00:00,2025-07-12 13:45:00,2024-11-25,-229,OPEN,2,189,189,K,253.0,21,5061.0,3669.54,0.11,21,SCHEDULED
6091,AW4671,BUD - CDG,2025-07-12 10:05:00,2025-07-12 15:00:00,2024-11-25,-230,OPEN,2,186,126,V,55.0,16,771.0,613.88,0.13,16,DEACTIVATED
4268,AW4636,CDG - VIE,2025-07-12 10:10:00,2025-07-12 12:20:00,2024-11-25,-229,OPEN,2,189,189,L,97.0,2,136.0,71.22,0.01,2,ACTIVATED
4803,AW3288,CDG - TLL,2025-07-12 10:15:00,2025-07-12 15:00:00,2024-11-25,-229,OPEN,2,186,186,L,227.0,4,908.0,642.96,0.02,4,SCHEDULED
1440,AW7644,CDG - OSL,2025-07-12 10:20:00,2025-07-12 12:00:00,2024-11-25,-229,OPEN,2,189,179,H,204.0,0,0.0,0.0,0.0,0,ACTIVATED
3902,AW7645,OSL - CDG,2025-07-12 12:40:00,2025-07-12 16:10:00,2024-11-25,-230,OPEN,2,189,179,L,62.0,1,43.0,20.39,0.01,1,ACTIVATED
1452,AW4637,VIE - CDG,2025-07-12 13:10:00,2025-07-12 15:15:00,2024-11-25,-229,OPEN,2,189,189,X,82.0,0,0.0,0.0,0.0,0,ACTIVATED
1443,AW4634,CDG - VIE,2025-07-12 13:35:00,2025-07-12 15:45:00,2024-11-25,-229,CANCELLED,2,189,189,,,0,0.0,0.0,0.0,0,UNAVAILABLE
1450,AW3551,HEL - CDG,2025-07-12 13:40:00,2025-07-12 16:25:00,2024-11-25,-229,OPEN,2,189,189,T,71.0,0,0.0,0.0,0.0,0,ACTIVATED
5022,AW3281,TLL - CDG,2025-07-12 14:40:00,2025-07-12 17:30:00,2024-11-25,-229,OPEN,2,189,189,X,72.0,5,360.0,245.0,0.03,5,SCHEDULED
5583,AW7658,CDG - OSL,2025-07-12 15:20:00,2025-07-12 17:00:00,2024-11-25,-229,OPEN,2,189,189,Q,186.0,9,1659.0,1360.62,0.05,9,ACTIVATED
5328,AW3289,TLL - CDG,2025-07-12 16:00:00,2025-07-12 18:50:00,2024-11-25,-229,OPEN,2,186,186,L,78.0,7,516.0,355.0,0.04,7,SCHEDULED
1451,AW4635,VIE - CDG,2025-07-12 16:40:00,2025-07-12 18:45:00,2024-11-25,-229,CANCELLED,2,189,189,,,0,0.0,0.0,0.0,0,UNAVAILABLE
4805,AW7646,CDG - OSL,2025-07-12 16:45:00,2025-07-12 18:25:00,2024-11-25,-229,OPEN,2,186,186,V,168.0,4,590.0,460.44,0.02,4,ACTIVATED
6493,AW7659,OSL - CDG,2025-07-12 17:40:00,2025-07-12 21:10:00,2024-11-25,-230,OPEN,2,189,189,L,62.0,28,1954.12,1321.04,0.15,28,ACTIVATED
4804,AW3422,CDG - TLL,2025-07-12 19:00:00,2025-07-12 23:45:00,2024-11-25,-229,OPEN,2,186,186,X,203.0,4,444.0,178.96,0.02,4,SCHEDULED
1465,AW7647,OSL - CDG,2025-07-12 19:05:00,2025-07-12 22:35:00,2024-11-25,-230,OPEN,2,186,186,X,56.0,0,0.0,0.0,0.0,0,ACTIVATED
1441,AW7664,CDG - OSL,2025-07-12 20:45:00,2025-07-12 22:25:00,2024-11-25,-229,OPEN,2,189,189,V,168.0,0,0.0,0.0,0.0,0,ACTIVATED
1444,AW4780,CDG - VIE,2025-07-12 21:15:00,2025-07-12 23:25:00,2024-11-25,-229,OPEN,2,189,189,L,97.0,0,0.0,0.0,0.0,0,ACTIVATED
1442,AW7668,CDG - OSL,2025-07-12 21:15:00,2025-07-12 22:55:00,2024-11-25,-229,OPEN,2,189,189,V,168.0,0,0.0,0.0,0.0,0,ACTIVATED
1491,AW7669,OSL - CDG,2025-07-13 06:00:00,2025-07-13 09:30:00,2024-11-25,-231,OPEN,2,189,189,X,56.0,0,0.0,0.0,0.0,0,ACTIVATED
1471,AW4781,VIE - CDG,2025-07-13 06:00:00,2025-07-13 08:05:00,2024-11-25,-230,OPEN,2,189,189,T,60.0,0,0.0,0.0,0.0,0,ACTIVATED
1490,AW7665,OSL - CDG,2025-07-13 06:30:00,2025-07-13 10:00:00,2024-11-25,-231,OPEN,2,189,189,X,56.0,0,0.0,0.0,0.0,0,ACTIVATED
1459,AW3423,TLL - CDG,2025-07-13 07:00:00,2025-07-13 09:50:00,2024-11-25,-230,OPEN,2,186,186,R,65.0,0,0.0,0.0,0.0,0,SCHEDULED
1462,AW7640,CDG - OSL,2025-07-13 07:20:00,2025-07-13 09:00:00,2024-11-25,-230,OPEN,2,189,189,L,131.0,0,0.0,0.0,0.0,0,ACTIVATED
5023,AW3280,CDG - TLL,2025-07-13 08:05:00,2025-07-13 12:50:00,2024-11-25,-230,OPEN,2,189,189,K,253.0,5,1135.0,803.7,0.03,5,SCHEDULED
1488,AW7641,OSL - CDG,2025-07-13 09:40:00,2025-07-13 13:10:00,2024-11-25,-231,OPEN,2,189,189,L,62.0,0,0.0,0.0,0.0,0,ACTIVATED
4806,AW7658,CDG - OSL,2025-07-13 10:20:00,2025-07-13 12:00:00,2024-11-25,-230,OPEN,2,189,189,K,150.0,4,650.0,520.44,0.02,4,ACTIVATED
3901,AW4638,CDG - VIE,2025-07-13 10:55:00,2025-07-13 13:05:00,2024-11-25,-230,OPEN,2,189,189,T,66.0,1,66.0,26.74,0.01,1,ACTIVATED
4558,AW3288,CDG - TLL,2025-07-13 10:55:00,2025-07-13 15:40:00,2024-11-25,-230,OPEN,2,186,186,L,227.0,3,660.0,483.69,0.02,3,SCHEDULED
1489,AW7659,OSL - CDG,2025-07-13 12:40:00,2025-07-13 16:10:00,2024-11-25,-231,OPEN,2,189,189,K,71.0,0,0.0,0.0,0.0,0,ACTIVATED
1456,AW3281,TLL - CDG,2025-07-13 13:45:00,2025-07-13 16:35:00,2024-11-25,-230,OPEN,2,189,189,R,65.0,0,0.0,0.0,0.0,0,SCHEDULED
1470,AW4639,VIE - CDG,2025-07-13 13:55:00,2025-07-13 16:00:00,2024-11-25,-230,OPEN,2,189,189,R,70.0,0,0.0,0.0,0.0,0,ACTIVATED
1464,AW4636,CDG - VIE,2025-07-13 14:35:00,2025-07-13 16:45:00,2024-11-25,-230,CANCELLED,2,189,189,,,0,0.0,0.0,0.0,0,UNAVAILABLE
1460,AW3556,CDG - HEL,2025-07-13 14:45:00,2025-07-13 19:05:00,2024-11-25,-230,OPEN,2,189,185,V,184.0,0,0.0,0.0,0.0,0,ACTIVATED
1461,AW3558,CDG - HEL,2025-07-13 15:00:00,2025-07-13 19:20:00,2024-11-25,-230,OPEN,2,189,189,V,184.0,0,0.0,0.0,0.0,0,ACTIVATED
1457,AW3289,TLL - CDG,2025-07-13 16:40:00,2025-07-13 19:30:00,2024-11-25,-230,OPEN,2,186,186,R,65.0,0,0.0,0.0,0.0,0,SCHEDULED
4269,AW7646,CDG - OSL,2025-07-13 16:45:00,2025-07-13 18:25:00,2024-11-25,-230,OPEN,2,189,189,Q,186.0,2,452.0,387.22,0.01,2,ACTIVATED
1469,AW4637,VIE - CDG,2025-07-13 17:30:00,2025-07-13 19:35:00,2024-11-25,-230,CANCELLED,2,189,189,,,0,0.0,0.0,0.0,0,UNAVAILABLE
1458,AW3422,CDG - TLL,2025-07-13 19:00:00,2025-07-13 23:45:00,2024-11-25,-230,OPEN,2,186,186,R,182.0,0,0.0,0.0,0.0,0,SCHEDULED
5027,AW7647,OSL - CDG,2025-07-13 19:05:00,2025-07-13 22:35:00,2024-11-25,-231,OPEN,2,189,189,V,80.0,5,488.0,374.95,0.03,5,ACTIVATED
4270,AW3557,HEL - CDG,2025-07-13 19:50:00,2025-07-13 22:35:00,2024-11-25,-230,OPEN,2,189,189,X,93.0,2,238.0,194.1,0.01,2,ACTIVATED
1468,AW3559,HEL - CDG,2025-07-13 20:05:00,2025-07-13 22:50:00,2024-11-25,-230,OPEN,2,189,189,L,105.0,0,0.0,0.0,0.0,0,ACTIVATED
6492,AW7664,CDG - OSL,2025-07-13 20:45:00,2025-07-13 22:25:00,2024-11-25,-230,OPEN,2,189,189,H,204.0,28,4877.04,3970.12,0.15,28,ACTIVATED
1463,AW7668,CDG - OSL,2025-07-13 21:15:00,2025-07-13 22:55:00,2024-11-25,-230,OPEN,2,189,189,L,131.0,0,0.0,0.0,0.0,0,ACTIVATED
5024,AW4780,CDG - VIE,2025-07-13 21:25:00,2025-07-13 23:35:00,2024-11-25,-230,OPEN,2,189,189,L,97.0,5,327.0,144.44,0.03,5,ACTIVATED
1493,AW7669,OSL - CDG,2025-07-14 05:55:00,2025-07-14 09:25:00,2024-11-25,-232,OPEN,2,189,189,R,69.0,0,0.0,0.0,0.0,0,ACTIVATED
5026,AW4781,VIE - CDG,2025-07-14 06:00:00,2025-07-14 08:05:00,2024-11-25,-231,OPEN,2,189,189,G,52.0,5,300.0,206.0,0.03,5,ACTIVATED
4559,AW7665,OSL - CDG,2025-07-14 06:30:00,2025-07-14 10:00:00,2024-11-25,-232,OPEN,2,189,189,R,69.0,3,117.0,49.17,0.02,3,ACTIVATED
1477,AW3423,TLL - CDG,2025-07-14 06:45:00,2025-07-14 09:35:00,2024-11-25,-231,OPEN,2,186,186,X,109.0,0,0.0,0.0,0.0,0,SCHEDULED
4272,AW7640,CDG - OSL,2025-07-14 07:15:00,2025-07-14 08:55:00,2024-11-25,-231,OPEN,2,189,189,K,150.0,2,255.0,190.22,0.01,2,ACTIVATED
1474,AW3284,CDG - TLL,2025-07-14 07:45:00,2025-07-14 12:30:00,2024-11-25,-231,OPEN,2,186,186,R,182.0,0,0.0,0.0,0.0,0,SCHEDULED
1480,AW3550,CDG - HEL,2025-07-14 08:20:00,2025-07-14 12:40:00,2024-11-25,-231,OPEN,2,189,189,K,166.0,0,0.0,0.0,0.0,0,ACTIVATED
1492,AW7641,OSL - CDG,2025-07-14 09:35:00,2025-07-14 13:05:00,2024-11-25,-232,OPEN,2,189,189,T,57.0,0,0.0,0.0,0.0,0,ACTIVATED
1485,AW4632,CDG - VIE,2025-07-14 10:05:00,2025-07-14 12:15:00,2024-11-25,-231,OPEN,2,189,189,V,124.0,0,0.0,0.0,0.0,0,ACTIVATED
1473,AW3280,CDG - TLL,2025-07-14 10:10:00,2025-07-14 14:55:00,2024-11-25,-231,OPEN,2,186,186,X,203.0,0,0.0,0.0,0.0,0,SCHEDULED
4807,AW7644,CDG - OSL,2025-07-14 11:10:00,2025-07-14 12:50:00,2024-11-25,-231,OPEN,2,189,189,K,150.0,4,637.0,507.44,0.02,4,ACTIVATED
1478,AW4633,VIE - CDG,2025-07-14 13:05:00,2025-07-14 15:10:00,2024-11-25,-231,OPEN,2,189,189,R,70.0,0,0.0,0.0,0.0,0,ACTIVATED
1472,AW3551,HEL - CDG,2025-07-14 13:25:00,2025-07-14 16:10:00,2024-11-25,-231,OPEN,2,189,189,T,92.0,0,0.0,0.0,0.0,0,ACTIVATED
1475,AW3285,TLL - CDG,2025-07-14 13:25:00,2025-07-14 16:15:00,2024-11-25,-231,OPEN,2,186,186,L,125.0,0,0.0,0.0,0.0,0,SCHEDULED
5028,AW7645,OSL - CDG,2025-07-14 13:35:00,2025-07-14 17:05:00,2024-11-25,-232,OPEN,2,189,189,X,82.0,5,375.0,261.95,0.03,5,ACTIVATED
1486,AW4634,CDG - VIE,2025-07-14 14:30:00,2025-07-14 16:40:00,2024-11-25,-231,CANCELLED,2,189,189,,,0,0.0,0.0,0.0,0,UNAVAILABLE
1481,AW3558,CDG - HEL,2025-07-14 14:55:00,2025-07-14 19:15:00,2024-11-25,-231,OPEN,2,189,189,K,166.0,0,0.0,0.0,0.0,0,ACTIVATED
4271,AW3281,TLL - CDG,2025-07-14 15:55:00,2025-07-14 18:45:00,2024-11-25,-231,OPEN,2,186,186,L,125.0,2,384.0,338.0,0.01,2,SCHEDULED
1482,AW7648,CDG - OSL,2025-07-14 16:50:00,2025-07-14 18:30:00,2024-11-25,-231,OPEN,2,189,189,Q,186.0,0,0.0,0.0,0.0,0,ACTIVATED
1479,AW4635,VIE - CDG,2025-07-14 17:30:00,2025-07-14 19:35:00,2024-11-25,-231,CANCELLED,2,189,189,,,0,0.0,0.0,0.0,0,UNAVAILABLE
1476,AW3422,CDG - TLL,2025-07-14 19:00:00,2025-07-14 23:45:00,2024-11-25,-231,OPEN,2,186,186,R,182.0,0,0.0,0.0,0.0,0,SCHEDULED
4273,AW7649,OSL - CDG,2025-07-14 19:10:00,2025-07-14 22:40:00,2024-11-25,-232,OPEN,2,189,189,R,69.0,2,114.0,68.78,0.01,2,ACTIVATED
5025,AW3559,HEL - CDG,2025-07-14 20:00:00,2025-07-14 22:45:00,2024-11-25,-231,OPEN,2,189,189,T,92.0,5,413.0,303.25,0.03,5,ACTIVATED
1483,AW7664,CDG - OSL,2025-07-14 20:45:00,2025-07-14 22:25:00,2024-11-25,-231,OPEN,2,189,189,L,131.0,0,0.0,0.0,0.0,0,ACTIVATED
1484,AW7668,CDG - OSL,2025-07-14 21:15:00,2025-07-14 22:55:00,2024-11-25,-231,OPEN,2,189,189,L,131.0,0,0.0,0.0,0.0,0,ACTIVATED
1487,AW4780,CDG - VIE,2025-07-14 21:20:00,2025-07-14 23:30:00,2024-11-25,-231,OPEN,2,189,189,T,66.0,0,0.0,0.0,0.0,0,ACTIVATED
1508,AW7669,OSL - CDG,2025-07-15 06:00:00,2025-07-15 09:30:00,2024-11-25,-233,OPEN,2,189,189,T,57.0,0,0.0,0.0,0.0,0,ACTIVATED
1501,AW4781,VIE - CDG,2025-07-15 06:00:00,2025-07-15 08:05:00,2024-11-25,-232,OPEN,2,189,189,T,60.0,0,0.0,0.0,0.0,0,ACTIVATED
5585,AW4670,CDG - BUD,2025-07-15 06:15:00,2025-07-15 09:20:00,2024-11-25,-232,OPEN,2,186,99,Q,214.0,9,1734.0,1401.27,0.09,9,SCHEDULED
1507,AW7665,OSL - CDG,2025-07-15 06:30:00,2025-07-15 10:00:00,2024-11-25,-233,OPEN,2,189,189,T,57.0,0,0.0,0.0,0.0,0,ACTIVATED
1499,AW3423,TLL - CDG,2025-07-15 06:45:00,2025-07-15 09:35:00,2024-11-25,-232,OPEN,2,186,186,L,125.0,0,0.0,0.0,0.0,0,SCHEDULED
4275,AW7640,CDG - OSL,2025-07-15 07:15:00,2025-07-15 08:55:00,2024-11-25,-232,OPEN,2,189,111,Q,186.0,2,322.0,243.48,0.02,2,ACTIVATED
1505,AW7641,OSL - CDG,2025-07-15 09:35:00,2025-07-15 13:05:00,2024-11-25,-233,OPEN,2,189,111,X,82.0,0,0.0,0.0,0.0,0,ACTIVATED
5584,AW3288,CDG - TLL,2025-07-15 09:50:00,2025-07-15 14:35:00,2024-11-25,-232,OPEN,2,186,186,X,203.0,9,2106.77,1517.92,0.05,9,SCHEDULED
4276,AW4671,BUD - CDG,2025-07-15 10:05:00,2025-07-15 15:00:00,2024-11-25,-233,OPEN,2,186,99,X,85.0,2,268.0,248.36,0.02,2,DEACTIVATED
5463,AW4632,CDG - VIE,2025-07-15 10:05:00,2025-07-15 12:15:00,2024-11-25,-232,OPEN,2,189,189,R,75.0,8,573.0,307.01,0.04,8,ACTIVATED
5845,AW3558,CDG - HEL,2025-07-15 11:30:00,2025-07-15 15:50:00,2024-11-25,-232,OPEN,2,189,189,K,166.0,12,1974.0,1544.1,0.06,12,ACTIVATED
4808,AW7644,CDG - OSL,2025-07-15 11:50:00,2025-07-15 13:30:00,2024-11-25,-232,OPEN,2,189,189,V,168.0,4,637.0,507.44,0.02,4,ACTIVATED
4274,AW4633,VIE - CDG,2025-07-15 13:05:00,2025-07-15 15:10:00,2024-11-25,-232,OPEN,2,189,189,T,60.0,2,120.0,82.4,0.01,2,ACTIVATED
4810,AW7645,OSL - CDG,2025-07-15 14:15:00,2025-07-15 17:45:00,2024-11-25,-233,OPEN,2,189,189,T,57.0,4,188.0,97.56,0.02,4,ACTIVATED
1495,AW3286,CDG - TLL,2025-07-15 14:20:00,2025-07-15 19:05:00,2024-11-25,-232,OPEN,2,186,186,R,182.0,0,0.0,0.0,0.0,0,SCHEDULED
1504,AW4636,CDG - VIE,2025-07-15 15:00:00,2025-07-15 17:10:00,2024-11-25,-232,CANCELLED,2,189,189,,,0,0.0,0.0,0.0,0,UNAVAILABLE
1497,AW3289,TLL - CDG,2025-07-15 15:35:00,2025-07-15 18:25:00,2024-11-25,-232,OPEN,2,186,186,X,109.0,0,0.0,0.0,0.0,0,SCHEDULED
1494,AW3559,HEL - CDG,2025-07-15 16:35:00,2025-07-15 19:20:00,2024-11-25,-232,OPEN,2,189,189,T,92.0,0,0.0,0.0,0.0,0,ACTIVATED
5462,AW7648,CDG - OSL,2025-07-15 16:45:00,2025-07-15 18:25:00,2024-11-25,-232,OPEN,2,189,189,K,150.0,8,1020.0,726.53,0.04,8,ACTIVATED
1500,AW4637,VIE - CDG,2025-07-15 18:00:00,2025-07-15 20:05:00,2024-11-25,-232,CANCELLED,2,189,189,,,0,0.0,0.0,0.0,0,UNAVAILABLE
1498,AW3422,CDG - TLL,2025-07-15 19:00:00,2025-07-15 23:45:00,2024-11-25,-232,OPEN,2,186,186,R,182.0,0,0.0,0.0,0.0,0,SCHEDULED
1506,AW7649,OSL - CDG,2025-07-15 19:05:00,2025-07-15 22:35:00,2024-11-25,-233,OPEN,2,189,189,T,57.0,0,0.0,0.0,0.0,0,ACTIVATED
1496,AW3287,TLL - CDG,2025-07-15 20:00:00,2025-07-15 22:50:00,2024-11-25,-232,OPEN,2,186,186,X,109.0,0,0.0,0.0,0.0,0,SCHEDULED
3903,AW7664,CDG - OSL,2025-07-15 20:45:00,2025-07-15 22:25:00,2024-11-25,-232,OPEN,2,189,189,R,98.0,1,84.0,44.74,0.01,1,ACTIVATED
1503,AW7668,CDG - OSL,2025-07-15 21:15:00,2025-07-15 22:55:00,2024-11-25,-232,OPEN,2,189,189,R,98.0,0,0.0,0.0,0.0,0,ACTIVATED
4809,AW4780,CDG - VIE,2025-07-15 21:20:00,2025-07-15 23:30:00,2024-11-25,-232,OPEN,2,189,189,R,75.0,4,264.0,134.44,0.02,4,ACTIVATED
1502,AW3410,CDG - TLL,2025-07-15 22:40:00,2025-07-16 03:25:00,2024-11-25,-232,OPEN,2,189,189,R,182.0,0,0.0,0.0,0.0,0,SCHEDULED
1514,AW3411,TLL - CDG,2025-07-16 04:20:00,2025-07-16 07:10:00,2024-11-25,-233,OPEN,2,189,189,T,80.0,0,0.0,0.0,0.0,0,SCHEDULED
1524,AW7665,OSL - CDG,2025-07-16 06:00:00,2025-07-16 09:30:00,2024-11-25,-234,OPEN,2,189,189,T,57.0,0,0.0,0.0,0.0,0,ACTIVATED
4278,AW4781,VIE - CDG,2025-07-16 06:15:00,2025-07-16 08:20:00,2024-11-25,-233,OPEN,2,189,189,N,45.0,2,90.0,52.4,0.01,2,ACTIVATED
1525,AW7669,OSL - CDG,2025-07-16 06:30:00,2025-07-16 10:00:00,2024-11-25,-234,OPEN,2,189,189,T,57.0,0,0.0,0.0,0.0,0,ACTIVATED
1515,AW3423,TLL - CDG,2025-07-16 06:45:00,2025-07-16 09:35:00,2024-11-25,-233,OPEN,2,186,186,T,80.0,0,0.0,0.0,0.0,0,SCHEDULED
4560,AW7640,CDG - OSL,2025-07-16 07:15:00,2025-07-16 08:55:00,2024-11-25,-233,OPEN,2,186,186,L,131.0,3,451.0,333.22,0.02,3,ACTIVATED
4812,AW3550,CDG - HEL,2025-07-16 08:30:00,2025-07-16 12:50:00,2024-11-25,-233,OPEN,2,189,189,L,150.0,4,694.0,550.7,0.02,4,ACTIVATED
1523,AW7641,OSL - CDG,2025-07-16 09:35:00,2025-07-16 13:05:00,2024-11-25,-234,OPEN,2,186,186,T,57.0,0,0.0,0.0,0.0,0,ACTIVATED
1509,AW3284,CDG - TLL,2025-07-16 10:05:00,2025-07-16 14:50:00,2024-11-25,-233,OPEN,2,189,189,X,203.0,0,0.0,0.0,0.0,0,SCHEDULED
1520,AW4632,CDG - VIE,2025-07-16 10:15:00,2025-07-16 12:25:00,2024-11-25,-233,OPEN,2,189,189,T,66.0,0,0.0,0.0,0.0,0,ACTIVATED
1513,AW3288,CDG - TLL,2025-07-16 10:55:00,2025-07-16 15:40:00,2024-11-25,-233,OPEN,2,186,186,X,203.0,0,0.0,0.0,0.0,0,SCHEDULED
5464,AW7644,CDG - OSL,2025-07-16 11:50:00,2025-07-16 13:30:00,2024-11-25,-233,OPEN,2,189,189,Q,186.0,8,1268.0,988.27,0.04,8,ACTIVATED
1516,AW4633,VIE - CDG,2025-07-16 13:15:00,2025-07-16 15:20:00,2024-11-25,-233,OPEN,2,189,189,T,60.0,0,0.0,0.0,0.0,0,ACTIVATED
5029,AW3551,HEL - CDG,2025-07-16 13:35:00,2025-07-16 16:20:00,2024-11-25,-233,OPEN,2,189,164,T,92.0,5,580.0,470.25,0.03,5,ACTIVATED
4279,AW7645,OSL - CDG,2025-07-16 14:10:00,2025-07-16 17:40:00,2024-11-25,-234,OPEN,2,189,189,T,57.0,2,162.0,116.78,0.01,2,ACTIVATED
1518,AW3558,CDG - HEL,2025-07-16 14:20:00,2025-07-16 18:40:00,2024-11-25,-233,OPEN,2,189,189,X,136.0,0,0.0,0.0,0.0,0,ACTIVATED
1511,AW3286,CDG - TLL,2025-07-16 14:20:00,2025-07-16 19:05:00,2024-11-25,-233,OPEN,2,186,186,X,203.0,0,0.0,0.0,0.0,0,SCHEDULED
1521,AW4636,CDG - VIE,2025-07-16 14:40:00,2025-07-16 16:50:00,2024-11-25,-233,CANCELLED,2,189,189,,,0,0.0,0.0,0.0,0,UNAVAILABLE
1510,AW3285,TLL - CDG,2025-07-16 15:45:00,2025-07-16 18:35:00,2024-11-25,-233,OPEN,2,189,189,T,80.0,0,0.0,0.0,0.0,0,SCHEDULED
4277,AW3289,TLL - CDG,2025-07-16 16:40:00,2025-07-16 19:30:00,2024-11-25,-233,OPEN,2,186,186,R,93.0,2,186.0,140.0,0.01,2,SCHEDULED
5685,AW7646,CDG - OSL,2025-07-16 16:45:00,2025-07-16 18:25:00,2024-11-25,-233,OPEN,2,189,189,L,131.0,10,1399.0,1075.1,0.05,10,ACTIVATED
1517,AW4637,VIE - CDG,2025-07-16 17:40:00,2025-07-16 19:45:00,2024-11-25,-233,CANCELLED,2,189,189,,,0,0.0,0.0,0.0,0,UNAVAILABLE
4811,AW3422,CDG - TLL,2025-07-16 19:00:00,2025-07-16 23:45:00,2024-11-25,-233,OPEN,2,186,186,X,203.0,4,812.0,546.96,0.02,4,SCHEDULED
4280,AW7647,OSL - CDG,2025-07-16 19:10:00,2025-07-16 22:40:00,2024-11-25,-234,OPEN,2,189,189,G,47.0,2,78.0,32.78,0.01,2,ACTIVATED
6092,AW3559,HEL - CDG,2025-07-16 19:25:00,2025-07-16 22:10:00,2024-11-25,-233,OPEN,2,189,189,T,92.0,16,2392.0,2040.8,0.08,16,ACTIVATED
1512,AW3287,TLL - CDG,2025-07-16 20:00:00,2025-07-16 22:50:00,2024-11-25,-233,OPEN,2,186,186,T,80.0,0,0.0,0.0,0.0,0,SCHEDULED
5770,AW7664,CDG - OSL,2025-07-16 20:45:00,2025-07-16 22:25:00,2024-11-25,-233,OPEN,2,189,189,R,98.0,11,1243.0,811.14,0.06,11,ACTIVATED
1519,AW7668,CDG - OSL,2025-07-16 21:15:00,2025-07-16 22:55:00,2024-11-25,-233,OPEN,2,189,189,R,98.0,0,0.0,0.0,0.0,0,ACTIVATED
1522,AW4780,CDG - VIE,2025-07-16 21:20:00,2025-07-16 23:30:00,2024-11-25,-233,OPEN,2,189,189,T,66.0,0,0.0,0.0,0.0,0,ACTIVATED
1543,AW7665,OSL - CDG,2025-07-17 06:00:00,2025-07-17 09:30:00,2024-11-25,-235,OPEN,2,189,189,T,57.0,0,0.0,0.0,0.0,0,ACTIVATED
1531,AW4781,VIE - CDG,2025-07-17 06:00:00,2025-07-17 08:05:00,2024-11-25,-234,OPEN,2,189,189,T,60.0,0,0.0,0.0,0.0,0,ACTIVATED
1544,AW7669,OSL - CDG,2025-07-17 06:30:00,2025-07-17 10:00:00,2024-11-25,-235,OPEN,2,189,189,T,57.0,0,0.0,0.0,0.0,0,ACTIVATED
1529,AW3423,TLL - CDG,2025-07-17 06:45:00,2025-07-17 09:35:00,2024-11-25,-234,OPEN,2,186,186,T,80.0,0,0.0,0.0,0.0,0,SCHEDULED
5329,AW7640,CDG - OSL,2025-07-17 07:15:00,2025-07-17 08:55:00,2024-11-25,-234,OPEN,2,186,186,L,131.0,7,871.0,616.79,0.04,7,ACTIVATED
1534,AW3550,CDG - HEL,2025-07-17 08:05:00,2025-07-17 12:30:00,2024-11-25,-234,CANCELLED,2,189,189,,,0,0.0,0.0,0.0,0,UNAVAILABLE
1540,AW7641,OSL - CDG,2025-07-17 09:35:00,2025-07-17 13:05:00,2024-11-25,-235,OPEN,2,186,186,T,57.0,0,0.0,0.0,0.0,0,ACTIVATED
4283,AW4632,CDG - VIE,2025-07-17 09:45:00,2025-07-17 11:55:00,2024-11-25,-234,OPEN,2,189,189,T,66.0,2,150.0,71.48,0.01,2,ACTIVATED
5771,AW4670,CDG - BUD,2025-07-17 10:05:00,2025-07-17 13:10:00,2024-11-25,-234,OPEN,2,189,99,K,178.0,11,1809.0,1397.75,0.11,11,SCHEDULED
4813,AW3288,CDG - TLL,2025-07-17 11:25:00,2025-07-17 16:10:00,2024-11-25,-234,OPEN,2,186,186,L,227.0,4,1408.0,1172.92,0.02,4,SCHEDULED
4282,AW7644,CDG - OSL,2025-07-17 11:50:00,2025-07-17 13:30:00,2024-11-25,-234,OPEN,2,189,189,K,150.0,2,356.0,277.48,0.01,2,ACTIVATED
4281,AW4633,VIE - CDG,2025-07-17 12:45:00,2025-07-17 14:50:00,2024-11-25,-234,OPEN,2,189,189,R,70.0,2,104.0,66.4,0.01,2,ACTIVATED
1533,AW3551,HEL - CDG,2025-07-17 13:15:00,2025-07-17 16:00:00,2024-11-25,-234,CANCELLED,2,189,189,,,0,0.0,0.0,0.0,0,UNAVAILABLE
5772,AW4671,BUD - CDG,2025-07-17 13:55:00,2025-07-17 18:50:00,2024-11-25,-235,OPEN,2,189,99,Q,152.0,11,1380.0,1271.98,0.11,11,DEACTIVATED
1541,AW7645,OSL - CDG,2025-07-17 14:15:00,2025-07-17 17:45:00,2024-11-25,-235,OPEN,2,189,189,T,57.0,0,0.0,0.0,0.0,0,ACTIVATED
1538,AW4636,CDG - VIE,2025-07-17 14:30:00,2025-07-17 16:40:00,2024-11-25,-234,CANCELLED,2,189,189,,,0,0.0,0.0,0.0,0,UNAVAILABLE
1535,AW3556,CDG - HEL,2025-07-17 15:00:00,2025-07-17 19:20:00,2024-11-25,-234,OPEN,2,189,189,K,166.0,0,0.0,0.0,0.0,0,ACTIVATED
3904,AW7646,CDG - OSL,2025-07-17 15:20:00,2025-07-17 17:00:00,2024-11-25,-234,OPEN,2,189,189,L,131.0,1,114.0,74.74,0.01,1,ACTIVATED
1527,AW3289,TLL - CDG,2025-07-17 17:10:00,2025-07-17 20:00:00,2024-11-25,-234,OPEN,2,186,186,T,80.0,0,0.0,0.0,0.0,0,SCHEDULED
1530,AW4637,VIE - CDG,2025-07-17 17:30:00,2025-07-17 19:35:00,2024-11-25,-234,CANCELLED,2,189,189,,,0,0.0,0.0,0.0,0,UNAVAILABLE
1542,AW7647,OSL - CDG,2025-07-17 17:40:00,2025-07-17 21:10:00,2024-11-25,-235,OPEN,2,189,189,T,57.0,0,0.0,0.0,0.0,0,ACTIVATED
1528,AW3422,CDG - TLL,2025-07-17 19:00:00,2025-07-17 23:45:00,2024-11-25,-234,OPEN,2,186,186,X,203.0,0,0.0,0.0,0.0,0,SCHEDULED
1526,AW3557,HEL - CDG,2025-07-17 20:05:00,2025-07-17 22:50:00,2024-11-25,-234,OPEN,2,189,189,T,92.0,0,0.0,0.0,0.0,0,ACTIVATED
1536,AW7664,CDG - OSL,2025-07-17 20:45:00,2025-07-17 22:25:00,2024-11-25,-234,OPEN,2,189,189,L,131.0,0,0.0,0.0,0.0,0,ACTIVATED
1537,AW7668,CDG - OSL,2025-07-17 21:15:00,2025-07-17 22:55:00,2024-11-25,-234,OPEN,2,189,189,L,131.0,0,0.0,0.0,0.0,0,ACTIVATED
1539,AW4780,CDG - VIE,2025-07-17 21:15:00,2025-07-17 23:25:00,2024-11-25,-234,OPEN,2,189,189,G,58.0,0,0.0,0.0,0.0,0,ACTIVATED
1532,AW3410,CDG - TLL,2025-07-17 22:40:00,2025-07-18 03:25:00,2024-11-25,-234,OPEN,2,189,189,X,203.0,0,0.0,0.0,0.0,0,SCHEDULED
1550,AW3411,TLL - CDG,2025-07-18 04:20:00,2025-07-18 07:10:00,2024-11-25,-235,OPEN,2,189,189,T,80.0,0,0.0,0.0,0.0,0,SCHEDULED
1562,AW7665,OSL - CDG,2025-07-18 06:00:00,2025-07-18 09:30:00,2024-11-25,-236,OPEN,2,189,189,G,47.0,0,0.0,0.0,0.0,0,ACTIVATED
1563,AW7669,OSL - CDG,2025-07-18 06:30:00,2025-07-18 10:00:00,2024-11-25,-236,OPEN,2,189,189,G,47.0,0,0.0,0.0,0.0,0,ACTIVATED
1551,AW3423,TLL - CDG,2025-07-18 06:35:00,2025-07-18 09:25:00,2024-11-25,-235,OPEN,2,186,186,T,80.0,0,0.0,0.0,0.0,0,SCHEDULED
1554,AW4781,VIE - CDG,2025-07-18 06:55:00,2025-07-18 09:00:00,2024-11-25,-235,OPEN,2,189,189,G,52.0,0,0.0,0.0,0.0,0,ACTIVATED
3905,AW7640,CDG - OSL,2025-07-18 07:20:00,2025-07-18 09:00:00,2024-11-25,-235,OPEN,2,186,186,L,131.0,1,171.0,138.61,0.01,1,ACTIVATED
4284,AW3550,CDG - HEL,2025-07-18 07:30:00,2025-07-18 11:50:00,2024-11-25,-235,OPEN,2,189,169,K,166.0,2,130.78,66.0,0.01,2,ACTIVATED
1546,AW3280,CDG - TLL,2025-07-18 09:05:00,2025-07-18 13:50:00,2024-11-25,-235,OPEN,2,186,186,X,203.0,0,0.0,0.0,0.0,0,SCHEDULED
1560,AW7641,OSL - CDG,2025-07-18 09:40:00,2025-07-18 13:10:00,2024-11-25,-236,OPEN,2,186,186,T,57.0,0,0.0,0.0,0.0,0,ACTIVATED
1558,AW4632,CDG - VIE,2025-07-18 10:05:00,2025-07-18 12:15:00,2024-11-25,-235,OPEN,2,189,189,X,86.0,0,0.0,0.0,0.0,0,ACTIVATED
4285,AW7644,CDG - OSL,2025-07-18 11:10:00,2025-07-18 12:50:00,2024-11-25,-235,OPEN,2,189,189,V,168.0,2,248.0,183.22,0.01,2,ACTIVATED
5190,AW3551,HEL - CDG,2025-07-18 12:35:00,2025-07-18 15:20:00,2024-11-25,-235,OPEN,2,189,169,X,116.0,6,657.0,525.3,0.04,6,ACTIVATED
1552,AW4633,VIE - CDG,2025-07-18 13:05:00,2025-07-18 15:10:00,2024-11-25,-235,OPEN,2,189,189,T,60.0,0,0.0,0.0,0.0,0,ACTIVATED
1548,AW3284,CDG - TLL,2025-07-18 13:25:00,2025-07-18 18:10:00,2024-11-25,-235,OPEN,2,189,189,X,203.0,0,0.0,0.0,0.0,0,SCHEDULED
5191,AW7645,OSL - CDG,2025-07-18 13:35:00,2025-07-18 17:05:00,2024-11-25,-236,OPEN,2,189,189,T,57.0,6,342.0,206.34,0.03,6,ACTIVATED
1547,AW3281,TLL - CDG,2025-07-18 14:50:00,2025-07-18 17:40:00,2024-11-25,-235,OPEN,2,186,186,T,80.0,0,0.0,0.0,0.0,0,SCHEDULED
4815,AW3558,CDG - HEL,2025-07-18 14:55:00,2025-07-18 19:15:00,2024-11-25,-235,OPEN,2,189,189,K,166.0,4,664.0,506.96,0.02,4,ACTIVATED
1559,AW4636,CDG - VIE,2025-07-18 14:55:00,2025-07-18 17:05:00,2024-11-25,-235,CANCELLED,2,189,189,,,0,0.0,0.0,0.0,0,UNAVAILABLE
1555,AW7648,CDG - OSL,2025-07-18 16:25:00,2025-07-18 18:05:00,2024-11-25,-235,OPEN,2,189,189,L,131.0,0,0.0,0.0,0.0,0,ACTIVATED
1553,AW4637,VIE - CDG,2025-07-18 17:55:00,2025-07-18 20:00:00,2024-11-25,-235,CANCELLED,2,189,189,,,0,0.0,0.0,0.0,0,UNAVAILABLE
1561,AW7649,OSL - CDG,2025-07-18 18:45:00,2025-07-18 22:15:00,2024-11-25,-236,OPEN,2,189,189,T,57.0,0,0.0,0.0,0.0,0,ACTIVATED
4814,AW3422,CDG - TLL,2025-07-18 19:00:00,2025-07-18 23:45:00,2024-11-25,-235,OPEN,2,186,186,L,227.0,4,488.0,222.96,0.02,4,SCHEDULED
1549,AW3285,TLL - CDG,2025-07-18 19:05:00,2025-07-18 21:55:00,2024-11-25,-235,OPEN,2,189,189,T,80.0,0,0.0,0.0,0.0,0,SCHEDULED
1545,AW3559,HEL - CDG,2025-07-18 20:00:00,2025-07-18 22:45:00,2024-11-25,-235,OPEN,2,189,189,T,92.0,0,0.0,0.0,0.0,0,ACTIVATED
1556,AW7664,CDG - OSL,2025-07-18 20:45:00,2025-07-18 22:25:00,2024-11-25,-235,OPEN,2,189,189,L,131.0,0,0.0,0.0,0.0,0,ACTIVATED
3906,AW4780,CDG - VIE,2025-07-18 21:10:00,2025-07-18 23:20:00,2024-11-25,-235,OPEN,2,189,189,T,66.0,1,75.0,35.74,0.01,1,ACTIVATED
1557,AW7668,CDG - OSL,2025-07-18 21:15:00,2025-07-18 22:55:00,2024-11-25,-235,OPEN,2,189,189,L,131.0,0,0.0,0.0,0.0,0,ACTIVATED
5586,AW7665,OSL - CDG,2025-07-19 05:55:00,2025-07-19 09:25:00,2024-11-25,-237,OPEN,2,189,189,T,57.0,9,433.0,229.51,0.05,9,ACTIVATED
4817,AW4781,VIE - CDG,2025-07-19 06:00:00,2025-07-19 08:05:00,2024-11-25,-236,OPEN,2,189,189,G,52.0,4,264.0,188.8,0.02,4,ACTIVATED
4816,AW4670,CDG - BUD,2025-07-19 06:15:00,2025-07-19 09:20:00,2024-11-25,-236,OPEN,2,186,96,K,178.0,4,968.0,838.44,0.04,4,SCHEDULED
3908,AW7669,OSL - CDG,2025-07-19 06:25:00,2025-07-19 09:55:00,2024-11-25,-237,OPEN,2,189,189,G,47.0,1,55.61,33.0,0.01,1,ACTIVATED
1569,AW3423,TLL - CDG,2025-07-19 06:45:00,2025-07-19 09:35:00,2024-11-25,-236,OPEN,2,186,186,T,80.0,0,0.0,0.0,0.0,0,SCHEDULED
4561,AW3550,CDG - HEL,2025-07-19 08:35:00,2025-07-19 12:55:00,2024-11-25,-236,OPEN,2,189,189,K,166.0,3,591.0,493.83,0.02,3,ACTIVATED
1565,AW3280,CDG - TLL,2025-07-19 09:00:00,2025-07-19 13:45:00,2024-11-25,-236,OPEN,2,189,189,X,203.0,0,0.0,0.0,0.0,0,SCHEDULED
6574,AW4671,BUD - CDG,2025-07-19 10:05:00,2025-07-19 15:00:00,2024-11-25,-237,OPEN,2,186,96,Q,152.0,31,3353.0,3048.58,0.32,31,DEACTIVATED
1578,AW4636,CDG - VIE,2025-07-19 10:10:00,2025-07-19 12:20:00,2024-11-25,-236,OPEN,2,189,189,R,75.0,0,0.0,0.0,0.0,0,ACTIVATED
1567,AW3288,CDG - TLL,2025-07-19 10:15:00,2025-07-19 15:00:00,2024-11-25,-236,OPEN,2,186,186,X,203.0,0,0.0,0.0,0.0,0,SCHEDULED
1572,AW7644,CDG - OSL,2025-07-19 10:20:00,2025-07-19 12:00:00,2024-11-25,-236,OPEN,2,189,179,V,168.0,0,0.0,0.0,0.0,0,ACTIVATED
4286,AW7645,OSL - CDG,2025-07-19 12:40:00,2025-07-19 16:10:00,2024-11-25,-237,OPEN,2,189,179,R,69.0,2,138.0,92.78,0.01,2,ACTIVATED
1571,AW4637,VIE - CDG,2025-07-19 13:10:00,2025-07-19 15:15:00,2024-11-25,-236,OPEN,2,189,189,R,70.0,0,0.0,0.0,0.0,0,ACTIVATED
1577,AW4634,CDG - VIE,2025-07-19 13:35:00,2025-07-19 15:45:00,2024-11-25,-236,CANCELLED,2,189,189,,,0,0.0,0.0,0.0,0,UNAVAILABLE
1564,AW3551,HEL - CDG,2025-07-19 13:40:00,2025-07-19 16:25:00,2024-11-25,-236,OPEN,2,189,189,L,129.0,0,0.0,0.0,0.0,0,ACTIVATED
1566,AW3281,TLL - CDG,2025-07-19 14:40:00,2025-07-19 17:30:00,2024-11-25,-236,OPEN,2,189,189,T,80.0,0,0.0,0.0,0.0,0,SCHEDULED
1574,AW7658,CDG - OSL,2025-07-19 15:20:00,2025-07-19 17:00:00,2024-11-25,-236,OPEN,2,189,189,V,168.0,0,0.0,0.0,0.0,0,ACTIVATED
1568,AW3289,TLL - CDG,2025-07-19 16:00:00,2025-07-19 18:50:00,2024-11-25,-236,OPEN,2,186,186,T,80.0,0,0.0,0.0,0.0,0,SCHEDULED
1570,AW4635,VIE - CDG,2025-07-19 16:40:00,2025-07-19 18:45:00,2024-11-25,-236,CANCELLED,2,189,189,,,0,0.0,0.0,0.0,0,UNAVAILABLE
1573,AW7646,CDG - OSL,2025-07-19 16:45:00,2025-07-19 18:25:00,2024-11-25,-236,OPEN,2,186,186,L,131.0,0,0.0,0.0,0.0,0,ACTIVATED
3907,AW7659,OSL - CDG,2025-07-19 17:40:00,2025-07-19 21:10:00,2024-11-25,-237,OPEN,2,189,189,T,57.0,1,57.0,34.21,0.01,1,ACTIVATED
5465,AW3422,CDG - TLL,2025-07-19 19:00:00,2025-07-19 23:45:00,2024-11-25,-236,OPEN,2,186,186,R,182.0,8,1456.0,925.92,0.04,8,SCHEDULED
1579,AW7647,OSL - CDG,2025-07-19 19:05:00,2025-07-19 22:35:00,2024-11-25,-237,OPEN,2,186,186,T,57.0,0,0.0,0.0,0.0,0,ACTIVATED
1575,AW7664,CDG - OSL,2025-07-19 20:45:00,2025-07-19 22:25:00,2024-11-25,-236,OPEN,2,189,189,K,150.0,0,0.0,0.0,0.0,0,ACTIVATED
5030,AW4780,CDG - VIE,2025-07-19 21:15:00,2025-07-19 23:25:00,2024-11-25,-236,OPEN,2,189,189,X,86.0,5,340.0,178.05,0.03,5,ACTIVATED
1576,AW7668,CDG - OSL,2025-07-19 21:15:00,2025-07-19 22:55:00,2024-11-25,-236,OPEN,2,189,189,K,150.0,0,0.0,0.0,0.0,0,ACTIVATED
1588,AW4781,VIE - CDG,2025-07-20 06:00:00,2025-07-20 08:05:00,2024-11-25,-237,OPEN,2,189,189,G,52.0,0,0.0,0.0,0.0,0,ACTIVATED
1598,AW7669,OSL - CDG,2025-07-20 06:00:00,2025-07-20 09:30:00,2024-11-25,-238,OPEN,2,189,189,T,57.0,0,0.0,0.0,0.0,0,ACTIVATED
1597,AW7665,OSL - CDG,2025-07-20 06:30:00,2025-07-20 10:00:00,2024-11-25,-238,OPEN,2,189,189,T,57.0,0,0.0,0.0,0.0,0,ACTIVATED
1585,AW3423,TLL - CDG,2025-07-20 07:00:00,2025-07-20 09:50:00,2024-11-25,-237,OPEN,2,186,186,T,80.0,0,0.0,0.0,0.0,0,SCHEDULED
1590,AW7640,CDG - OSL,2025-07-20 07:20:00,2025-07-20 09:00:00,2024-11-25,-237,OPEN,2,189,189,K,150.0,0,0.0,0.0,0.0,0,ACTIVATED
1581,AW3280,CDG - TLL,2025-07-20 08:05:00,2025-07-20 12:50:00,2024-11-25,-237,OPEN,2,189,189,R,182.0,0,0.0,0.0,0.0,0,SCHEDULED
4562,AW7641,OSL - CDG,2025-07-20 09:40:00,2025-07-20 13:10:00,2024-11-25,-238,OPEN,2,189,189,R,69.0,3,171.0,103.17,0.02,3,ACTIVATED
5032,AW7658,CDG - OSL,2025-07-20 10:20:00,2025-07-20 12:00:00,2024-11-25,-237,OPEN,2,189,189,K,150.0,5,455.0,293.05,0.03,5,ACTIVATED
1595,AW4638,CDG - VIE,2025-07-20 10:55:00,2025-07-20 13:05:00,2024-11-25,-237,OPEN,2,189,189,R,75.0,0,0.0,0.0,0.0,0,ACTIVATED
1583,AW3288,CDG - TLL,2025-07-20 10:55:00,2025-07-20 15:40:00,2024-11-25,-237,OPEN,2,186,186,R,182.0,0,0.0,0.0,0.0,0,SCHEDULED
5192,AW7659,OSL - CDG,2025-07-20 12:40:00,2025-07-20 16:10:00,2024-11-25,-238,OPEN,2,189,189,X,82.0,6,555.0,418.8,0.03,6,ACTIVATED
1582,AW3281,TLL - CDG,2025-07-20 13:45:00,2025-07-20 16:35:00,2024-11-25,-237,OPEN,2,189,189,T,80.0,0,0.0,0.0,0.0,0,SCHEDULED
1587,AW4639,VIE - CDG,2025-07-20 13:55:00,2025-07-20 16:00:00,2024-11-25,-237,OPEN,2,189,189,R,70.0,0,0.0,0.0,0.0,0,ACTIVATED
1594,AW4636,CDG - VIE,2025-07-20 14:35:00,2025-07-20 16:45:00,2024-11-25,-237,CANCELLED,2,189,189,,,0,0.0,0.0,0.0,0,UNAVAILABLE
4288,AW3556,CDG - HEL,2025-07-20 14:45:00,2025-07-20 19:05:00,2024-11-25,-237,OPEN,2,189,189,L,150.0,2,406.0,327.48,0.01,2,ACTIVATED
1589,AW3558,CDG - HEL,2025-07-20 15:00:00,2025-07-20 19:20:00,2024-11-25,-237,OPEN,2,189,189,L,150.0,0,0.0,0.0,0.0,0,ACTIVATED
5031,AW3289,TLL - CDG,2025-07-20 16:40:00,2025-07-20 19:30:00,2024-11-25,-237,OPEN,2,186,186,X,109.0,5,545.0,430.0,0.03,5,SCHEDULED
1591,AW7646,CDG - OSL,2025-07-20 16:45:00,2025-07-20 18:25:00,2024-11-25,-237,OPEN,2,189,189,L,131.0,0,0.0,0.0,0.0,0,ACTIVATED
1586,AW4637,VIE - CDG,2025-07-20 17:30:00,2025-07-20 19:35:00,2024-11-25,-237,CANCELLED,2,189,189,,,0,0.0,0.0,0.0,0,UNAVAILABLE
1584,AW3422,CDG - TLL,2025-07-20 19:00:00,2025-07-20 23:45:00,2024-11-25,-237,OPEN,2,186,186,T,164.0,0,0.0,0.0,0.0,0,SCHEDULED
4818,AW7647,OSL - CDG,2025-07-20 19:05:00,2025-07-20 22:35:00,2024-11-25,-238,OPEN,2,189,189,R,69.0,4,264.0,173.02,0.02,4,ACTIVATED
4287,AW3557,HEL - CDG,2025-07-20 19:50:00,2025-07-20 22:35:00,2024-11-25,-237,OPEN,2,189,189,L,129.0,2,452.0,408.1,0.01,2,ACTIVATED
1580,AW3559,HEL - CDG,2025-07-20 20:05:00,2025-07-20 22:50:00,2024-11-25,-237,OPEN,2,189,189,L,129.0,0,0.0,0.0,0.0,0,ACTIVATED
1592,AW7664,CDG - OSL,2025-07-20 20:45:00,2025-07-20 22:25:00,2024-11-25,-237,OPEN,2,189,189,L,131.0,0,0.0,0.0,0.0,0,ACTIVATED
1593,AW7668,CDG - OSL,2025-07-20 21:15:00,2025-07-20 22:55:00,2024-11-25,-237,OPEN,2,189,189,V,168.0,0,0.0,0.0,0.0,0,ACTIVATED
1596,AW4780,CDG - VIE,2025-07-20 21:25:00,2025-07-20 23:35:00,2024-11-25,-237,OPEN,2,189,189,R,75.0,0,0.0,0.0,0.0,0,ACTIVATED
1612,AW7669,OSL - CDG,2025-07-21 05:55:00,2025-07-21 09:25:00,2024-11-25,-239,OPEN,2,189,189,G,47.0,0,0.0,0.0,0.0,0,ACTIVATED
1605,AW4781,VIE - CDG,2025-07-21 06:00:00,2025-07-21 08:05:00,2024-11-25,-238,OPEN,2,189,189,R,70.0,0,0.0,0.0,0.0,0,ACTIVATED
1611,AW7665,OSL - CDG,2025-07-21 06:30:00,2025-07-21 10:00:00,2024-11-25,-239,OPEN,2,189,189,G,47.0,0,0.0,0.0,0.0,0,ACTIVATED
1603,AW3423,TLL - CDG,2025-07-21 06:45:00,2025-07-21 09:35:00,2024-11-25,-238,OPEN,2,186,186,T,80.0,0,0.0,0.0,0.0,0,SCHEDULED
1607,AW7640,CDG - OSL,2025-07-21 07:15:00,2025-07-21 08:55:00,2024-11-25,-238,OPEN,2,189,189,K,150.0,0,0.0,0.0,0.0,0,ACTIVATED
1600,AW3284,CDG - TLL,2025-07-21 07:45:00,2025-07-21 12:30:00,2024-11-25,-238,OPEN,2,186,186,X,203.0,0,0.0,0.0,0.0,0,SCHEDULED
5330,AW3550,CDG - HEL,2025-07-21 08:20:00,2025-07-21 12:40:00,2024-11-25,-238,OPEN,2,189,189,V,184.0,7,1539.0,1291.66,0.04,7,ACTIVATED
3912,AW7641,OSL - CDG,2025-07-21 09:35:00,2025-07-21 13:05:00,2024-11-25,-239,OPEN,2,189,189,R,69.0,1,99.0,76.39,0.01,1,ACTIVATED
5587,AW4632,CDG - VIE,2025-07-21 10:05:00,2025-07-21 12:15:00,2024-11-25,-238,OPEN,2,189,189,X,86.0,9,1098.0,744.66,0.05,9,ACTIVATED
1599,AW3280,CDG - TLL,2025-07-21 10:10:00,2025-07-21 14:55:00,2024-11-25,-238,OPEN,2,186,186,X,203.0,0,0.0,0.0,0.0,0,SCHEDULED
4289,AW7644,CDG - OSL,2025-07-21 11:10:00,2025-07-21 12:50:00,2024-11-25,-238,OPEN,2,189,189,K,150.0,2,325.0,260.22,0.01,2,ACTIVATED
5033,AW4633,VIE - CDG,2025-07-21 13:05:00,2025-07-21 15:10:00,2024-11-25,-238,OPEN,2,189,189,T,60.0,5,750.0,656.0,0.03,5,ACTIVATED
1601,AW3285,TLL - CDG,2025-07-21 13:25:00,2025-07-21 16:15:00,2024-11-25,-238,OPEN,2,186,186,T,80.0,0,0.0,0.0,0.0,0,SCHEDULED
5773,AW3551,HEL - CDG,2025-07-21 13:25:00,2025-07-21 16:10:00,2024-11-25,-238,OPEN,2,189,189,T,92.0,11,1469.0,1227.55,0.06,11,ACTIVATED
5466,AW7645,OSL - CDG,2025-07-21 13:35:00,2025-07-21 17:05:00,2024-11-25,-239,OPEN,2,189,189,T,57.0,8,463.79,282.55,0.04,8,ACTIVATED
1608,AW4634,CDG - VIE,2025-07-21 14:30:00,2025-07-21 16:40:00,2024-11-25,-238,CANCELLED,2,189,189,,,0,0.0,0.0,0.0,0,UNAVAILABLE
1606,AW3558,CDG - HEL,2025-07-21 14:55:00,2025-07-21 19:15:00,2024-11-25,-238,OPEN,2,189,189,V,184.0,0,0.0,0.0,0.0,0,ACTIVATED
4819,AW3281,TLL - CDG,2025-07-21 15:55:00,2025-07-21 18:45:00,2024-11-25,-238,OPEN,2,186,186,R,93.0,4,372.0,280.0,0.02,4,SCHEDULED
3909,AW7648,CDG - OSL,2025-07-21 16:50:00,2025-07-21 18:30:00,2024-11-25,-238,OPEN,2,189,189,L,131.0,1,138.0,105.61,0.01,1,ACTIVATED
1604,AW4635,VIE - CDG,2025-07-21 17:30:00,2025-07-21 19:35:00,2024-11-25,-238,CANCELLED,2,189,189,,,0,0.0,0.0,0.0,0,UNAVAILABLE
1602,AW3422,CDG - TLL,2025-07-21 19:00:00,2025-07-21 23:45:00,2024-11-25,-238,OPEN,2,186,186,R,182.0,0,0.0,0.0,0.0,0,SCHEDULED
1610,AW7649,OSL - CDG,2025-07-21 19:10:00,2025-07-21 22:40:00,2024-11-25,-239,OPEN,2,189,189,T,57.0,0,0.0,0.0,0.0,0,ACTIVATED
4563,AW3559,HEL - CDG,2025-07-21 20:00:00,2025-07-21 22:45:00,2024-11-25,-238,OPEN,2,189,189,T,92.0,3,309.0,243.15,0.02,3,ACTIVATED
3910,AW7664,CDG - OSL,2025-07-21 20:45:00,2025-07-21 22:25:00,2024-11-25,-238,OPEN,2,189,189,L,131.0,1,77.0,44.61,0.01,1,ACTIVATED
3911,AW7668,CDG - OSL,2025-07-21 21:15:00,2025-07-21 22:55:00,2024-11-25,-238,OPEN,2,189,189,L,131.0,1,77.0,44.61,0.01,1,ACTIVATED
1609,AW4780,CDG - VIE,2025-07-21 21:20:00,2025-07-21 23:30:00,2024-11-25,-238,OPEN,2,189,189,R,75.0,0,0.0,0.0,0.0,0,ACTIVATED
1628,AW7669,OSL - CDG,2025-07-22 06:00:00,2025-07-22 09:30:00,2024-11-25,-240,OPEN,2,189,189,T,57.0,0,0.0,0.0,0.0,0,ACTIVATED
4820,AW4781,VIE - CDG,2025-07-22 06:00:00,2025-07-22 08:05:00,2024-11-25,-239,OPEN,2,189,189,T,60.0,4,208.0,132.8,0.02,4,ACTIVATED
3913,AW4670,CDG - BUD,2025-07-22 06:15:00,2025-07-22 09:20:00,2024-11-25,-239,OPEN,2,186,99,V,195.0,1,195.0,162.61,0.01,1,SCHEDULED
4292,AW7665,OSL - CDG,2025-07-22 06:30:00,2025-07-22 10:00:00,2024-11-25,-240,OPEN,2,189,189,T,57.0,2,78.0,32.78,0.01,2,ACTIVATED
1619,AW3423,TLL - CDG,2025-07-22 06:45:00,2025-07-22 09:35:00,2024-11-25,-239,OPEN,2,186,186,T,80.0,0,0.0,0.0,0.0,0,SCHEDULED
4290,AW7640,CDG - OSL,2025-07-22 07:15:00,2025-07-22 08:55:00,2024-11-25,-239,OPEN,2,189,111,L,131.0,2,154.0,89.22,0.02,2,ACTIVATED
1627,AW7641,OSL - CDG,2025-07-22 09:35:00,2025-07-22 13:05:00,2024-11-25,-240,OPEN,2,189,111,R,69.0,0,0.0,0.0,0.0,0,ACTIVATED
1616,AW3288,CDG - TLL,2025-07-22 09:50:00,2025-07-22 14:35:00,2024-11-25,-239,OPEN,2,186,186,R,182.0,0,0.0,0.0,0.0,0,SCHEDULED
5969,AW4671,BUD - CDG,2025-07-22 10:05:00,2025-07-22 15:00:00,2024-11-25,-240,OPEN,2,186,99,Q,152.0,14,1668.0,1530.52,0.14,14,DEACTIVATED
1625,AW4632,CDG - VIE,2025-07-22 10:05:00,2025-07-22 12:15:00,2024-11-25,-239,OPEN,2,189,189,R,75.0,0,0.0,0.0,0.0,0,ACTIVATED
5193,AW3558,CDG - HEL,2025-07-22 11:30:00,2025-07-22 15:50:00,2024-11-25,-239,OPEN,2,189,189,X,136.0,6,1003.0,774.31,0.03,6,ACTIVATED
5034,AW7644,CDG - OSL,2025-07-22 11:50:00,2025-07-22 13:30:00,2024-11-25,-239,OPEN,2,189,189,L,131.0,5,502.63,313.2,0.03,5,ACTIVATED
1620,AW4633,VIE - CDG,2025-07-22 13:05:00,2025-07-22 15:10:00,2024-11-25,-239,OPEN,2,189,189,T,60.0,0,0.0,0.0,0.0,0,ACTIVATED
4822,AW7645,OSL - CDG,2025-07-22 14:15:00,2025-07-22 17:45:00,2024-11-25,-240,OPEN,2,189,189,T,57.0,4,218.0,127.02,0.02,4,ACTIVATED
1614,AW3286,CDG - TLL,2025-07-22 14:20:00,2025-07-22 19:05:00,2024-11-25,-239,OPEN,2,186,186,R,182.0,0,0.0,0.0,0.0,0,SCHEDULED
1626,AW4636,CDG - VIE,2025-07-22 15:00:00,2025-07-22 17:10:00,2024-11-25,-239,CANCELLED,2,189,189,,,0,0.0,0.0,0.0,0,UNAVAILABLE
1617,AW3289,TLL - CDG,2025-07-22 15:35:00,2025-07-22 18:25:00,2024-11-25,-239,OPEN,2,186,186,T,80.0,0,0.0,0.0,0.0,0,SCHEDULED
1613,AW3559,HEL - CDG,2025-07-22 16:35:00,2025-07-22 19:20:00,2024-11-25,-239,OPEN,2,189,189,T,92.0,0,0.0,0.0,0.0,0,ACTIVATED
4821,AW7648,CDG - OSL,2025-07-22 16:45:00,2025-07-22 18:25:00,2024-11-25,-239,OPEN,2,189,189,L,131.0,4,524.0,366.96,0.02,4,ACTIVATED
1621,AW4637,VIE - CDG,2025-07-22 18:00:00,2025-07-22 20:05:00,2024-11-25,-239,CANCELLED,2,189,189,,,0,0.0,0.0,0.0,0,UNAVAILABLE
1618,AW3422,CDG - TLL,2025-07-22 19:00:00,2025-07-22 23:45:00,2024-11-25,-239,OPEN,2,186,186,R,182.0,0,0.0,0.0,0.0,0,SCHEDULED
3914,AW7649,OSL - CDG,2025-07-22 19:05:00,2025-07-22 22:35:00,2024-11-25,-240,OPEN,2,189,189,T,57.0,1,99.0,76.21,0.01,1,ACTIVATED
1615,AW3287,TLL - CDG,2025-07-22 20:00:00,2025-07-22 22:50:00,2024-11-25,-239,OPEN,2,186,186,T,80.0,0,0.0,0.0,0.0,0,SCHEDULED
1623,AW7664,CDG - OSL,2025-07-22 20:45:00,2025-07-22 22:25:00,2024-11-25,-239,OPEN,2,189,189,L,131.0,0,0.0,0.0,0.0,0,ACTIVATED
1624,AW7668,CDG - OSL,2025-07-22 21:15:00,2025-07-22 22:55:00,2024-11-25,-239,OPEN,2,189,189,L,131.0,0,0.0,0.0,0.0,0,ACTIVATED
4291,AW4780,CDG - VIE,2025-07-22 21:20:00,2025-07-22 23:30:00,2024-11-25,-239,OPEN,2,189,189,R,75.0,2,132.0,53.48,0.01,2,ACTIVATED
1622,AW3410,CDG - TLL,2025-07-22 22:40:00,2025-07-23 03:25:00,2024-11-25,-239,OPEN,2,189,189,R,182.0,0,0.0,0.0,0.0,0,SCHEDULED
1634,AW3411,TLL - CDG,2025-07-23 04:20:00,2025-07-23 07:10:00,2024-11-25,-240,OPEN,2,189,189,R,93.0,0,0.0,0.0,0.0,0,SCHEDULED
1650,AW7665,OSL - CDG,2025-07-23 06:00:00,2025-07-23 09:30:00,2024-11-25,-241,OPEN,2,189,189,T,57.0,0,0.0,0.0,0.0,0,ACTIVATED
1639,AW4781,VIE - CDG,2025-07-23 06:15:00,2025-07-23 08:20:00,2024-11-25,-240,OPEN,2,189,189,G,52.0,0,0.0,0.0,0.0,0,ACTIVATED
1651,AW7669,OSL - CDG,2025-07-23 06:30:00,2025-07-23 10:00:00,2024-11-25,-241,OPEN,2,189,189,T,57.0,0,0.0,0.0,0.0,0,ACTIVATED
1636,AW3423,TLL - CDG,2025-07-23 06:45:00,2025-07-23 09:35:00,2024-11-25,-240,OPEN,2,186,186,R,93.0,0,0.0,0.0,0.0,0,SCHEDULED
1640,AW7640,CDG - OSL,2025-07-23 07:15:00,2025-07-23 08:55:00,2024-11-25,-240,OPEN,2,186,186,X,114.0,0,0.0,0.0,0.0,0,ACTIVATED
4823,AW3550,CDG - HEL,2025-07-23 08:30:00,2025-07-23 12:50:00,2024-11-25,-240,OPEN,2,189,189,L,150.0,4,600.0,442.96,0.02,4,ACTIVATED
1648,AW7641,OSL - CDG,2025-07-23 09:35:00,2025-07-23 13:05:00,2024-11-25,-241,OPEN,2,186,186,T,57.0,0,0.0,0.0,0.0,0,ACTIVATED
1629,AW3284,CDG - TLL,2025-07-23 10:05:00,2025-07-23 14:50:00,2024-11-25,-240,OPEN,2,189,189,X,203.0,0,0.0,0.0,0.0,0,SCHEDULED
1645,AW4632,CDG - VIE,2025-07-23 10:15:00,2025-07-23 12:25:00,2024-11-25,-240,OPEN,2,189,189,R,75.0,0,0.0,0.0,0.0,0,ACTIVATED
4293,AW3288,CDG - TLL,2025-07-23 10:55:00,2025-07-23 15:40:00,2024-11-25,-240,OPEN,2,186,186,X,203.0,2,406.0,273.48,0.01,2,SCHEDULED
1641,AW7644,CDG - OSL,2025-07-23 11:50:00,2025-07-23 13:30:00,2024-11-25,-240,OPEN,2,189,189,L,131.0,0,0.0,0.0,0.0,0,ACTIVATED
1637,AW4633,VIE - CDG,2025-07-23 13:15:00,2025-07-23 15:20:00,2024-11-25,-240,OPEN,2,189,189,T,60.0,0,0.0,0.0,0.0,0,ACTIVATED
5686,AW3551,HEL - CDG,2025-07-23 13:35:00,2025-07-23 16:20:00,2024-11-25,-240,OPEN,2,189,164,T,92.0,10,855.8,636.3,0.06,10,ACTIVATED
4294,AW7645,OSL - CDG,2025-07-23 14:10:00,2025-07-23 17:40:00,2024-11-25,-241,OPEN,2,189,189,T,57.0,2,198.0,152.78,0.01,2,ACTIVATED
1631,AW3286,CDG - TLL,2025-07-23 14:20:00,2025-07-23 19:05:00,2024-11-25,-240,OPEN,2,186,186,X,203.0,0,0.0,0.0,0.0,0,SCHEDULED
4564,AW3558,CDG - HEL,2025-07-23 14:20:00,2025-07-23 18:40:00,2024-11-25,-240,OPEN,2,189,189,L,150.0,3,279.0,181.83,0.02,3,ACTIVATED
1646,AW4636,CDG - VIE,2025-07-23 14:40:00,2025-07-23 16:50:00,2024-11-25,-240,CANCELLED,2,189,189,,,0,0.0,0.0,0.0,0,UNAVAILABLE
1630,AW3285,TLL - CDG,2025-07-23 15:45:00,2025-07-23 18:35:00,2024-11-25,-240,OPEN,2,189,189,X,109.0,0,0.0,0.0,0.0,0,SCHEDULED
1633,AW3289,TLL - CDG,2025-07-23 16:40:00,2025-07-23 19:30:00,2024-11-25,-240,OPEN,2,186,186,X,109.0,0,0.0,0.0,0.0,0,SCHEDULED
1642,AW7646,CDG - OSL,2025-07-23 16:45:00,2025-07-23 18:25:00,2024-11-25,-240,OPEN,2,189,189,X,114.0,0,0.0,0.0,0.0,0,ACTIVATED
1638,AW4637,VIE - CDG,2025-07-23 17:40:00,2025-07-23 19:45:00,2024-11-25,-240,CANCELLED,2,189,189,,,0,0.0,0.0,0.0,0,UNAVAILABLE
1635,AW3422,CDG - TLL,2025-07-23 19:00:00,2025-07-23 23:45:00,2024-11-25,-240,OPEN,2,186,186,X,203.0,0,0.0,0.0,0.0,0,SCHEDULED
1649,AW7647,OSL - CDG,2025-07-23 19:10:00,2025-07-23 22:40:00,2024-11-25,-241,OPEN,2,189,189,T,57.0,0,0.0,0.0,0.0,0,ACTIVATED
6575,AW3559,HEL - CDG,2025-07-23 19:25:00,2025-07-23 22:10:00,2024-11-25,-240,OPEN,2,189,189,R,103.0,31,3473.0,2792.55,0.16,31,ACTIVATED
1632,AW3287,TLL - CDG,2025-07-23 20:00:00,2025-07-23 22:50:00,2024-11-25,-240,OPEN,2,186,186,X,109.0,0,0.0,0.0,0.0,0,SCHEDULED
1643,AW7664,CDG - OSL,2025-07-23 20:45:00,2025-07-23 22:25:00,2024-11-25,-240,OPEN,2,189,189,L,131.0,0,0.0,0.0,0.0,0,ACTIVATED
1644,AW7668,CDG - OSL,2025-07-23 21:15:00,2025-07-23 22:55:00,2024-11-25,-240,OPEN,2,189,189,L,131.0,0,0.0,0.0,0.0,0,ACTIVATED
1647,AW4780,CDG - VIE,2025-07-23 21:20:00,2025-07-23 23:30:00,2024-11-25,-240,OPEN,2,189,189,R,75.0,0,0.0,0.0,0.0,0,ACTIVATED
1666,AW7665,OSL - CDG,2025-07-24 06:00:00,2025-07-24 09:30:00,2024-11-25,-242,OPEN,2,189,189,T,57.0,0,0.0,0.0,0.0,0,ACTIVATED
1656,AW4781,VIE - CDG,2025-07-24 06:00:00,2025-07-24 08:05:00,2024-11-25,-241,OPEN,2,189,189,T,60.0,0,0.0,0.0,0.0,0,ACTIVATED
1667,AW7669,OSL - CDG,2025-07-24 06:30:00,2025-07-24 10:00:00,2024-11-25,-242,OPEN,2,189,189,T,57.0,0,0.0,0.0,0.0,0,ACTIVATED
6494,AW3423,TLL - CDG,2025-07-24 06:45:00,2025-07-24 09:35:00,2024-11-25,-241,OPEN,2,186,186,X,109.0,28,3251.92,2607.92,0.15,28,SCHEDULED
4296,AW7640,CDG - OSL,2025-07-24 07:15:00,2025-07-24 08:55:00,2024-11-25,-241,OPEN,2,186,186,L,131.0,2,228.0,149.48,0.01,2,ACTIVATED
1659,AW3550,CDG - HEL,2025-07-24 08:05:00,2025-07-24 12:30:00,2024-11-25,-241,CANCELLED,2,189,189,,,0,0.0,0.0,0.0,0,UNAVAILABLE
1665,AW7641,OSL - CDG,2025-07-24 09:35:00,2025-07-24 13:05:00,2024-11-25,-242,OPEN,2,186,186,T,57.0,0,0.0,0.0,0.0,0,ACTIVATED
1662,AW4632,CDG - VIE,2025-07-24 09:45:00,2025-07-24 11:55:00,2024-11-25,-241,OPEN,2,189,189,R,75.0,0,0.0,0.0,0.0,0,ACTIVATED
5331,AW4670,CDG - BUD,2025-07-24 10:05:00,2025-07-24 13:10:00,2024-11-25,-241,OPEN,2,189,99,Q,214.0,7,1498.0,1223.18,0.07,7,SCHEDULED
1652,AW3288,CDG - TLL,2025-07-24 11:25:00,2025-07-24 16:10:00,2024-11-25,-241,OPEN,2,186,186,X,203.0,0,0.0,0.0,0.0,0,SCHEDULED
4297,AW7644,CDG - OSL,2025-07-24 11:50:00,2025-07-24 13:30:00,2024-11-25,-241,OPEN,2,189,189,V,168.0,2,342.0,277.22,0.01,2,ACTIVATED
4295,AW4633,VIE - CDG,2025-07-24 12:45:00,2025-07-24 14:50:00,2024-11-25,-241,OPEN,2,189,189,R,70.0,2,120.0,82.4,0.01,2,ACTIVATED
1658,AW3551,HEL - CDG,2025-07-24 13:15:00,2025-07-24 16:00:00,2024-11-25,-241,CANCELLED,2,189,189,,,0,0.0,0.0,0.0,0,UNAVAILABLE
5194,AW4671,BUD - CDG,2025-07-24 13:55:00,2025-07-24 18:50:00,2024-11-25,-242,OPEN,2,189,99,V,132.0,6,738.0,679.08,0.06,6,DEACTIVATED
6469,AW7645,OSL - CDG,2025-07-24 14:15:00,2025-07-24 17:45:00,2024-11-25,-242,OPEN,2,189,189,R,69.0,27,1539.0,928.53,0.14,27,ACTIVATED
1663,AW4636,CDG - VIE,2025-07-24 14:30:00,2025-07-24 16:40:00,2024-11-25,-241,CANCELLED,2,189,189,,,0,0.0,0.0,0.0,0,UNAVAILABLE
4824,AW3556,CDG - HEL,2025-07-24 15:00:00,2025-07-24 19:20:00,2024-11-25,-241,OPEN,2,189,189,L,150.0,4,888.0,758.44,0.02,4,ACTIVATED
3915,AW7646,CDG - OSL,2025-07-24 15:20:00,2025-07-24 17:00:00,2024-11-25,-241,OPEN,2,189,189,L,131.0,1,114.0,74.74,0.01,1,ACTIVATED
1653,AW3289,TLL - CDG,2025-07-24 17:10:00,2025-07-24 20:00:00,2024-11-25,-241,OPEN,2,186,186,X,109.0,0,0.0,0.0,0.0,0,SCHEDULED
1655,AW4637,VIE - CDG,2025-07-24 17:30:00,2025-07-24 19:35:00,2024-11-25,-241,CANCELLED,2,189,189,,,0,0.0,0.0,0.0,0,UNAVAILABLE
4825,AW7647,OSL - CDG,2025-07-24 17:40:00,2025-07-24 21:10:00,2024-11-25,-242,OPEN,2,189,189,G,47.0,4,356.0,265.56,0.02,4,ACTIVATED
1654,AW3422,CDG - TLL,2025-07-24 19:00:00,2025-07-24 23:45:00,2024-11-25,-241,OPEN,2,186,186,X,203.0,0,0.0,0.0,0.0,0,SCHEDULED
5687,AW3557,HEL - CDG,2025-07-24 20:05:00,2025-07-24 22:50:00,2024-11-25,-241,OPEN,2,189,189,T,92.0,10,1030.0,810.5,0.05,10,ACTIVATED
1660,AW7664,CDG - OSL,2025-07-24 20:45:00,2025-07-24 22:25:00,2024-11-25,-241,OPEN,2,189,189,X,114.0,0,0.0,0.0,0.0,0,ACTIVATED
1664,AW4780,CDG - VIE,2025-07-24 21:15:00,2025-07-24 23:25:00,2024-11-25,-241,OPEN,2,189,189,R,75.0,0,0.0,0.0,0.0,0,ACTIVATED
1661,AW7668,CDG - OSL,2025-07-24 21:15:00,2025-07-24 22:55:00,2024-11-25,-241,OPEN,2,189,189,X,114.0,0,0.0,0.0,0.0,0,ACTIVATED
1657,AW3410,CDG - TLL,2025-07-24 22:40:00,2025-07-25 03:25:00,2024-11-25,-241,OPEN,2,189,189,X,203.0,0,0.0,0.0,0.0,0,SCHEDULED
1672,AW3411,TLL - CDG,2025-07-25 04:20:00,2025-07-25 07:10:00,2024-11-25,-242,OPEN,2,189,189,X,109.0,0,0.0,0.0,0.0,0,SCHEDULED
1683,AW7665,OSL - CDG,2025-07-25 06:00:00,2025-07-25 09:30:00,2024-11-25,-243,OPEN,2,189,189,G,47.0,0,0.0,0.0,0.0,0,ACTIVATED
1684,AW7669,OSL - CDG,2025-07-25 06:30:00,2025-07-25 10:00:00,2024-11-25,-243,OPEN,2,189,189,G,47.0,0,0.0,0.0,0.0,0,ACTIVATED
1673,AW3423,TLL - CDG,2025-07-25 06:35:00,2025-07-25 09:25:00,2024-11-25,-242,OPEN,2,186,186,X,109.0,0,0.0,0.0,0.0,0,SCHEDULED
1676,AW4781,VIE - CDG,2025-07-25 06:55:00,2025-07-25 09:00:00,2024-11-25,-242,OPEN,2,189,189,G,52.0,0,0.0,0.0,0.0,0,ACTIVATED
1678,AW7640,CDG - OSL,2025-07-25 07:20:00,2025-07-25 09:00:00,2024-11-25,-242,OPEN,2,186,186,Q,186.0,0,0.0,0.0,0.0,0,ACTIVATED
4300,AW3550,CDG - HEL,2025-07-25 07:30:00,2025-07-25 11:50:00,2024-11-25,-242,OPEN,2,189,169,Q,204.0,2,584.0,519.22,0.01,2,ACTIVATED
1668,AW3280,CDG - TLL,2025-07-25 09:05:00,2025-07-25 13:50:00,2024-11-25,-242,OPEN,2,186,186,X,203.0,0,0.0,0.0,0.0,0,SCHEDULED
5688,AW7641,OSL - CDG,2025-07-25 09:40:00,2025-07-25 13:10:00,2024-11-25,-243,OPEN,2,186,186,N,39.0,10,390.0,163.9,0.05,10,ACTIVATED
1680,AW4632,CDG - VIE,2025-07-25 10:05:00,2025-07-25 12:15:00,2024-11-25,-242,OPEN,2,189,189,R,75.0,0,0.0,0.0,0.0,0,ACTIVATED
5195,AW7644,CDG - OSL,2025-07-25 11:10:00,2025-07-25 12:50:00,2024-11-25,-242,OPEN,2,189,189,H,204.0,6,1296.0,1101.66,0.03,6,ACTIVATED
4826,AW3551,HEL - CDG,2025-07-25 12:35:00,2025-07-25 15:20:00,2024-11-25,-242,OPEN,2,189,169,X,116.0,4,516.0,428.2,0.02,4,ACTIVATED
1674,AW4633,VIE - CDG,2025-07-25 13:05:00,2025-07-25 15:10:00,2024-11-25,-242,OPEN,2,189,189,R,70.0,0,0.0,0.0,0.0,0,ACTIVATED
1670,AW3284,CDG - TLL,2025-07-25 13:25:00,2025-07-25 18:10:00,2024-11-25,-242,OPEN,2,189,189,X,203.0,0,0.0,0.0,0.0,0,SCHEDULED
5970,AW7645,OSL - CDG,2025-07-25 13:35:00,2025-07-25 17:05:00,2024-11-25,-243,OPEN,2,189,189,T,57.0,14,956.0,639.46,0.07,14,ACTIVATED
1669,AW3281,TLL - CDG,2025-07-25 14:50:00,2025-07-25 17:40:00,2024-11-25,-242,OPEN,2,186,186,L,125.0,0,0.0,0.0,0.0,0,SCHEDULED
1681,AW4636,CDG - VIE,2025-07-25 14:55:00,2025-07-25 17:05:00,2024-11-25,-242,CANCELLED,2,189,189,,,0,0.0,0.0,0.0,0,UNAVAILABLE
1677,AW3558,CDG - HEL,2025-07-25 14:55:00,2025-07-25 19:15:00,2024-11-25,-242,OPEN,2,189,189,V,184.0,0,0.0,0.0,0.0,0,ACTIVATED
4565,AW7648,CDG - OSL,2025-07-25 16:25:00,2025-07-25 18:05:00,2024-11-25,-242,OPEN,2,189,189,Q,186.0,3,684.0,566.22,0.02,3,ACTIVATED
1675,AW4637,VIE - CDG,2025-07-25 17:55:00,2025-07-25 20:00:00,2024-11-25,-242,CANCELLED,2,189,189,,,0,0.0,0.0,0.0,0,UNAVAILABLE
4301,AW7649,OSL - CDG,2025-07-25 18:45:00,2025-07-25 22:15:00,2024-11-25,-243,OPEN,2,189,189,T,57.0,2,198.0,152.78,0.01,2,ACTIVATED
4299,AW3422,CDG - TLL,2025-07-25 19:00:00,2025-07-25 23:45:00,2024-11-25,-242,OPEN,2,186,186,X,203.0,2,222.0,89.48,0.01,2,SCHEDULED
1671,AW3285,TLL - CDG,2025-07-25 19:05:00,2025-07-25 21:55:00,2024-11-25,-242,OPEN,2,189,189,L,125.0,0,0.0,0.0,0.0,0,SCHEDULED
4298,AW3559,HEL - CDG,2025-07-25 20:00:00,2025-07-25 22:45:00,2024-11-25,-242,OPEN,2,189,189,T,92.0,2,302.0,258.1,0.01,2,ACTIVATED
3916,AW7664,CDG - OSL,2025-07-25 20:45:00,2025-07-25 22:25:00,2024-11-25,-242,OPEN,2,189,189,K,150.0,1,91.0,58.61,0.01,1,ACTIVATED
1682,AW4780,CDG - VIE,2025-07-25 21:10:00,2025-07-25 23:20:00,2024-11-25,-242,OPEN,2,189,189,R,75.0,0,0.0,0.0,0.0,0,ACTIVATED
1679,AW7668,CDG - OSL,2025-07-25 21:15:00,2025-07-25 22:55:00,2024-11-25,-242,OPEN,2,189,189,L,131.0,0,0.0,0.0,0.0,0,ACTIVATED
1697,AW7665,OSL - CDG,2025-07-26 05:55:00,2025-07-26 09:25:00,2024-11-25,-244,OPEN,2,189,189,T,57.0,0,0.0,0.0,0.0,0,ACTIVATED
1692,AW4781,VIE - CDG,2025-07-26 06:00:00,2025-07-26 08:05:00,2024-11-25,-243,OPEN,2,189,189,G,52.0,0,0.0,0.0,0.0,0,ACTIVATED
6024,AW4670,CDG - BUD,2025-07-26 06:15:00,2025-07-26 09:20:00,2024-11-25,-243,OPEN,2,186,96,I,276.0,15,3248.39,2735.06,0.16,15,SCHEDULED
1698,AW7669,OSL - CDG,2025-07-26 06:25:00,2025-07-26 09:55:00,2024-11-25,-244,OPEN,2,189,189,T,57.0,0,0.0,0.0,0.0,0,ACTIVATED
1690,AW3423,TLL - CDG,2025-07-26 06:45:00,2025-07-26 09:35:00,2024-11-25,-243,OPEN,2,186,186,X,109.0,0,0.0,0.0,0.0,0,SCHEDULED
4303,AW3550,CDG - HEL,2025-07-26 08:35:00,2025-07-26 12:55:00,2024-11-25,-243,OPEN,2,189,189,V,184.0,2,540.0,475.22,0.01,2,ACTIVATED
1685,AW3280,CDG - TLL,2025-07-26 09:00:00,2025-07-26 13:45:00,2024-11-25,-243,OPEN,2,189,189,L,227.0,0,0.0,0.0,0.0,0,SCHEDULED
5468,AW4671,BUD - CDG,2025-07-26 10:05:00,2025-07-26 15:00:00,2024-11-25,-244,OPEN,2,186,96,M,195.0,8,1376.0,1297.44,0.08,8,DEACTIVATED
1694,AW4636,CDG - VIE,2025-07-26 10:10:00,2025-07-26 12:20:00,2024-11-25,-243,OPEN,2,189,189,R,75.0,0,0.0,0.0,0.0,0,ACTIVATED
1687,AW3288,CDG - TLL,2025-07-26 10:15:00,2025-07-26 15:00:00,2024-11-25,-243,OPEN,2,186,186,L,227.0,0,0.0,0.0,0.0,0,SCHEDULED
3917,AW7644,CDG - OSL,2025-07-26 10:20:00,2025-07-26 12:00:00,2024-11-25,-243,OPEN,2,189,179,Q,186.0,1,179.0,146.61,0.01,1,ACTIVATED
1695,AW7645,OSL - CDG,2025-07-26 12:40:00,2025-07-26 16:10:00,2024-11-25,-244,OPEN,2,189,179,R,69.0,0,0.0,0.0,0.0,0,ACTIVATED
4302,AW4637,VIE - CDG,2025-07-26 13:10:00,2025-07-26 15:15:00,2024-11-25,-243,OPEN,2,189,189,R,70.0,2,120.0,82.4,0.01,2,ACTIVATED
1693,AW4634,CDG - VIE,2025-07-26 13:35:00,2025-07-26 15:45:00,2024-11-25,-243,CANCELLED,2,189,189,,,0,0.0,0.0,0.0,0,UNAVAILABLE
5846,AW3551,HEL - CDG,2025-07-26 13:40:00,2025-07-26 16:25:00,2024-11-25,-243,OPEN,2,189,189,R,103.0,12,1407.0,1143.6,0.06,12,ACTIVATED
1686,AW3281,TLL - CDG,2025-07-26 14:40:00,2025-07-26 17:30:00,2024-11-25,-243,OPEN,2,189,189,X,109.0,0,0.0,0.0,0.0,0,SCHEDULED
5467,AW7658,CDG - OSL,2025-07-26 15:20:00,2025-07-26 17:00:00,2024-11-25,-243,OPEN,2,189,189,V,168.0,8,712.0,452.88,0.04,8,ACTIVATED
1688,AW3289,TLL - CDG,2025-07-26 16:00:00,2025-07-26 18:50:00,2024-11-25,-243,OPEN,2,186,186,X,109.0,0,0.0,0.0,0.0,0,SCHEDULED
1691,AW4635,VIE - CDG,2025-07-26 16:40:00,2025-07-26 18:45:00,2024-11-25,-243,CANCELLED,2,189,189,,,0,0.0,0.0,0.0,0,UNAVAILABLE
4827,AW7646,CDG - OSL,2025-07-26 16:45:00,2025-07-26 18:25:00,2024-11-25,-243,OPEN,2,186,186,L,131.0,4,336.0,206.44,0.02,4,ACTIVATED
4829,AW7659,OSL - CDG,2025-07-26 17:40:00,2025-07-26 21:10:00,2024-11-25,-244,OPEN,2,189,189,N,39.0,4,136.0,45.56,0.02,4,ACTIVATED
1689,AW3422,CDG - TLL,2025-07-26 19:00:00,2025-07-26 23:45:00,2024-11-25,-243,OPEN,2,186,186,R,182.0,0,0.0,0.0,0.0,0,SCHEDULED
1696,AW7647,OSL - CDG,2025-07-26 19:05:00,2025-07-26 22:35:00,2024-11-25,-244,OPEN,2,186,186,T,57.0,0,0.0,0.0,0.0,0,ACTIVATED
4304,AW7664,CDG - OSL,2025-07-26 20:45:00,2025-07-26 22:25:00,2024-11-25,-243,OPEN,2,189,189,L,131.0,2,154.0,89.22,0.01,2,ACTIVATED
4828,AW4780,CDG - VIE,2025-07-26 21:15:00,2025-07-26 23:25:00,2024-11-25,-243,OPEN,2,189,189,R,75.0,4,300.0,142.96,0.02,4,ACTIVATED
4566,AW7668,CDG - OSL,2025-07-26 21:15:00,2025-07-26 22:55:00,2024-11-25,-243,OPEN,2,189,189,L,131.0,3,284.0,173.09,0.02,3,ACTIVATED
1714,AW7669,OSL - CDG,2025-07-27 06:00:00,2025-07-27 09:30:00,2024-11-25,-245,OPEN,2,189,189,T,57.0,0,0.0,0.0,0.0,0,ACTIVATED
1706,AW4781,VIE - CDG,2025-07-27 06:00:00,2025-07-27 08:05:00,2024-11-25,-244,OPEN,2,189,189,T,60.0,0,0.0,0.0,0.0,0,ACTIVATED
1713,AW7665,OSL - CDG,2025-07-27 06:30:00,2025-07-27 10:00:00,2024-11-25,-245,OPEN,2,189,189,T,57.0,0,0.0,0.0,0.0,0,ACTIVATED
1704,AW3423,TLL - CDG,2025-07-27 07:00:00,2025-07-27 09:50:00,2024-11-25,-244,OPEN,2,186,186,R,93.0,0,0.0,0.0,0.0,0,SCHEDULED
1707,AW7640,CDG - OSL,2025-07-27 07:20:00,2025-07-27 09:00:00,2024-11-25,-244,OPEN,2,189,189,V,168.0,0,0.0,0.0,0.0,0,ACTIVATED
1700,AW3280,CDG - TLL,2025-07-27 08:05:00,2025-07-27 12:50:00,2024-11-25,-244,OPEN,2,189,189,X,203.0,0,0.0,0.0,0.0,0,SCHEDULED
3918,AW7641,OSL - CDG,2025-07-27 09:40:00,2025-07-27 13:10:00,2024-11-25,-245,OPEN,2,189,189,T,57.0,1,104.0,81.21,0.01,1,ACTIVATED
1709,AW7658,CDG - OSL,2025-07-27 10:20:00,2025-07-27 12:00:00,2024-11-25,-244,OPEN,2,189,189,Q,186.0,0,0.0,0.0,0.0,0,ACTIVATED
1701,AW3288,CDG - TLL,2025-07-27 10:55:00,2025-07-27 15:40:00,2024-11-25,-244,OPEN,2,186,186,X,203.0,0,0.0,0.0,0.0,0,SCHEDULED
6093,AW4638,CDG - VIE,2025-07-27 10:55:00,2025-07-27 13:05:00,2024-11-25,-244,OPEN,2,189,189,X,86.0,16,1468.0,867.32,0.08,16,ACTIVATED
4307,AW7659,OSL - CDG,2025-07-27 12:40:00,2025-07-27 16:10:00,2024-11-25,-245,OPEN,2,189,189,X,82.0,2,114.0,68.78,0.01,2,ACTIVATED
4567,AW3281,TLL - CDG,2025-07-27 13:45:00,2025-07-27 16:35:00,2024-11-25,-244,OPEN,2,189,189,R,93.0,3,327.0,258.0,0.02,3,SCHEDULED
4830,AW4639,VIE - CDG,2025-07-27 13:55:00,2025-07-27 16:00:00,2024-11-25,-244,OPEN,2,189,189,X,82.0,4,308.0,232.8,0.02,4,ACTIVATED
1712,AW4636,CDG - VIE,2025-07-27 14:35:00,2025-07-27 16:45:00,2024-11-25,-244,CANCELLED,2,189,189,,,0,0.0,0.0,0.0,0,UNAVAILABLE
4568,AW3556,CDG - HEL,2025-07-27 14:45:00,2025-07-27 19:05:00,2024-11-25,-244,OPEN,2,189,185,K,166.0,3,591.0,493.83,0.02,3,ACTIVATED
4306,AW3558,CDG - HEL,2025-07-27 15:00:00,2025-07-27 19:20:00,2024-11-25,-244,OPEN,2,189,189,V,184.0,2,300.0,221.48,0.01,2,ACTIVATED
1702,AW3289,TLL - CDG,2025-07-27 16:40:00,2025-07-27 19:30:00,2024-11-25,-244,OPEN,2,186,186,X,109.0,0,0.0,0.0,0.0,0,SCHEDULED
1708,AW7646,CDG - OSL,2025-07-27 16:45:00,2025-07-27 18:25:00,2024-11-25,-244,OPEN,2,189,189,V,168.0,0,0.0,0.0,0.0,0,ACTIVATED
1705,AW4637,VIE - CDG,2025-07-27 17:30:00,2025-07-27 19:35:00,2024-11-25,-244,CANCELLED,2,189,189,,,0,0.0,0.0,0.0,0,UNAVAILABLE
1703,AW3422,CDG - TLL,2025-07-27 19:00:00,2025-07-27 23:45:00,2024-11-25,-244,OPEN,2,186,186,X,203.0,0,0.0,0.0,0.0,0,SCHEDULED
3919,AW7647,OSL - CDG,2025-07-27 19:05:00,2025-07-27 22:35:00,2024-11-25,-245,OPEN,2,189,189,R,69.0,1,99.0,76.39,0.01,1,ACTIVATED
4305,AW3557,HEL - CDG,2025-07-27 19:50:00,2025-07-27 22:35:00,2024-11-25,-244,OPEN,2,189,189,K,144.0,2,109.9,66.0,0.01,2,ACTIVATED
1699,AW3559,HEL - CDG,2025-07-27 20:05:00,2025-07-27 22:50:00,2024-11-25,-244,OPEN,2,189,189,K,144.0,0,0.0,0.0,0.0,0,ACTIVATED
1710,AW7664,CDG - OSL,2025-07-27 20:45:00,2025-07-27 22:25:00,2024-11-25,-244,OPEN,2,189,189,L,131.0,0,0.0,0.0,0.0,0,ACTIVATED
1711,AW7668,CDG - OSL,2025-07-27 21:15:00,2025-07-27 22:55:00,2024-11-25,-244,OPEN,2,189,189,L,131.0,0,0.0,0.0,0.0,0,ACTIVATED
4831,AW4780,CDG - VIE,2025-07-27 21:25:00,2025-07-27 23:35:00,2024-11-25,-244,OPEN,2,189,189,R,75.0,4,344.0,214.44,0.02,4,ACTIVATED
4833,AW7669,OSL - CDG,2025-07-28 05:55:00,2025-07-28 09:25:00,2024-11-25,-246,OPEN,2,189,189,G,47.0,4,188.0,97.56,0.02,4,ACTIVATED
1722,AW4781,VIE - CDG,2025-07-28 06:00:00,2025-07-28 08:05:00,2024-11-25,-245,OPEN,2,189,189,T,60.0,0,0.0,0.0,0.0,0,ACTIVATED
4309,AW7665,OSL - CDG,2025-07-28 06:30:00,2025-07-28 10:00:00,2024-11-25,-246,OPEN,2,189,189,G,47.0,2,78.0,32.78,0.01,2,ACTIVATED
1719,AW3423,TLL - CDG,2025-07-28 06:45:00,2025-07-28 09:35:00,2024-11-25,-245,OPEN,2,186,186,R,93.0,0,0.0,0.0,0.0,0,SCHEDULED
1724,AW7640,CDG - OSL,2025-07-28 07:15:00,2025-07-28 08:55:00,2024-11-25,-245,OPEN,2,189,189,V,168.0,0,0.0,0.0,0.0,0,ACTIVATED
5196,AW3284,CDG - TLL,2025-07-28 07:45:00,2025-07-28 12:30:00,2024-11-25,-245,OPEN,2,186,186,L,227.0,6,1218.0,820.44,0.03,6,SCHEDULED
4569,AW3550,CDG - HEL,2025-07-28 08:20:00,2025-07-28 12:40:00,2024-11-25,-245,OPEN,2,189,189,H,224.0,3,750.0,652.83,0.02,3,ACTIVATED
4308,AW7641,OSL - CDG,2025-07-28 09:35:00,2025-07-28 13:05:00,2024-11-25,-246,OPEN,2,189,189,T,57.0,2,114.0,68.78,0.01,2,ACTIVATED
5971,AW4632,CDG - VIE,2025-07-28 10:05:00,2025-07-28 12:15:00,2024-11-25,-245,OPEN,2,189,189,R,75.0,14,1008.0,499.58,0.07,14,ACTIVATED
4832,AW3280,CDG - TLL,2025-07-28 10:10:00,2025-07-28 14:55:00,2024-11-25,-245,OPEN,2,186,186,X,203.0,4,1164.0,898.96,0.02,4,SCHEDULED
1725,AW7644,CDG - OSL,2025-07-28 11:10:00,2025-07-28 12:50:00,2024-11-25,-245,OPEN,2,189,189,Q,186.0,0,0.0,0.0,0.0,0,ACTIVATED
1720,AW4633,VIE - CDG,2025-07-28 13:05:00,2025-07-28 15:10:00,2024-11-25,-245,OPEN,2,189,189,T,60.0,0,0.0,0.0,0.0,0,ACTIVATED
1715,AW3551,HEL - CDG,2025-07-28 13:25:00,2025-07-28 16:10:00,2024-11-25,-245,OPEN,2,189,189,G,83.0,0,0.0,0.0,0.0,0,ACTIVATED
1717,AW3285,TLL - CDG,2025-07-28 13:25:00,2025-07-28 16:15:00,2024-11-25,-245,OPEN,2,186,186,X,109.0,0,0.0,0.0,0.0,0,SCHEDULED
5588,AW7645,OSL - CDG,2025-07-28 13:35:00,2025-07-28 17:05:00,2024-11-25,-246,OPEN,2,189,189,R,69.0,9,391.0,187.51,0.05,9,ACTIVATED
1728,AW4634,CDG - VIE,2025-07-28 14:30:00,2025-07-28 16:40:00,2024-11-25,-245,CANCELLED,2,189,189,,,0,0.0,0.0,0.0,0,UNAVAILABLE
1723,AW3558,CDG - HEL,2025-07-28 14:55:00,2025-07-28 19:15:00,2024-11-25,-245,OPEN,2,189,189,V,184.0,0,0.0,0.0,0.0,0,ACTIVATED
1716,AW3281,TLL - CDG,2025-07-28 15:55:00,2025-07-28 18:45:00,2024-11-25,-245,OPEN,2,186,186,X,109.0,0,0.0,0.0,0.0,0,SCHEDULED
4570,AW7648,CDG - OSL,2025-07-28 16:50:00,2025-07-28 18:30:00,2024-11-25,-245,OPEN,2,189,189,Q,186.0,3,504.0,386.22,0.02,3,ACTIVATED
1721,AW4635,VIE - CDG,2025-07-28 17:30:00,2025-07-28 19:35:00,2024-11-25,-245,CANCELLED,2,189,189,,,0,0.0,0.0,0.0,0,UNAVAILABLE
1718,AW3422,CDG - TLL,2025-07-28 19:00:00,2025-07-28 23:45:00,2024-11-25,-245,OPEN,2,186,186,X,203.0,0,0.0,0.0,0.0,0,SCHEDULED
1730,AW7649,OSL - CDG,2025-07-28 19:10:00,2025-07-28 22:40:00,2024-11-25,-246,OPEN,2,189,189,R,69.0,0,0.0,0.0,0.0,0,ACTIVATED
3920,AW3559,HEL - CDG,2025-07-28 20:00:00,2025-07-28 22:45:00,2024-11-25,-245,OPEN,2,189,189,T,92.0,1,83.0,61.05,0.01,1,ACTIVATED
1726,AW7664,CDG - OSL,2025-07-28 20:45:00,2025-07-28 22:25:00,2024-11-25,-245,OPEN,2,189,189,Q,186.0,0,0.0,0.0,0.0,0,ACTIVATED
1727,AW7668,CDG - OSL,2025-07-28 21:15:00,2025-07-28 22:55:00,2024-11-25,-245,OPEN,2,189,189,K,150.0,0,0.0,0.0,0.0,0,ACTIVATED
1729,AW4780,CDG - VIE,2025-07-28 21:20:00,2025-07-28 23:30:00,2024-11-25,-245,OPEN,2,189,189,T,66.0,0,0.0,0.0,0.0,0,ACTIVATED
1737,AW4781,VIE - CDG,2025-07-29 06:00:00,2025-07-29 08:05:00,2024-11-25,-246,OPEN,2,189,189,G,52.0,0,0.0,0.0,0.0,0,ACTIVATED
1748,AW7669,OSL - CDG,2025-07-29 06:00:00,2025-07-29 09:30:00,2024-11-25,-247,OPEN,2,189,189,T,57.0,0,0.0,0.0,0.0,0,ACTIVATED
4310,AW4670,CDG - BUD,2025-07-29 06:15:00,2025-07-29 09:20:00,2024-11-25,-246,OPEN,2,186,99,V,195.0,2,390.0,311.48,0.02,2,SCHEDULED
1747,AW7665,OSL - CDG,2025-07-29 06:30:00,2025-07-29 10:00:00,2024-11-25,-247,OPEN,2,189,189,T,57.0,0,0.0,0.0,0.0,0,ACTIVATED
6290,AW3423,TLL - CDG,2025-07-29 06:45:00,2025-07-29 09:35:00,2024-11-25,-246,OPEN,2,186,186,X,109.0,21,2387.07,1904.07,0.11,21,SCHEDULED
1740,AW7640,CDG - OSL,2025-07-29 07:15:00,2025-07-29 08:55:00,2024-11-25,-246,OPEN,2,189,111,Q,186.0,0,0.0,0.0,0.0,0,ACTIVATED
1745,AW7641,OSL - CDG,2025-07-29 09:35:00,2025-07-29 13:05:00,2024-11-25,-247,OPEN,2,189,111,T,57.0,0,0.0,0.0,0.0,0,ACTIVATED
1732,AW3288,CDG - TLL,2025-07-29 09:50:00,2025-07-29 14:35:00,2024-11-25,-246,OPEN,2,186,186,X,203.0,0,0.0,0.0,0.0,0,SCHEDULED
5332,AW4671,BUD - CDG,2025-07-29 10:05:00,2025-07-29 15:00:00,2024-11-25,-247,OPEN,2,186,99,Q,152.0,7,783.0,714.26,0.07,7,DEACTIVATED
1743,AW4632,CDG - VIE,2025-07-29 10:05:00,2025-07-29 12:15:00,2024-11-25,-246,OPEN,2,189,189,T,66.0,0,0.0,0.0,0.0,0,ACTIVATED
1739,AW3558,CDG - HEL,2025-07-29 11:30:00,2025-07-29 15:50:00,2024-11-25,-246,OPEN,2,189,189,V,184.0,0,0.0,0.0,0.0,0,ACTIVATED
4311,AW7644,CDG - OSL,2025-07-29 11:50:00,2025-07-29 13:30:00,2024-11-25,-246,OPEN,2,189,189,Q,186.0,2,546.0,467.48,0.01,2,ACTIVATED
1735,AW4633,VIE - CDG,2025-07-29 13:05:00,2025-07-29 15:10:00,2024-11-25,-246,OPEN,2,189,189,T,60.0,0,0.0,0.0,0.0,0,ACTIVATED
4572,AW7645,OSL - CDG,2025-07-29 14:15:00,2025-07-29 17:45:00,2024-11-25,-247,OPEN,2,189,189,T,57.0,3,259.0,191.17,0.02,3,ACTIVATED
1731,AW3286,CDG - TLL,2025-07-29 14:20:00,2025-07-29 19:05:00,2024-11-25,-246,OPEN,2,186,186,X,203.0,0,0.0,0.0,0.0,0,SCHEDULED
1744,AW4636,CDG - VIE,2025-07-29 15:00:00,2025-07-29 17:10:00,2024-11-25,-246,CANCELLED,2,189,189,,,0,0.0,0.0,0.0,0,UNAVAILABLE
1733,AW3289,TLL - CDG,2025-07-29 15:35:00,2025-07-29 18:25:00,2024-11-25,-246,OPEN,2,186,186,X,109.0,0,0.0,0.0,0.0,0,SCHEDULED
5847,AW3559,HEL - CDG,2025-07-29 16:35:00,2025-07-29 19:20:00,2024-11-25,-246,OPEN,2,189,189,G,83.0,12,1458.0,1194.6,0.06,12,ACTIVATED
1741,AW7648,CDG - OSL,2025-07-29 16:45:00,2025-07-29 18:25:00,2024-11-25,-246,OPEN,2,189,189,V,168.0,0,0.0,0.0,0.0,0,ACTIVATED
1736,AW4637,VIE - CDG,2025-07-29 18:00:00,2025-07-29 20:05:00,2024-11-25,-246,CANCELLED,2,189,189,,,0,0.0,0.0,0.0,0,UNAVAILABLE
1734,AW3422,CDG - TLL,2025-07-29 19:00:00,2025-07-29 23:45:00,2024-11-25,-246,OPEN,2,186,186,X,203.0,0,0.0,0.0,0.0,0,SCHEDULED
1746,AW7649,OSL - CDG,2025-07-29 19:05:00,2025-07-29 22:35:00,2024-11-25,-247,OPEN,2,189,189,T,57.0,0,0.0,0.0,0.0,0,ACTIVATED
4571,AW3287,TLL - CDG,2025-07-29 20:00:00,2025-07-29 22:50:00,2024-11-25,-246,OPEN,2,186,186,X,109.0,3,327.0,258.0,0.02,3,SCHEDULED
1742,AW7664,CDG - OSL,2025-07-29 20:45:00,2025-07-29 22:25:00,2024-11-25,-246,OPEN,2,189,189,L,131.0,0,0.0,0.0,0.0,0,ACTIVATED
4312,AW7668,CDG - OSL,2025-07-29 21:15:00,2025-07-29 22:55:00,2024-11-25,-246,OPEN,2,189,189,L,131.0,2,214.0,149.22,0.01,2,ACTIVATED
4313,AW4780,CDG - VIE,2025-07-29 21:20:00,2025-07-29 23:30:00,2024-11-25,-246,OPEN,2,189,189,T,66.0,2,150.0,71.48,0.01,2,ACTIVATED
1738,AW3410,CDG - TLL,2025-07-29 22:40:00,2025-07-30 03:25:00,2024-11-25,-246,OPEN,2,189,189,R,182.0,0,0.0,0.0,0.0,0,SCHEDULED
1755,AW3411,TLL - CDG,2025-07-30 04:20:00,2025-07-30 07:10:00,2024-11-25,-247,OPEN,2,189,189,X,109.0,0,0.0,0.0,0.0,0,SCHEDULED
1771,AW7665,OSL - CDG,2025-07-30 06:00:00,2025-07-30 09:30:00,2024-11-25,-248,OPEN,2,189,189,T,57.0,0,0.0,0.0,0.0,0,ACTIVATED
1760,AW4781,VIE - CDG,2025-07-30 06:15:00,2025-07-30 08:20:00,2024-11-25,-247,OPEN,2,189,189,N,45.0,0,0.0,0.0,0.0,0,ACTIVATED
1772,AW7669,OSL - CDG,2025-07-30 06:30:00,2025-07-30 10:00:00,2024-11-25,-248,OPEN,2,189,189,T,57.0,0,0.0,0.0,0.0,0,ACTIVATED
1757,AW3423,TLL - CDG,2025-07-30 06:45:00,2025-07-30 09:35:00,2024-11-25,-247,OPEN,2,186,186,X,109.0,0,0.0,0.0,0.0,0,SCHEDULED
1763,AW7640,CDG - OSL,2025-07-30 07:15:00,2025-07-30 08:55:00,2024-11-25,-247,OPEN,2,186,186,Q,186.0,0,0.0,0.0,0.0,0,ACTIVATED
1761,AW3550,CDG - HEL,2025-07-30 08:30:00,2025-07-30 12:50:00,2024-11-25,-247,OPEN,2,189,189,V,184.0,0,0.0,0.0,0.0,0,ACTIVATED
5035,AW7641,OSL - CDG,2025-07-30 09:35:00,2025-07-30 13:05:00,2024-11-25,-248,OPEN,2,186,186,N,39.0,5,195.0,81.95,0.03,5,ACTIVATED
4573,AW3284,CDG - TLL,2025-07-30 10:05:00,2025-07-30 14:50:00,2024-11-25,-247,OPEN,2,189,189,X,203.0,3,609.0,410.22,0.02,3,SCHEDULED
1767,AW4632,CDG - VIE,2025-07-30 10:15:00,2025-07-30 12:25:00,2024-11-25,-247,OPEN,2,189,189,T,66.0,0,0.0,0.0,0.0,0,ACTIVATED
1753,AW3288,CDG - TLL,2025-07-30 10:55:00,2025-07-30 15:40:00,2024-11-25,-247,OPEN,2,186,186,X,203.0,0,0.0,0.0,0.0,0,SCHEDULED
4834,AW7644,CDG - OSL,2025-07-30 11:50:00,2025-07-30 13:30:00,2024-11-25,-247,OPEN,2,189,189,Q,186.0,4,814.0,684.44,0.02,4,ACTIVATED
1758,AW4633,VIE - CDG,2025-07-30 13:15:00,2025-07-30 15:20:00,2024-11-25,-247,OPEN,2,189,189,G,52.0,0,0.0,0.0,0.0,0,ACTIVATED
1749,AW3551,HEL - CDG,2025-07-30 13:35:00,2025-07-30 16:20:00,2024-11-25,-247,OPEN,2,189,189,G,83.0,0,0.0,0.0,0.0,0,ACTIVATED
5689,AW7645,OSL - CDG,2025-07-30 14:10:00,2025-07-30 17:40:00,2024-11-25,-248,OPEN,2,189,189,T,57.0,10,490.0,263.9,0.05,10,ACTIVATED
1762,AW3558,CDG - HEL,2025-07-30 14:20:00,2025-07-30 18:40:00,2024-11-25,-247,OPEN,2,189,189,V,184.0,0,0.0,0.0,0.0,0,ACTIVATED
3921,AW3286,CDG - TLL,2025-07-30 14:20:00,2025-07-30 19:05:00,2024-11-25,-247,OPEN,2,186,186,X,203.0,1,203.0,144.23,0.01,1,SCHEDULED
1768,AW4636,CDG - VIE,2025-07-30 14:40:00,2025-07-30 16:50:00,2024-11-25,-247,CANCELLED,2,189,189,,,0,0.0,0.0,0.0,0,UNAVAILABLE
1751,AW3285,TLL - CDG,2025-07-30 15:45:00,2025-07-30 18:35:00,2024-11-25,-247,OPEN,2,189,189,X,109.0,0,0.0,0.0,0.0,0,SCHEDULED
1754,AW3289,TLL - CDG,2025-07-30 16:40:00,2025-07-30 19:30:00,2024-11-25,-247,OPEN,2,186,186,X,109.0,0,0.0,0.0,0.0,0,SCHEDULED
1764,AW7646,CDG - OSL,2025-07-30 16:45:00,2025-07-30 18:25:00,2024-11-25,-247,OPEN,2,189,189,Q,186.0,0,0.0,0.0,0.0,0,ACTIVATED
1759,AW4637,VIE - CDG,2025-07-30 17:40:00,2025-07-30 19:45:00,2024-11-25,-247,CANCELLED,2,189,189,,,0,0.0,0.0,0.0,0,UNAVAILABLE
1756,AW3422,CDG - TLL,2025-07-30 19:00:00,2025-07-30 23:45:00,2024-11-25,-247,OPEN,2,186,186,X,203.0,0,0.0,0.0,0.0,0,SCHEDULED
1770,AW7647,OSL - CDG,2025-07-30 19:10:00,2025-07-30 22:40:00,2024-11-25,-248,OPEN,2,189,189,T,57.0,0,0.0,0.0,0.0,0,ACTIVATED
1750,AW3559,HEL - CDG,2025-07-30 19:25:00,2025-07-30 22:10:00,2024-11-25,-247,OPEN,2,189,189,T,92.0,0,0.0,0.0,0.0,0,ACTIVATED
1752,AW3287,TLL - CDG,2025-07-30 20:00:00,2025-07-30 22:50:00,2024-11-25,-247,OPEN,2,186,186,X,109.0,0,0.0,0.0,0.0,0,SCHEDULED
1765,AW7664,CDG - OSL,2025-07-30 20:45:00,2025-07-30 22:25:00,2024-11-25,-247,OPEN,2,189,189,Q,186.0,0,0.0,0.0,0.0,0,ACTIVATED
1766,AW7668,CDG - OSL,2025-07-30 21:15:00,2025-07-30 22:55:00,2024-11-25,-247,OPEN,2,189,189,Q,186.0,0,0.0,0.0,0.0,0,ACTIVATED
1769,AW4780,CDG - VIE,2025-07-30 21:20:00,2025-07-30 23:30:00,2024-11-25,-247,OPEN,2,189,189,R,75.0,0,0.0,0.0,0.0,0,ACTIVATED
1788,AW7665,OSL - CDG,2025-07-31 06:00:00,2025-07-31 09:30:00,2024-11-25,-249,OPEN,2,189,189,T,57.0,0,0.0,0.0,0.0,0,ACTIVATED
1776,AW4781,VIE - CDG,2025-07-31 06:00:00,2025-07-31 08:05:00,2024-11-25,-248,OPEN,2,189,189,N,45.0,0,0.0,0.0,0.0,0,ACTIVATED
1789,AW7669,OSL - CDG,2025-07-31 06:30:00,2025-07-31 10:00:00,2024-11-25,-249,OPEN,2,189,189,T,57.0,0,0.0,0.0,0.0,0,ACTIVATED
1773,AW3423,TLL - CDG,2025-07-31 06:45:00,2025-07-31 09:35:00,2024-11-25,-248,OPEN,2,186,186,X,109.0,0,0.0,0.0,0.0,0,SCHEDULED
1781,AW7640,CDG - OSL,2025-07-31 07:15:00,2025-07-31 08:55:00,2024-11-25,-248,OPEN,2,186,186,Q,186.0,0,0.0,0.0,0.0,0,ACTIVATED
1779,AW3550,CDG - HEL,2025-07-31 08:05:00,2025-07-31 12:30:00,2024-11-25,-248,CANCELLED,2,189,189,,,0,0.0,0.0,0.0,0,UNAVAILABLE
1786,AW7641,OSL - CDG,2025-07-31 09:35:00,2025-07-31 13:05:00,2024-11-25,-249,OPEN,2,186,186,T,57.0,0,0.0,0.0,0.0,0,ACTIVATED
3922,AW4632,CDG - VIE,2025-07-31 09:45:00,2025-07-31 11:55:00,2024-11-25,-248,OPEN,2,189,189,R,75.0,1,157.0,117.74,0.01,1,ACTIVATED
5848,AW4670,CDG - BUD,2025-07-31 10:05:00,2025-07-31 13:10:00,2024-11-25,-248,OPEN,2,189,99,I,276.0,12,2606.0,2134.88,0.12,12,SCHEDULED
5333,AW3288,CDG - TLL,2025-07-31 11:25:00,2025-07-31 16:10:00,2024-11-25,-248,OPEN,2,186,186,X,203.0,7,1893.0,1481.61,0.04,7,SCHEDULED
4575,AW7644,CDG - OSL,2025-07-31 11:50:00,2025-07-31 13:30:00,2024-11-25,-248,OPEN,2,189,189,V,168.0,3,273.0,175.83,0.02,3,ACTIVATED
1774,AW4633,VIE - CDG,2025-07-31 12:45:00,2025-07-31 14:50:00,2024-11-25,-248,OPEN,2,189,189,T,60.0,0,0.0,0.0,0.0,0,ACTIVATED
1778,AW3551,HEL - CDG,2025-07-31 13:15:00,2025-07-31 16:00:00,2024-11-25,-248,CANCELLED,2,189,189,,,0,0.0,0.0,0.0,0,UNAVAILABLE
5037,AW4671,BUD - CDG,2025-07-31 13:55:00,2025-07-31 18:50:00,2024-11-25,-249,OPEN,2,189,99,Q,152.0,5,808.0,758.9,0.05,5,DEACTIVATED
5036,AW7645,OSL - CDG,2025-07-31 14:15:00,2025-07-31 17:45:00,2024-11-25,-249,OPEN,2,189,189,T,57.0,5,379.0,265.59,0.03,5,ACTIVATED
1784,AW4636,CDG - VIE,2025-07-31 14:30:00,2025-07-31 16:40:00,2024-11-25,-248,CANCELLED,2,189,189,,,0,0.0,0.0,0.0,0,UNAVAILABLE
1780,AW3556,CDG - HEL,2025-07-31 15:00:00,2025-07-31 19:20:00,2024-11-25,-248,OPEN,2,189,189,V,184.0,0,0.0,0.0,0.0,0,ACTIVATED
4837,AW7646,CDG - OSL,2025-07-31 15:20:00,2025-07-31 17:00:00,2024-11-25,-248,OPEN,2,189,189,Q,186.0,4,551.0,407.7,0.02,4,ACTIVATED
4835,AW3289,TLL - CDG,2025-07-31 17:10:00,2025-07-31 20:00:00,2024-11-25,-248,OPEN,2,186,186,L,125.0,4,500.0,408.0,0.02,4,SCHEDULED
1775,AW4637,VIE - CDG,2025-07-31 17:30:00,2025-07-31 19:35:00,2024-11-25,-248,CANCELLED,2,189,189,,,0,0.0,0.0,0.0,0,UNAVAILABLE
1787,AW7647,OSL - CDG,2025-07-31 17:40:00,2025-07-31 21:10:00,2024-11-25,-249,OPEN,2,189,189,T,57.0,0,0.0,0.0,0.0,0,ACTIVATED
4836,AW3422,CDG - TLL,2025-07-31 19:00:00,2025-07-31 23:45:00,2024-11-25,-248,OPEN,2,186,186,R,182.0,4,1092.0,856.92,0.02,4,SCHEDULED
4574,AW3557,HEL - CDG,2025-07-31 20:05:00,2025-07-31 22:50:00,2024-11-25,-248,OPEN,2,189,183,T,92.0,3,348.0,282.15,0.02,3,ACTIVATED
1782,AW7664,CDG - OSL,2025-07-31 20:45:00,2025-07-31 22:25:00,2024-11-25,-248,OPEN,2,189,189,V,168.0,0,0.0,0.0,0.0,0,ACTIVATED
1785,AW4780,CDG - VIE,2025-07-31 21:15:00,2025-07-31 23:25:00,2024-11-25,-248,OPEN,2,189,189,R,75.0,0,0.0,0.0,0.0,0,ACTIVATED
1783,AW7668,CDG - OSL,2025-07-31 21:15:00,2025-07-31 22:55:00,2024-11-25,-248,OPEN,2,189,189,V,168.0,0,0.0,0.0,0.0,0,ACTIVATED
1777,AW3410,CDG - TLL,2025-07-31 22:40:00,2025-08-01 03:25:00,2024-11-25,-248,OPEN,2,189,189,R,182.0,0,0.0,0.0,0.0,0,SCHEDULED
1794,AW3411,TLL - CDG,2025-08-01 04:20:00,2025-08-01 07:10:00,2024-11-25,-249,OPEN,2,189,189,X,109.0,0,0.0,0.0,0.0,0,SCHEDULED
1809,AW7665,OSL - CDG,2025-08-01 06:00:00,2025-08-01 09:30:00,2024-11-25,-250,OPEN,2,189,189,T,57.0,0,0.0,0.0,0.0,0,ACTIVATED
1810,AW7669,OSL - CDG,2025-08-01 06:30:00,2025-08-01 10:00:00,2024-11-25,-250,OPEN,2,189,189,T,57.0,0,0.0,0.0,0.0,0,ACTIVATED
1795,AW3423,TLL - CDG,2025-08-01 06:35:00,2025-08-01 09:25:00,2024-11-25,-249,OPEN,2,186,186,X,109.0,0,0.0,0.0,0.0,0,SCHEDULED
1798,AW4781,VIE - CDG,2025-08-01 06:55:00,2025-08-01 09:00:00,2024-11-25,-249,OPEN,2,189,189,T,60.0,0,0.0,0.0,0.0,0,ACTIVATED
1800,AW7640,CDG - OSL,2025-08-01 07:20:00,2025-08-01 09:00:00,2024-11-25,-249,OPEN,2,186,186,M,223.0,0,0.0,0.0,0.0,0,ACTIVATED
1799,AW3550,CDG - HEL,2025-08-01 07:30:00,2025-08-01 11:50:00,2024-11-25,-249,OPEN,2,189,169,H,224.0,0,0.0,0.0,0.0,0,ACTIVATED
4314,AW3280,CDG - TLL,2025-08-01 09:05:00,2025-08-01 13:50:00,2024-11-25,-249,OPEN,2,186,186,L,227.0,2,244.0,111.48,0.01,2,SCHEDULED
1807,AW7641,OSL - CDG,2025-08-01 09:40:00,2025-08-01 13:10:00,2024-11-25,-250,OPEN,2,186,186,T,57.0,0,0.0,0.0,0.0,0,ACTIVATED
5039,AW4632,CDG - VIE,2025-08-01 10:05:00,2025-08-01 12:15:00,2024-11-25,-249,OPEN,2,189,189,T,66.0,5,665.0,468.7,0.03,5,ACTIVATED
1801,AW7644,CDG - OSL,2025-08-01 11:10:00,2025-08-01 12:50:00,2024-11-25,-249,OPEN,2,189,189,M,223.0,0,0.0,0.0,0.0,0,ACTIVATED
1790,AW3551,HEL - CDG,2025-08-01 12:35:00,2025-08-01 15:20:00,2024-11-25,-249,OPEN,2,189,169,L,129.0,0,0.0,0.0,0.0,0,ACTIVATED
1796,AW4633,VIE - CDG,2025-08-01 13:05:00,2025-08-01 15:10:00,2024-11-25,-249,OPEN,2,189,189,T,60.0,0,0.0,0.0,0.0,0,ACTIVATED
4315,AW3284,CDG - TLL,2025-08-01 13:25:00,2025-08-01 18:10:00,2024-11-25,-249,OPEN,2,189,189,L,227.0,2,560.0,427.48,0.01,2,SCHEDULED
5470,AW7645,OSL - CDG,2025-08-01 13:35:00,2025-08-01 17:05:00,2024-11-25,-250,OPEN,2,189,189,T,57.0,8,456.0,275.12,0.04,8,ACTIVATED
1792,AW3281,TLL - CDG,2025-08-01 14:50:00,2025-08-01 17:40:00,2024-11-25,-249,OPEN,2,186,186,X,109.0,0,0.0,0.0,0.0,0,SCHEDULED
5469,AW3558,CDG - HEL,2025-08-01 14:55:00,2025-08-01 19:15:00,2024-11-25,-249,OPEN,2,189,189,Q,204.0,8,1571.0,1263.79,0.04,8,ACTIVATED
1803,AW4636,CDG - VIE,2025-08-01 14:55:00,2025-08-01 17:05:00,2024-11-25,-249,CANCELLED,2,189,189,,,0,0.0,0.0,0.0,0,UNAVAILABLE
1802,AW7648,CDG - OSL,2025-08-01 16:25:00,2025-08-01 18:05:00,2024-11-25,-249,OPEN,2,189,189,H,204.0,0,0.0,0.0,0.0,0,ACTIVATED
1797,AW4637,VIE - CDG,2025-08-01 17:55:00,2025-08-01 20:00:00,2024-11-25,-249,CANCELLED,2,189,189,,,0,0.0,0.0,0.0,0,UNAVAILABLE
1808,AW7649,OSL - CDG,2025-08-01 18:45:00,2025-08-01 22:15:00,2024-11-25,-250,OPEN,2,189,189,T,57.0,0,0.0,0.0,0.0,0,ACTIVATED
4838,AW3422,CDG - TLL,2025-08-01 19:00:00,2025-08-01 23:45:00,2024-11-25,-249,OPEN,2,186,186,X,203.0,4,444.0,178.96,0.02,4,SCHEDULED
1793,AW3285,TLL - CDG,2025-08-01 19:05:00,2025-08-01 21:55:00,2024-11-25,-249,OPEN,2,189,189,X,109.0,0,0.0,0.0,0.0,0,SCHEDULED
1791,AW3559,HEL - CDG,2025-08-01 20:00:00,2025-08-01 22:45:00,2024-11-25,-249,OPEN,2,189,189,X,116.0,0,0.0,0.0,0.0,0,ACTIVATED
5038,AW7664,CDG - OSL,2025-08-01 20:45:00,2025-08-01 22:25:00,2024-11-25,-249,OPEN,2,189,189,Q,186.0,5,637.0,454.44,0.03,5,ACTIVATED
1804,AW4780,CDG - VIE,2025-08-01 21:10:00,2025-08-01 23:20:00,2024-11-25,-249,OPEN,2,189,189,R,75.0,0,0.0,0.0,0.0,0,ACTIVATED
4316,AW7668,CDG - OSL,2025-08-01 21:15:00,2025-08-01 22:55:00,2024-11-25,-249,OPEN,2,189,189,Q,186.0,2,198.0,133.22,0.01,2,ACTIVATED
1822,AW7665,OSL - CDG,2025-08-02 05:55:00,2025-08-02 09:25:00,2024-11-25,-251,OPEN,2,189,189,T,57.0,0,0.0,0.0,0.0,0,ACTIVATED
1815,AW4781,VIE - CDG,2025-08-02 06:00:00,2025-08-02 08:05:00,2024-11-25,-250,OPEN,2,189,189,T,60.0,0,0.0,0.0,0.0,0,ACTIVATED
6874,AW4670,CDG - BUD,2025-08-02 06:15:00,2025-08-02 09:20:00,2024-11-25,-250,OPEN,2,186,96,B,322.0,46,9215.89,7698.47,0.48,46,SCHEDULED
1823,AW7669,OSL - CDG,2025-08-02 06:25:00,2025-08-02 09:55:00,2024-11-25,-251,OPEN,2,189,189,T,57.0,0,0.0,0.0,0.0,0,ACTIVATED
5041,AW3423,TLL - CDG,2025-08-02 06:45:00,2025-08-02 09:35:00,2024-11-25,-250,OPEN,2,186,186,L,125.0,5,545.0,430.0,0.03,5,SCHEDULED
5912,AW3550,CDG - HEL,2025-08-02 08:35:00,2025-08-02 12:55:00,2024-11-25,-250,OPEN,2,189,189,M,246.0,13,2934.0,2512.93,0.07,13,ACTIVATED
5197,AW3280,CDG - TLL,2025-08-02 09:00:00,2025-08-02 13:45:00,2024-11-25,-250,OPEN,2,189,189,L,227.0,6,1362.0,964.44,0.03,6,SCHEDULED
5690,AW4671,BUD - CDG,2025-08-02 10:05:00,2025-08-02 15:00:00,2024-11-25,-251,OPEN,2,186,96,Q,152.0,10,1168.0,1069.8,0.1,10,DEACTIVATED
1820,AW4636,CDG - VIE,2025-08-02 10:10:00,2025-08-02 12:20:00,2024-11-25,-250,OPEN,2,189,189,X,86.0,0,0.0,0.0,0.0,0,ACTIVATED
1812,AW3288,CDG - TLL,2025-08-02 10:15:00,2025-08-02 15:00:00,2024-11-25,-250,OPEN,2,186,186,L,227.0,0,0.0,0.0,0.0,0,SCHEDULED
1816,AW7644,CDG - OSL,2025-08-02 10:20:00,2025-08-02 12:00:00,2024-11-25,-250,OPEN,2,189,179,M,223.0,0,0.0,0.0,0.0,0,ACTIVATED
4839,AW7645,OSL - CDG,2025-08-02 12:40:00,2025-08-02 16:10:00,2024-11-25,-251,OPEN,2,189,179,R,69.0,4,228.0,137.56,0.02,4,ACTIVATED
4318,AW4637,VIE - CDG,2025-08-02 13:10:00,2025-08-02 15:15:00,2024-11-25,-250,OPEN,2,189,189,T,60.0,2,120.0,82.4,0.01,2,ACTIVATED
1819,AW4634,CDG - VIE,2025-08-02 13:35:00,2025-08-02 15:45:00,2024-11-25,-250,CANCELLED,2,189,189,,,0,0.0,0.0,0.0,0,UNAVAILABLE
1811,AW3551,HEL - CDG,2025-08-02 13:40:00,2025-08-02 16:25:00,2024-11-25,-250,OPEN,2,189,189,G,83.0,0,0.0,0.0,0.0,0,ACTIVATED
4317,AW3281,TLL - CDG,2025-08-02 14:40:00,2025-08-02 17:30:00,2024-11-25,-250,OPEN,2,189,189,X,109.0,2,218.0,172.0,0.01,2,SCHEDULED
5472,AW7658,CDG - OSL,2025-08-02 15:20:00,2025-08-02 17:00:00,2024-11-25,-250,OPEN,2,189,189,V,168.0,8,1008.0,748.88,0.04,8,ACTIVATED
5040,AW3289,TLL - CDG,2025-08-02 16:00:00,2025-08-02 18:50:00,2024-11-25,-250,OPEN,2,186,186,L,125.0,5,785.0,670.0,0.03,5,SCHEDULED
1814,AW4635,VIE - CDG,2025-08-02 16:40:00,2025-08-02 18:45:00,2024-11-25,-250,CANCELLED,2,189,189,,,0,0.0,0.0,0.0,0,UNAVAILABLE
5471,AW7646,CDG - OSL,2025-08-02 16:45:00,2025-08-02 18:25:00,2024-11-25,-250,OPEN,2,186,186,Q,186.0,8,1061.0,795.01,0.04,8,ACTIVATED
4320,AW7659,OSL - CDG,2025-08-02 17:40:00,2025-08-02 21:10:00,2024-11-25,-251,OPEN,2,189,189,R,69.0,2,178.0,132.78,0.01,2,ACTIVATED
1813,AW3422,CDG - TLL,2025-08-02 19:00:00,2025-08-02 23:45:00,2024-11-25,-250,OPEN,2,186,186,X,203.0,0,0.0,0.0,0.0,0,SCHEDULED
1821,AW7647,OSL - CDG,2025-08-02 19:05:00,2025-08-02 22:35:00,2024-11-25,-251,OPEN,2,186,186,R,69.0,0,0.0,0.0,0.0,0,ACTIVATED
1817,AW7664,CDG - OSL,2025-08-02 20:45:00,2025-08-02 22:25:00,2024-11-25,-250,OPEN,2,189,189,H,204.0,0,0.0,0.0,0.0,0,ACTIVATED
1818,AW7668,CDG - OSL,2025-08-02 21:15:00,2025-08-02 22:55:00,2024-11-25,-250,OPEN,2,189,189,H,204.0,0,0.0,0.0,0.0,0,ACTIVATED
4319,AW4780,CDG - VIE,2025-08-02 21:15:00,2025-08-02 23:25:00,2024-11-25,-250,OPEN,2,189,189,L,97.0,2,172.0,93.48,0.01,2,ACTIVATED
1833,AW4781,VIE - CDG,2025-08-03 06:00:00,2025-08-03 08:05:00,2024-11-25,-251,OPEN,2,189,189,G,52.0,0,0.0,0.0,0.0,0,ACTIVATED
5043,AW7669,OSL - CDG,2025-08-03 06:00:00,2025-08-03 09:30:00,2024-11-25,-252,OPEN,2,189,189,T,57.0,5,165.0,51.41,0.03,5,ACTIVATED
5042,AW7665,OSL - CDG,2025-08-03 06:30:00,2025-08-03 10:00:00,2024-11-25,-252,OPEN,2,189,189,T,57.0,5,260.0,146.23,0.03,5,ACTIVATED
1830,AW3423,TLL - CDG,2025-08-03 07:00:00,2025-08-03 09:50:00,2024-11-25,-251,OPEN,2,186,186,L,125.0,0,0.0,0.0,0.0,0,SCHEDULED
5198,AW7640,CDG - OSL,2025-08-03 07:20:00,2025-08-03 09:00:00,2024-11-25,-251,OPEN,2,189,189,Q,186.0,6,1042.0,820.18,0.03,6,ACTIVATED
1826,AW3280,CDG - TLL,2025-08-03 08:05:00,2025-08-03 12:50:00,2024-11-25,-251,OPEN,2,189,189,L,227.0,0,0.0,0.0,0.0,0,SCHEDULED
4322,AW7641,OSL - CDG,2025-08-03 09:40:00,2025-08-03 13:10:00,2024-11-25,-252,OPEN,2,189,189,X,82.0,2,94.0,48.78,0.01,2,ACTIVATED
6136,AW7658,CDG - OSL,2025-08-03 10:20:00,2025-08-03 12:00:00,2024-11-25,-251,OPEN,2,189,189,V,168.0,17,2244.0,1659.02,0.09,17,ACTIVATED
4321,AW3288,CDG - TLL,2025-08-03 10:55:00,2025-08-03 15:40:00,2024-11-25,-251,OPEN,2,186,186,L,227.0,2,244.0,111.48,0.01,2,SCHEDULED
1838,AW4638,CDG - VIE,2025-08-03 10:55:00,2025-08-03 13:05:00,2024-11-25,-251,OPEN,2,189,189,K,110.0,0,0.0,0.0,0.0,0,ACTIVATED
4840,AW7659,OSL - CDG,2025-08-03 12:40:00,2025-08-03 16:10:00,2024-11-25,-252,OPEN,2,189,189,X,82.0,4,252.0,161.56,0.02,4,ACTIVATED
1827,AW3281,TLL - CDG,2025-08-03 13:45:00,2025-08-03 16:35:00,2024-11-25,-251,OPEN,2,189,189,L,125.0,0,0.0,0.0,0.0,0,SCHEDULED
1832,AW4639,VIE - CDG,2025-08-03 13:55:00,2025-08-03 16:00:00,2024-11-25,-251,OPEN,2,189,189,T,60.0,0,0.0,0.0,0.0,0,ACTIVATED
1837,AW4636,CDG - VIE,2025-08-03 14:35:00,2025-08-03 16:45:00,2024-11-25,-251,CANCELLED,2,189,189,,,0,0.0,0.0,0.0,0,UNAVAILABLE
1834,AW3556,CDG - HEL,2025-08-03 14:45:00,2025-08-03 19:05:00,2024-11-25,-251,OPEN,2,189,189,H,224.0,0,0.0,0.0,0.0,0,ACTIVATED
1835,AW3558,CDG - HEL,2025-08-03 15:00:00,2025-08-03 19:20:00,2024-11-25,-251,OPEN,2,189,189,H,224.0,0,0.0,0.0,0.0,0,ACTIVATED
1828,AW3289,TLL - CDG,2025-08-03 16:40:00,2025-08-03 19:30:00,2024-11-25,-251,OPEN,2,186,186,V,165.0,0,0.0,0.0,0.0,0,SCHEDULED
1836,AW7646,CDG - OSL,2025-08-03 16:45:00,2025-08-03 18:25:00,2024-11-25,-251,OPEN,2,189,189,H,204.0,0,0.0,0.0,0.0,0,ACTIVATED
1831,AW4637,VIE - CDG,2025-08-03 17:30:00,2025-08-03 19:35:00,2024-11-25,-251,CANCELLED,2,189,189,,,0,0.0,0.0,0.0,0,UNAVAILABLE
1829,AW3422,CDG - TLL,2025-08-03 19:00:00,2025-08-03 23:45:00,2024-11-25,-251,OPEN,2,186,186,X,203.0,0,0.0,0.0,0.0,0,SCHEDULED
1840,AW7647,OSL - CDG,2025-08-03 19:05:00,2025-08-03 22:35:00,2024-11-25,-252,OPEN,2,189,189,R,69.0,0,0.0,0.0,0.0,0,ACTIVATED
1824,AW3557,HEL - CDG,2025-08-03 19:50:00,2025-08-03 22:35:00,2024-11-25,-251,OPEN,2,189,189,K,144.0,0,0.0,0.0,0.0,0,ACTIVATED
1825,AW3559,HEL - CDG,2025-08-03 20:05:00,2025-08-03 22:50:00,2024-11-25,-251,OPEN,2,189,189,L,129.0,0,0.0,0.0,0.0,0,ACTIVATED
5589,AW7664,CDG - OSL,2025-08-03 20:45:00,2025-08-03 22:25:00,2024-11-25,-251,OPEN,2,189,189,Q,186.0,9,639.67,348.16,0.05,9,ACTIVATED
5199,AW7668,CDG - OSL,2025-08-03 21:15:00,2025-08-03 22:55:00,2024-11-25,-251,OPEN,2,189,189,V,168.0,6,498.0,303.66,0.03,6,ACTIVATED
1839,AW4780,CDG - VIE,2025-08-03 21:25:00,2025-08-03 23:35:00,2024-11-25,-251,OPEN,2,189,189,V,124.0,0,0.0,0.0,0.0,0,ACTIVATED
1859,AW7669,OSL - CDG,2025-08-04 05:55:00,2025-08-04 09:25:00,2024-11-25,-253,OPEN,2,189,189,G,47.0,0,0.0,0.0,0.0,0,ACTIVATED
1844,AW4781,VIE - CDG,2025-08-04 06:00:00,2025-08-04 08:05:00,2024-11-25,-252,OPEN,2,189,189,T,60.0,0,0.0,0.0,0.0,0,ACTIVATED
1858,AW7665,OSL - CDG,2025-08-04 06:30:00,2025-08-04 10:00:00,2024-11-25,-253,OPEN,2,189,189,G,47.0,0,0.0,0.0,0.0,0,ACTIVATED
4324,AW3423,TLL - CDG,2025-08-04 06:45:00,2025-08-04 09:35:00,2024-11-25,-252,OPEN,2,186,186,R,93.0,2,218.0,172.0,0.01,2,SCHEDULED
1847,AW7640,CDG - OSL,2025-08-04 07:15:00,2025-08-04 08:55:00,2024-11-25,-252,OPEN,2,189,189,H,204.0,0,0.0,0.0,0.0,0,ACTIVATED
5045,AW3284,CDG - TLL,2025-08-04 07:45:00,2025-08-04 12:30:00,2024-11-25,-252,OPEN,2,186,186,X,203.0,5,980.0,686.15,0.03,5,SCHEDULED
1845,AW3550,CDG - HEL,2025-08-04 08:20:00,2025-08-04 12:40:00,2024-11-25,-252,OPEN,2,189,189,Q,204.0,0,0.0,0.0,0.0,0,ACTIVATED
1855,AW7641,OSL - CDG,2025-08-04 09:35:00,2025-08-04 13:05:00,2024-11-25,-253,OPEN,2,189,189,X,82.0,0,0.0,0.0,0.0,0,ACTIVATED
1852,AW4632,CDG - VIE,2025-08-04 10:05:00,2025-08-04 12:15:00,2024-11-25,-252,CANCELLED,2,189,189,,,0,0.0,0.0,0.0,0,UNAVAILABLE
3924,AW3280,CDG - TLL,2025-08-04 10:10:00,2025-08-04 14:55:00,2024-11-25,-252,OPEN,2,186,186,L,227.0,1,227.0,160.74,0.01,1,SCHEDULED
1848,AW7644,CDG - OSL,2025-08-04 11:10:00,2025-08-04 12:50:00,2024-11-25,-252,OPEN,2,189,189,H,204.0,0,0.0,0.0,0.0,0,ACTIVATED
1842,AW4633,VIE - CDG,2025-08-04 13:05:00,2025-08-04 15:10:00,2024-11-25,-252,CANCELLED,2,189,189,,,0,0.0,0.0,0.0,0,UNAVAILABLE
4323,AW3551,HEL - CDG,2025-08-04 13:25:00,2025-08-04 16:10:00,2024-11-25,-252,OPEN,2,189,189,T,92.0,2,206.0,162.1,0.01,2,ACTIVATED
4841,AW3285,TLL - CDG,2025-08-04 13:25:00,2025-08-04 16:15:00,2024-11-25,-252,OPEN,2,186,186,X,109.0,4,648.0,556.0,0.02,4,SCHEDULED
1856,AW7645,OSL - CDG,2025-08-04 13:35:00,2025-08-04 17:05:00,2024-11-25,-253,OPEN,2,189,189,X,82.0,0,0.0,0.0,0.0,0,ACTIVATED
1853,AW4634,CDG - VIE,2025-08-04 14:30:00,2025-08-04 16:40:00,2024-11-25,-252,OPEN,2,189,189,X,86.0,0,0.0,0.0,0.0,0,ACTIVATED
1846,AW3558,CDG - HEL,2025-08-04 14:55:00,2025-08-04 19:15:00,2024-11-25,-252,OPEN,2,189,189,H,224.0,0,0.0,0.0,0.0,0,ACTIVATED
5044,AW3281,TLL - CDG,2025-08-04 15:55:00,2025-08-04 18:45:00,2024-11-25,-252,OPEN,2,186,186,L,125.0,5,545.0,430.0,0.03,5,SCHEDULED
1849,AW7648,CDG - OSL,2025-08-04 16:50:00,2025-08-04 18:30:00,2024-11-25,-252,OPEN,2,189,189,Q,186.0,0,0.0,0.0,0.0,0,ACTIVATED
1843,AW4635,VIE - CDG,2025-08-04 17:30:00,2025-08-04 19:35:00,2024-11-25,-252,OPEN,2,189,189,T,60.0,0,0.0,0.0,0.0,0,ACTIVATED
1841,AW3422,CDG - TLL,2025-08-04 19:00:00,2025-08-04 23:45:00,2024-11-25,-252,OPEN,2,186,186,R,182.0,0,0.0,0.0,0.0,0,SCHEDULED
1857,AW7649,OSL - CDG,2025-08-04 19:10:00,2025-08-04 22:40:00,2024-11-25,-253,OPEN,2,189,189,R,69.0,0,0.0,0.0,0.0,0,ACTIVATED
3923,AW3559,HEL - CDG,2025-08-04 20:00:00,2025-08-04 22:45:00,2024-11-25,-252,OPEN,2,189,189,X,116.0,1,75.0,53.05,0.01,1,ACTIVATED
1850,AW7664,CDG - OSL,2025-08-04 20:45:00,2025-08-04 22:25:00,2024-11-25,-252,OPEN,2,189,189,Q,186.0,0,0.0,0.0,0.0,0,ACTIVATED
1851,AW7668,CDG - OSL,2025-08-04 21:15:00,2025-08-04 22:55:00,2024-11-25,-252,OPEN,2,189,189,Q,186.0,0,0.0,0.0,0.0,0,ACTIVATED
1854,AW4780,CDG - VIE,2025-08-04 21:20:00,2025-08-04 23:30:00,2024-11-25,-252,CANCELLED,2,189,189,,,0,0.0,0.0,0.0,0,UNAVAILABLE
1876,AW7669,OSL - CDG,2025-08-05 06:00:00,2025-08-05 09:30:00,2024-11-25,-254,OPEN,2,189,189,T,57.0,0,0.0,0.0,0.0,0,ACTIVATED
1866,AW4781,VIE - CDG,2025-08-05 06:00:00,2025-08-05 08:05:00,2024-11-25,-253,CANCELLED,2,189,189,,,0,0.0,0.0,0.0,0,UNAVAILABLE
6518,AW4670,CDG - BUD,2025-08-05 06:15:00,2025-08-05 09:20:00,2024-11-25,-253,OPEN,2,186,99,M,254.0,29,5960.0,4903.9,0.29,29,SCHEDULED
3926,AW7665,OSL - CDG,2025-08-05 06:30:00,2025-08-05 10:00:00,2024-11-25,-254,OPEN,2,189,189,T,57.0,1,32.0,9.39,0.01,1,ACTIVATED
5473,AW3423,TLL - CDG,2025-08-05 06:45:00,2025-08-05 09:35:00,2024-11-25,-253,OPEN,2,186,186,X,109.0,8,824.0,640.0,0.04,8,SCHEDULED
1868,AW7640,CDG - OSL,2025-08-05 07:15:00,2025-08-05 08:55:00,2024-11-25,-253,OPEN,2,189,111,H,204.0,0,0.0,0.0,0.0,0,ACTIVATED
4326,AW7641,OSL - CDG,2025-08-05 09:35:00,2025-08-05 13:05:00,2024-11-25,-254,OPEN,2,189,111,R,69.0,2,108.0,62.78,0.02,2,ACTIVATED
1862,AW3288,CDG - TLL,2025-08-05 09:50:00,2025-08-05 14:35:00,2024-11-25,-253,OPEN,2,186,186,L,227.0,0,0.0,0.0,0.0,0,SCHEDULED
1872,AW4632,CDG - VIE,2025-08-05 10:05:00,2025-08-05 12:15:00,2024-11-25,-253,CANCELLED,2,189,189,,,0,0.0,0.0,0.0,0,UNAVAILABLE
5913,AW4671,BUD - CDG,2025-08-05 10:05:00,2025-08-05 15:00:00,2024-11-25,-254,OPEN,2,186,99,K,114.0,13,1503.0,1375.34,0.13,13,DEACTIVATED
6258,AW3558,CDG - HEL,2025-08-05 11:30:00,2025-08-05 15:50:00,2024-11-25,-253,OPEN,2,189,189,K,166.0,20,2966.0,2276.98,0.11,20,ACTIVATED
4325,AW7644,CDG - OSL,2025-08-05 11:50:00,2025-08-05 13:30:00,2024-11-25,-253,OPEN,2,189,189,Q,186.0,2,372.0,293.48,0.01,2,ACTIVATED
1864,AW4633,VIE - CDG,2025-08-05 13:05:00,2025-08-05 15:10:00,2024-11-25,-253,CANCELLED,2,189,189,,,0,0.0,0.0,0.0,0,UNAVAILABLE
3925,AW7645,OSL - CDG,2025-08-05 14:15:00,2025-08-05 17:45:00,2024-11-25,-254,OPEN,2,189,189,T,57.0,1,57.0,34.39,0.01,1,ACTIVATED
1860,AW3286,CDG - TLL,2025-08-05 14:20:00,2025-08-05 19:05:00,2024-11-25,-253,OPEN,2,186,186,L,227.0,0,0.0,0.0,0.0,0,SCHEDULED
1873,AW4636,CDG - VIE,2025-08-05 15:00:00,2025-08-05 17:10:00,2024-11-25,-253,OPEN,2,189,189,T,66.0,0,0.0,0.0,0.0,0,ACTIVATED
1863,AW3289,TLL - CDG,2025-08-05 15:35:00,2025-08-05 18:25:00,2024-11-25,-253,OPEN,2,186,186,L,125.0,0,0.0,0.0,0.0,0,SCHEDULED
5334,AW3559,HEL - CDG,2025-08-05 16:35:00,2025-08-05 19:20:00,2024-11-25,-253,OPEN,2,189,189,T,92.0,7,721.0,567.35,0.04,7,ACTIVATED
1869,AW7648,CDG - OSL,2025-08-05 16:45:00,2025-08-05 18:25:00,2024-11-25,-253,OPEN,2,189,189,V,168.0,0,0.0,0.0,0.0,0,ACTIVATED
1865,AW4637,VIE - CDG,2025-08-05 18:00:00,2025-08-05 20:05:00,2024-11-25,-253,OPEN,2,189,189,T,60.0,0,0.0,0.0,0.0,0,ACTIVATED
6495,AW3422,CDG - TLL,2025-08-05 19:00:00,2025-08-05 23:45:00,2024-11-25,-253,OPEN,2,186,186,X,203.0,28,6324.08,4468.8,0.15,28,SCHEDULED
1875,AW7649,OSL - CDG,2025-08-05 19:05:00,2025-08-05 22:35:00,2024-11-25,-254,OPEN,2,189,189,T,57.0,0,0.0,0.0,0.0,0,ACTIVATED
1861,AW3287,TLL - CDG,2025-08-05 20:00:00,2025-08-05 22:50:00,2024-11-25,-253,OPEN,2,186,186,L,125.0,0,0.0,0.0,0.0,0,SCHEDULED
1870,AW7664,CDG - OSL,2025-08-05 20:45:00,2025-08-05 22:25:00,2024-11-25,-253,OPEN,2,189,189,L,131.0,0,0.0,0.0,0.0,0,ACTIVATED
1871,AW7668,CDG - OSL,2025-08-05 21:15:00,2025-08-05 22:55:00,2024-11-25,-253,OPEN,2,189,189,Q,186.0,0,0.0,0.0,0.0,0,ACTIVATED
1874,AW4780,CDG - VIE,2025-08-05 21:20:00,2025-08-05 23:30:00,2024-11-25,-253,CANCELLED,2,189,189,,,0,0.0,0.0,0.0,0,UNAVAILABLE
1867,AW3410,CDG - TLL,2025-08-05 22:40:00,2025-08-06 03:25:00,2024-11-25,-253,OPEN,2,189,189,X,203.0,0,0.0,0.0,0.0,0,SCHEDULED
4577,AW3411,TLL - CDG,2025-08-06 04:20:00,2025-08-06 07:10:00,2024-11-25,-254,OPEN,2,189,189,X,109.0,3,327.0,258.0,0.02,3,SCHEDULED
3927,AW7665,OSL - CDG,2025-08-06 06:00:00,2025-08-06 09:30:00,2024-11-25,-255,OPEN,2,189,189,T,57.0,1,134.0,111.39,0.01,1,ACTIVATED
1892,AW4781,VIE - CDG,2025-08-06 06:15:00,2025-08-06 08:20:00,2024-11-25,-254,CANCELLED,2,189,189,,,0,0.0,0.0,0.0,0,UNAVAILABLE
1895,AW7669,OSL - CDG,2025-08-06 06:30:00,2025-08-06 10:00:00,2024-11-25,-255,OPEN,2,189,189,T,57.0,0,0.0,0.0,0.0,0,ACTIVATED
1883,AW3423,TLL - CDG,2025-08-06 06:45:00,2025-08-06 09:35:00,2024-11-25,-254,OPEN,2,186,186,X,109.0,0,0.0,0.0,0.0,0,SCHEDULED
1884,AW7640,CDG - OSL,2025-08-06 07:15:00,2025-08-06 08:55:00,2024-11-25,-254,OPEN,2,186,186,M,175.0,0,0.0,0.0,0.0,0,ACTIVATED
5849,AW3550,CDG - HEL,2025-08-06 08:30:00,2025-08-06 12:50:00,2024-11-25,-254,OPEN,2,189,189,V,172.0,12,2129.0,1692.23,0.06,12,ACTIVATED
1893,AW7641,OSL - CDG,2025-08-06 09:35:00,2025-08-06 13:05:00,2024-11-25,-255,OPEN,2,186,186,T,57.0,0,0.0,0.0,0.0,0,ACTIVATED
1879,AW3284,CDG - TLL,2025-08-06 10:05:00,2025-08-06 14:50:00,2024-11-25,-254,OPEN,2,189,189,Q,170.0,0,0.0,0.0,0.0,0,SCHEDULED
1888,AW4632,CDG - VIE,2025-08-06 10:15:00,2025-08-06 12:25:00,2024-11-25,-254,CANCELLED,2,189,189,,,0,0.0,0.0,0.0,0,UNAVAILABLE
5046,AW3288,CDG - TLL,2025-08-06 10:55:00,2025-08-06 15:40:00,2024-11-25,-254,OPEN,2,186,186,H,192.0,5,850.0,518.7,0.03,5,SCHEDULED
1885,AW7644,CDG - OSL,2025-08-06 11:50:00,2025-08-06 13:30:00,2024-11-25,-254,OPEN,2,189,189,M,175.0,0,0.0,0.0,0.0,0,ACTIVATED
1889,AW4633,VIE - CDG,2025-08-06 13:15:00,2025-08-06 15:20:00,2024-11-25,-254,CANCELLED,2,189,189,,,0,0.0,0.0,0.0,0,UNAVAILABLE
1877,AW3551,HEL - CDG,2025-08-06 13:35:00,2025-08-06 16:20:00,2024-11-25,-254,OPEN,2,189,189,T,92.0,0,0.0,0.0,0.0,0,ACTIVATED
5590,AW7645,OSL - CDG,2025-08-06 14:10:00,2025-08-06 17:40:00,2024-11-25,-255,OPEN,2,189,189,R,69.0,9,885.0,681.51,0.05,9,ACTIVATED
1880,AW3286,CDG - TLL,2025-08-06 14:20:00,2025-08-06 19:05:00,2024-11-25,-254,OPEN,2,186,186,Q,170.0,0,0.0,0.0,0.0,0,SCHEDULED
5335,AW3558,CDG - HEL,2025-08-06 14:20:00,2025-08-06 18:40:00,2024-11-25,-254,OPEN,2,189,189,K,154.0,7,1126.0,851.18,0.04,7,ACTIVATED
1890,AW4636,CDG - VIE,2025-08-06 14:40:00,2025-08-06 16:50:00,2024-11-25,-254,OPEN,2,189,189,G,58.0,0,0.0,0.0,0.0,0,ACTIVATED
4576,AW3285,TLL - CDG,2025-08-06 15:45:00,2025-08-06 18:35:00,2024-11-25,-254,OPEN,2,189,189,L,125.0,3,375.0,306.0,0.02,3,SCHEDULED
1882,AW3289,TLL - CDG,2025-08-06 16:40:00,2025-08-06 19:30:00,2024-11-25,-254,OPEN,2,186,186,K,144.0,0,0.0,0.0,0.0,0,SCHEDULED
1886,AW7646,CDG - OSL,2025-08-06 16:45:00,2025-08-06 18:25:00,2024-11-25,-254,OPEN,2,189,189,H,158.0,0,0.0,0.0,0.0,0,ACTIVATED
4327,AW4637,VIE - CDG,2025-08-06 17:40:00,2025-08-06 19:45:00,2024-11-25,-254,OPEN,2,189,189,T,60.0,2,120.0,82.4,0.01,2,ACTIVATED
4578,AW3422,CDG - TLL,2025-08-06 19:00:00,2025-08-06 23:45:00,2024-11-25,-254,OPEN,2,186,186,L,122.0,3,489.0,312.69,0.02,3,SCHEDULED
1894,AW7647,OSL - CDG,2025-08-06 19:10:00,2025-08-06 22:40:00,2024-11-25,-255,OPEN,2,189,189,R,69.0,0,0.0,0.0,0.0,0,ACTIVATED
1878,AW3559,HEL - CDG,2025-08-06 19:25:00,2025-08-06 22:10:00,2024-11-25,-254,OPEN,2,189,189,T,92.0,0,0.0,0.0,0.0,0,ACTIVATED
1881,AW3287,TLL - CDG,2025-08-06 20:00:00,2025-08-06 22:50:00,2024-11-25,-254,OPEN,2,186,186,K,144.0,0,0.0,0.0,0.0,0,SCHEDULED
1887,AW7664,CDG - OSL,2025-08-06 20:45:00,2025-08-06 22:25:00,2024-11-25,-254,OPEN,2,189,189,V,125.0,0,0.0,0.0,0.0,0,ACTIVATED
4842,AW7668,CDG - OSL,2025-08-06 21:15:00,2025-08-06 22:55:00,2024-11-25,-254,OPEN,2,189,189,V,125.0,4,500.0,342.96,0.02,4,ACTIVATED
1891,AW4780,CDG - VIE,2025-08-06 21:20:00,2025-08-06 23:30:00,2024-11-25,-254,CANCELLED,2,189,189,,,0,0.0,0.0,0.0,0,UNAVAILABLE
1910,AW4781,VIE - CDG,2025-08-07 06:00:00,2025-08-07 08:05:00,2024-11-25,-255,CANCELLED,2,189,189,,,0,0.0,0.0,0.0,0,UNAVAILABLE
1914,AW7665,OSL - CDG,2025-08-07 06:00:00,2025-08-07 09:30:00,2024-11-25,-256,OPEN,2,189,189,T,57.0,0,0.0,0.0,0.0,0,ACTIVATED
5048,AW7669,OSL - CDG,2025-08-07 06:30:00,2025-08-07 10:00:00,2024-11-25,-256,OPEN,2,189,189,T,57.0,5,285.0,171.95,0.03,5,ACTIVATED
1900,AW3423,TLL - CDG,2025-08-07 06:45:00,2025-08-07 09:35:00,2024-11-25,-255,OPEN,2,186,186,V,165.0,0,0.0,0.0,0.0,0,SCHEDULED
1901,AW7640,CDG - OSL,2025-08-07 07:15:00,2025-08-07 08:55:00,2024-11-25,-255,OPEN,2,186,186,V,125.0,0,0.0,0.0,0.0,0,ACTIVATED
1912,AW3550,CDG - HEL,2025-08-07 08:05:00,2025-08-07 12:30:00,2024-11-25,-255,CANCELLED,2,189,189,,,0,0.0,0.0,0.0,0,UNAVAILABLE
4330,AW7641,OSL - CDG,2025-08-07 09:35:00,2025-08-07 13:05:00,2024-11-25,-256,OPEN,2,186,186,X,82.0,2,164.0,118.42,0.01,2,ACTIVATED
1905,AW4632,CDG - VIE,2025-08-07 09:45:00,2025-08-07 11:55:00,2024-11-25,-255,CANCELLED,2,189,189,,,0,0.0,0.0,0.0,0,UNAVAILABLE
5047,AW4670,CDG - BUD,2025-08-07 10:05:00,2025-08-07 13:10:00,2024-11-25,-255,OPEN,2,189,99,I,214.0,5,1061.0,878.44,0.05,5,SCHEDULED
1897,AW3288,CDG - TLL,2025-08-07 11:25:00,2025-08-07 16:10:00,2024-11-25,-255,OPEN,2,186,186,K,135.0,0,0.0,0.0,0.0,0,SCHEDULED
4329,AW7644,CDG - OSL,2025-08-07 11:50:00,2025-08-07 13:30:00,2024-11-25,-255,OPEN,2,189,189,I,195.0,2,350.0,271.48,0.01,2,ACTIVATED
1906,AW4633,VIE - CDG,2025-08-07 12:45:00,2025-08-07 14:50:00,2024-11-25,-255,CANCELLED,2,189,189,,,0,0.0,0.0,0.0,0,UNAVAILABLE
1913,AW3551,HEL - CDG,2025-08-07 13:15:00,2025-08-07 16:00:00,2024-11-25,-255,CANCELLED,2,189,189,,,0,0.0,0.0,0.0,0,UNAVAILABLE
6259,AW4671,BUD - CDG,2025-08-07 13:55:00,2025-08-07 18:50:00,2024-11-25,-256,OPEN,2,189,99,K,114.0,20,2005.0,1808.6,0.2,20,DEACTIVATED
5474,AW7645,OSL - CDG,2025-08-07 14:15:00,2025-08-07 17:45:00,2024-11-25,-256,OPEN,2,189,189,X,82.0,8,656.0,475.12,0.04,8,ACTIVATED
1907,AW4636,CDG - VIE,2025-08-07 14:30:00,2025-08-07 16:40:00,2024-11-25,-255,OPEN,2,189,189,R,75.0,0,0.0,0.0,0.0,0,ACTIVATED
4328,AW3556,CDG - HEL,2025-08-07 15:00:00,2025-08-07 19:20:00,2024-11-25,-255,OPEN,2,189,189,L,139.0,2,278.0,199.48,0.01,2,ACTIVATED
1902,AW7646,CDG - OSL,2025-08-07 15:20:00,2025-08-07 17:00:00,2024-11-25,-255,OPEN,2,189,189,Q,141.0,0,0.0,0.0,0.0,0,ACTIVATED
1898,AW3289,TLL - CDG,2025-08-07 17:10:00,2025-08-07 20:00:00,2024-11-25,-255,OPEN,2,186,186,H,212.0,0,0.0,0.0,0.0,0,SCHEDULED
1908,AW4637,VIE - CDG,2025-08-07 17:30:00,2025-08-07 19:35:00,2024-11-25,-255,OPEN,2,189,189,T,60.0,0,0.0,0.0,0.0,0,ACTIVATED
4331,AW7647,OSL - CDG,2025-08-07 17:40:00,2025-08-07 21:10:00,2024-11-25,-256,OPEN,2,189,189,R,69.0,2,138.0,92.78,0.01,2,ACTIVATED
1899,AW3422,CDG - TLL,2025-08-07 19:00:00,2025-08-07 23:45:00,2024-11-25,-255,OPEN,2,186,186,L,122.0,0,0.0,0.0,0.0,0,SCHEDULED
1896,AW3557,HEL - CDG,2025-08-07 20:05:00,2025-08-07 22:50:00,2024-11-25,-255,OPEN,2,189,189,V,160.0,0,0.0,0.0,0.0,0,ACTIVATED
1903,AW7664,CDG - OSL,2025-08-07 20:45:00,2025-08-07 22:25:00,2024-11-25,-255,OPEN,2,189,189,Q,141.0,0,0.0,0.0,0.0,0,ACTIVATED
1904,AW7668,CDG - OSL,2025-08-07 21:15:00,2025-08-07 22:55:00,2024-11-25,-255,OPEN,2,189,189,Q,141.0,0,0.0,0.0,0.0,0,ACTIVATED
1909,AW4780,CDG - VIE,2025-08-07 21:15:00,2025-08-07 23:25:00,2024-11-25,-255,CANCELLED,2,189,189,,,0,0.0,0.0,0.0,0,UNAVAILABLE
1911,AW3410,CDG - TLL,2025-08-07 22:40:00,2025-08-08 03:25:00,2024-11-25,-255,OPEN,2,189,189,L,122.0,0,0.0,0.0,0.0,0,SCHEDULED
1920,AW3411,TLL - CDG,2025-08-08 04:20:00,2025-08-08 07:10:00,2024-11-25,-256,OPEN,2,189,189,V,165.0,0,0.0,0.0,0.0,0,SCHEDULED
1933,AW7665,OSL - CDG,2025-08-08 06:00:00,2025-08-08 09:30:00,2024-11-25,-257,OPEN,2,189,189,T,57.0,0,0.0,0.0,0.0,0,ACTIVATED
5049,AW7669,OSL - CDG,2025-08-08 06:30:00,2025-08-08 10:00:00,2024-11-25,-257,OPEN,2,189,189,R,69.0,5,285.0,171.05,0.03,5,ACTIVATED
1921,AW3423,TLL - CDG,2025-08-08 06:35:00,2025-08-08 09:25:00,2024-11-25,-256,OPEN,2,186,186,V,165.0,0,0.0,0.0,0.0,0,SCHEDULED
1930,AW4781,VIE - CDG,2025-08-08 06:55:00,2025-08-08 09:00:00,2024-11-25,-256,CANCELLED,2,189,189,,,0,0.0,0.0,0.0,0,UNAVAILABLE
3928,AW7640,CDG - OSL,2025-08-08 07:20:00,2025-08-08 09:00:00,2024-11-25,-256,OPEN,2,186,186,M,175.0,1,151.0,118.61,0.01,1,ACTIVATED
5200,AW3550,CDG - HEL,2025-08-08 07:30:00,2025-08-08 11:50:00,2024-11-25,-256,OPEN,2,189,169,V,172.0,6,1425.0,1210.05,0.04,6,ACTIVATED
1917,AW3280,CDG - TLL,2025-08-08 09:05:00,2025-08-08 13:50:00,2024-11-25,-256,OPEN,2,186,186,V,150.0,0,0.0,0.0,0.0,0,SCHEDULED
1931,AW7641,OSL - CDG,2025-08-08 09:40:00,2025-08-08 13:10:00,2024-11-25,-257,OPEN,2,186,186,X,82.0,0,0.0,0.0,0.0,0,ACTIVATED
1925,AW4632,CDG - VIE,2025-08-08 10:05:00,2025-08-08 12:15:00,2024-11-25,-256,CANCELLED,2,189,189,,,0,0.0,0.0,0.0,0,UNAVAILABLE
1922,AW7644,CDG - OSL,2025-08-08 11:10:00,2025-08-08 12:50:00,2024-11-25,-256,OPEN,2,189,189,I,195.0,0,0.0,0.0,0.0,0,ACTIVATED
1915,AW3551,HEL - CDG,2025-08-08 12:35:00,2025-08-08 15:20:00,2024-11-25,-256,OPEN,2,189,169,V,160.0,0,0.0,0.0,0.0,0,ACTIVATED
1926,AW4633,VIE - CDG,2025-08-08 13:05:00,2025-08-08 15:10:00,2024-11-25,-256,CANCELLED,2,189,189,,,0,0.0,0.0,0.0,0,UNAVAILABLE
4844,AW3284,CDG - TLL,2025-08-08 13:25:00,2025-08-08 18:10:00,2024-11-25,-256,OPEN,2,189,189,V,150.0,4,572.0,336.92,0.02,4,SCHEDULED
1932,AW7645,OSL - CDG,2025-08-08 13:35:00,2025-08-08 17:05:00,2024-11-25,-257,OPEN,2,189,189,X,82.0,0,0.0,0.0,0.0,0,ACTIVATED
1918,AW3281,TLL - CDG,2025-08-08 14:50:00,2025-08-08 17:40:00,2024-11-25,-256,OPEN,2,186,186,H,212.0,0,0.0,0.0,0.0,0,SCHEDULED
1927,AW4636,CDG - VIE,2025-08-08 14:55:00,2025-08-08 17:05:00,2024-11-25,-256,OPEN,2,189,189,T,66.0,0,0.0,0.0,0.0,0,ACTIVATED
1916,AW3558,CDG - HEL,2025-08-08 14:55:00,2025-08-08 19:15:00,2024-11-25,-256,OPEN,2,189,189,L,139.0,0,0.0,0.0,0.0,0,ACTIVATED
5914,AW7648,CDG - OSL,2025-08-08 16:25:00,2025-08-08 18:05:00,2024-11-25,-256,OPEN,2,189,189,I,195.0,13,1948.0,1526.93,0.07,13,ACTIVATED
1928,AW4637,VIE - CDG,2025-08-08 17:55:00,2025-08-08 20:00:00,2024-11-25,-256,OPEN,2,189,189,G,52.0,0,0.0,0.0,0.0,0,ACTIVATED
4845,AW7649,OSL - CDG,2025-08-08 18:45:00,2025-08-08 22:15:00,2024-11-25,-257,OPEN,2,189,189,X,82.0,4,276.0,185.56,0.02,4,ACTIVATED
4332,AW3422,CDG - TLL,2025-08-08 19:00:00,2025-08-08 23:45:00,2024-11-25,-256,OPEN,2,186,186,K,135.0,2,256.0,138.46,0.01,2,SCHEDULED
1919,AW3285,TLL - CDG,2025-08-08 19:05:00,2025-08-08 21:55:00,2024-11-25,-256,OPEN,2,189,189,V,165.0,0,0.0,0.0,0.0,0,SCHEDULED
4843,AW3559,HEL - CDG,2025-08-08 20:00:00,2025-08-08 22:45:00,2024-11-25,-256,OPEN,2,189,189,Q,178.0,4,640.0,552.2,0.02,4,ACTIVATED
1923,AW7664,CDG - OSL,2025-08-08 20:45:00,2025-08-08 22:25:00,2024-11-25,-256,OPEN,2,189,189,I,195.0,0,0.0,0.0,0.0,0,ACTIVATED
1929,AW4780,CDG - VIE,2025-08-08 21:10:00,2025-08-08 23:20:00,2024-11-25,-256,CANCELLED,2,189,189,,,0,0.0,0.0,0.0,0,UNAVAILABLE
1924,AW7668,CDG - OSL,2025-08-08 21:15:00,2025-08-08 22:55:00,2024-11-25,-256,OPEN,2,189,189,I,195.0,0,0.0,0.0,0.0,0,ACTIVATED
1953,AW7665,OSL - CDG,2025-08-09 05:55:00,2025-08-09 09:25:00,2024-11-25,-258,OPEN,2,189,189,L,96.0,0,0.0,0.0,0.0,0,ACTIVATED
1949,AW4781,VIE - CDG,2025-08-09 06:00:00,2025-08-09 08:05:00,2024-11-25,-257,CANCELLED,2,189,189,,,0,0.0,0.0,0.0,0,UNAVAILABLE
5591,AW4670,CDG - BUD,2025-08-09 06:15:00,2025-08-09 09:20:00,2024-11-25,-257,OPEN,2,186,96,V,133.0,9,1007.0,688.01,0.09,9,SCHEDULED
1954,AW7669,OSL - CDG,2025-08-09 06:25:00,2025-08-09 09:55:00,2024-11-25,-258,OPEN,2,189,189,L,96.0,0,0.0,0.0,0.0,0,ACTIVATED
1940,AW3423,TLL - CDG,2025-08-09 06:45:00,2025-08-09 09:35:00,2024-11-25,-257,OPEN,2,186,186,V,165.0,0,0.0,0.0,0.0,0,SCHEDULED
1934,AW3550,CDG - HEL,2025-08-09 08:35:00,2025-08-09 12:55:00,2024-11-25,-257,OPEN,2,189,189,M,232.0,0,0.0,0.0,0.0,0,ACTIVATED
1936,AW3280,CDG - TLL,2025-08-09 09:00:00,2025-08-09 13:45:00,2024-11-25,-257,OPEN,2,189,189,Q,170.0,0,0.0,0.0,0.0,0,SCHEDULED
5476,AW4671,BUD - CDG,2025-08-09 10:05:00,2025-08-09 15:00:00,2024-11-25,-258,OPEN,2,186,96,V,132.0,8,1282.0,1203.44,0.08,8,DEACTIVATED
1946,AW4636,CDG - VIE,2025-08-09 10:10:00,2025-08-09 12:20:00,2024-11-25,-257,CANCELLED,2,189,189,,,0,0.0,0.0,0.0,0,UNAVAILABLE
1938,AW3288,CDG - TLL,2025-08-09 10:15:00,2025-08-09 15:00:00,2024-11-25,-257,OPEN,2,186,186,Q,170.0,0,0.0,0.0,0.0,0,SCHEDULED
1941,AW7644,CDG - OSL,2025-08-09 10:20:00,2025-08-09 12:00:00,2024-11-25,-257,OPEN,2,189,179,I,195.0,0,0.0,0.0,0.0,0,ACTIVATED
1950,AW7645,OSL - CDG,2025-08-09 12:40:00,2025-08-09 16:10:00,2024-11-25,-258,OPEN,2,189,179,V,128.0,0,0.0,0.0,0.0,0,ACTIVATED
1947,AW4637,VIE - CDG,2025-08-09 13:10:00,2025-08-09 15:15:00,2024-11-25,-257,CANCELLED,2,189,189,,,0,0.0,0.0,0.0,0,UNAVAILABLE
1944,AW4634,CDG - VIE,2025-08-09 13:35:00,2025-08-09 15:45:00,2024-11-25,-257,OPEN,2,189,189,K,110.0,0,0.0,0.0,0.0,0,ACTIVATED
1935,AW3551,HEL - CDG,2025-08-09 13:40:00,2025-08-09 16:25:00,2024-11-25,-257,OPEN,2,189,189,K,144.0,0,0.0,0.0,0.0,0,ACTIVATED
1937,AW3281,TLL - CDG,2025-08-09 14:40:00,2025-08-09 17:30:00,2024-11-25,-257,OPEN,2,189,189,V,165.0,0,0.0,0.0,0.0,0,SCHEDULED
4846,AW7658,CDG - OSL,2025-08-09 15:20:00,2025-08-09 17:00:00,2024-11-25,-257,OPEN,2,189,189,I,195.0,4,790.0,632.96,0.02,4,ACTIVATED
1939,AW3289,TLL - CDG,2025-08-09 16:00:00,2025-08-09 18:50:00,2024-11-25,-257,OPEN,2,186,186,V,165.0,0,0.0,0.0,0.0,0,SCHEDULED
1945,AW4635,VIE - CDG,2025-08-09 16:40:00,2025-08-09 18:45:00,2024-11-25,-257,OPEN,2,189,189,T,60.0,0,0.0,0.0,0.0,0,ACTIVATED
1942,AW7646,CDG - OSL,2025-08-09 16:45:00,2025-08-09 18:25:00,2024-11-25,-257,OPEN,2,186,186,I,195.0,0,0.0,0.0,0.0,0,ACTIVATED
1952,AW7659,OSL - CDG,2025-08-09 17:40:00,2025-08-09 21:10:00,2024-11-25,-258,OPEN,2,189,189,L,96.0,0,0.0,0.0,0.0,0,ACTIVATED
5475,AW3422,CDG - TLL,2025-08-09 19:00:00,2025-08-09 23:45:00,2024-11-25,-257,OPEN,2,186,186,L,122.0,8,934.0,456.35,0.04,8,SCHEDULED
1951,AW7647,OSL - CDG,2025-08-09 19:05:00,2025-08-09 22:35:00,2024-11-25,-258,OPEN,2,186,186,L,96.0,0,0.0,0.0,0.0,0,ACTIVATED
4333,AW7664,CDG - OSL,2025-08-09 20:45:00,2025-08-09 22:25:00,2024-11-25,-257,OPEN,2,189,189,Q,141.0,2,282.0,203.48,0.01,2,ACTIVATED
1948,AW4780,CDG - VIE,2025-08-09 21:15:00,2025-08-09 23:25:00,2024-11-25,-257,CANCELLED,2,189,189,,,0,0.0,0.0,0.0,0,UNAVAILABLE
1943,AW7668,CDG - OSL,2025-08-09 21:15:00,2025-08-09 22:55:00,2024-11-25,-257,OPEN,2,189,189,V,125.0,0,0.0,0.0,0.0,0,ACTIVATED
1970,AW4781,VIE - CDG,2025-08-10 06:00:00,2025-08-10 08:05:00,2024-11-25,-258,CANCELLED,2,189,189,,,0,0.0,0.0,0.0,0,UNAVAILABLE
1973,AW7669,OSL - CDG,2025-08-10 06:00:00,2025-08-10 09:30:00,2024-11-25,-259,OPEN,2,189,189,L,96.0,0,0.0,0.0,0.0,0,ACTIVATED
1972,AW7665,OSL - CDG,2025-08-10 06:30:00,2025-08-10 10:00:00,2024-11-25,-259,OPEN,2,189,189,L,96.0,0,0.0,0.0,0.0,0,ACTIVATED
1959,AW3423,TLL - CDG,2025-08-10 07:00:00,2025-08-10 09:50:00,2024-11-25,-258,OPEN,2,186,186,V,165.0,0,0.0,0.0,0.0,0,SCHEDULED
1960,AW7640,CDG - OSL,2025-08-10 07:20:00,2025-08-10 09:00:00,2024-11-25,-258,OPEN,2,189,189,I,195.0,0,0.0,0.0,0.0,0,ACTIVATED
1956,AW3280,CDG - TLL,2025-08-10 08:05:00,2025-08-10 12:50:00,2024-11-25,-258,OPEN,2,189,189,H,192.0,0,0.0,0.0,0.0,0,SCHEDULED
1971,AW7641,OSL - CDG,2025-08-10 09:40:00,2025-08-10 13:10:00,2024-11-25,-259,OPEN,2,189,189,K,111.0,0,0.0,0.0,0.0,0,ACTIVATED
1962,AW7658,CDG - OSL,2025-08-10 10:20:00,2025-08-10 12:00:00,2024-11-25,-258,OPEN,2,189,189,I,195.0,0,0.0,0.0,0.0,0,ACTIVATED
1967,AW4638,CDG - VIE,2025-08-10 10:55:00,2025-08-10 13:05:00,2024-11-25,-258,CANCELLED,2,189,189,,,0,0.0,0.0,0.0,0,UNAVAILABLE
1957,AW3288,CDG - TLL,2025-08-10 10:55:00,2025-08-10 15:40:00,2024-11-25,-258,OPEN,2,186,186,H,192.0,0,0.0,0.0,0.0,0,SCHEDULED
5477,AW7659,OSL - CDG,2025-08-10 12:40:00,2025-08-10 16:10:00,2024-11-25,-259,OPEN,2,189,189,L,96.0,8,855.22,674.34,0.04,8,ACTIVATED
3929,AW3281,TLL - CDG,2025-08-10 13:45:00,2025-08-10 16:35:00,2024-11-25,-258,OPEN,2,189,189,V,165.0,1,165.0,142.0,0.01,1,SCHEDULED
1968,AW4639,VIE - CDG,2025-08-10 13:55:00,2025-08-10 16:00:00,2024-11-25,-258,CANCELLED,2,189,189,,,0,0.0,0.0,0.0,0,UNAVAILABLE
1965,AW4636,CDG - VIE,2025-08-10 14:35:00,2025-08-10 16:45:00,2024-11-25,-258,OPEN,2,189,189,K,110.0,0,0.0,0.0,0.0,0,ACTIVATED
4847,AW3556,CDG - HEL,2025-08-10 14:45:00,2025-08-10 19:05:00,2024-11-25,-258,OPEN,2,189,185,K,154.0,4,740.0,610.44,0.02,4,ACTIVATED
4580,AW3558,CDG - HEL,2025-08-10 15:00:00,2025-08-10 19:20:00,2024-11-25,-258,OPEN,2,189,189,K,154.0,3,417.0,299.22,0.02,3,ACTIVATED
1958,AW3289,TLL - CDG,2025-08-10 16:40:00,2025-08-10 19:30:00,2024-11-25,-258,OPEN,2,186,186,H,212.0,0,0.0,0.0,0.0,0,SCHEDULED
1961,AW7646,CDG - OSL,2025-08-10 16:45:00,2025-08-10 18:25:00,2024-11-25,-258,OPEN,2,189,189,M,175.0,0,0.0,0.0,0.0,0,ACTIVATED
1966,AW4637,VIE - CDG,2025-08-10 17:30:00,2025-08-10 19:35:00,2024-11-25,-258,OPEN,2,189,189,X,82.0,0,0.0,0.0,0.0,0,ACTIVATED
4334,AW3422,CDG - TLL,2025-08-10 19:00:00,2025-08-10 23:45:00,2024-11-25,-258,OPEN,2,186,186,L,122.0,2,340.0,207.48,0.01,2,SCHEDULED
4848,AW7647,OSL - CDG,2025-08-10 19:05:00,2025-08-10 22:35:00,2024-11-25,-259,OPEN,2,189,189,K,111.0,4,414.0,323.56,0.02,4,ACTIVATED
4579,AW3557,HEL - CDG,2025-08-10 19:50:00,2025-08-10 22:35:00,2024-11-25,-258,OPEN,2,189,189,V,160.0,3,534.0,468.15,0.02,3,ACTIVATED
1955,AW3559,HEL - CDG,2025-08-10 20:05:00,2025-08-10 22:50:00,2024-11-25,-258,OPEN,2,189,189,Q,178.0,0,0.0,0.0,0.0,0,ACTIVATED
1963,AW7664,CDG - OSL,2025-08-10 20:45:00,2025-08-10 22:25:00,2024-11-25,-258,OPEN,2,189,189,Q,141.0,0,0.0,0.0,0.0,0,ACTIVATED
1964,AW7668,CDG - OSL,2025-08-10 21:15:00,2025-08-10 22:55:00,2024-11-25,-258,OPEN,2,189,189,Q,141.0,0,0.0,0.0,0.0,0,ACTIVATED
1969,AW4780,CDG - VIE,2025-08-10 21:25:00,2025-08-10 23:35:00,2024-11-25,-258,CANCELLED,2,189,189,,,0,0.0,0.0,0.0,0,UNAVAILABLE
1994,AW7669,OSL - CDG,2025-08-11 05:55:00,2025-08-11 09:25:00,2024-11-25,-260,OPEN,2,189,189,L,96.0,0,0.0,0.0,0.0,0,ACTIVATED
1990,AW4781,VIE - CDG,2025-08-11 06:00:00,2025-08-11 08:05:00,2024-11-25,-259,CANCELLED,2,189,189,,,0,0.0,0.0,0.0,0,UNAVAILABLE
1993,AW7665,OSL - CDG,2025-08-11 06:30:00,2025-08-11 10:00:00,2024-11-25,-260,OPEN,2,189,189,L,96.0,0,0.0,0.0,0.0,0,ACTIVATED
1980,AW3423,TLL - CDG,2025-08-11 06:45:00,2025-08-11 09:35:00,2024-11-25,-259,OPEN,2,186,186,H,212.0,0,0.0,0.0,0.0,0,SCHEDULED
1981,AW7640,CDG - OSL,2025-08-11 07:15:00,2025-08-11 08:55:00,2024-11-25,-259,OPEN,2,189,189,M,175.0,0,0.0,0.0,0.0,0,ACTIVATED
1977,AW3284,CDG - TLL,2025-08-11 07:45:00,2025-08-11 12:30:00,2024-11-25,-259,OPEN,2,186,186,V,150.0,0,0.0,0.0,0.0,0,SCHEDULED
1974,AW3550,CDG - HEL,2025-08-11 08:20:00,2025-08-11 12:40:00,2024-11-25,-259,OPEN,2,189,189,H,211.0,0,0.0,0.0,0.0,0,ACTIVATED
1991,AW7641,OSL - CDG,2025-08-11 09:35:00,2025-08-11 13:05:00,2024-11-25,-260,OPEN,2,189,189,K,111.0,0,0.0,0.0,0.0,0,ACTIVATED
1985,AW4632,CDG - VIE,2025-08-11 10:05:00,2025-08-11 12:15:00,2024-11-25,-259,CANCELLED,2,189,189,,,0,0.0,0.0,0.0,0,UNAVAILABLE
4849,AW3280,CDG - TLL,2025-08-11 10:10:00,2025-08-11 14:55:00,2024-11-25,-259,OPEN,2,186,186,V,150.0,4,812.0,546.96,0.02,4,SCHEDULED
1982,AW7644,CDG - OSL,2025-08-11 11:10:00,2025-08-11 12:50:00,2024-11-25,-259,OPEN,2,189,189,M,175.0,0,0.0,0.0,0.0,0,ACTIVATED
1986,AW4633,VIE - CDG,2025-08-11 13:05:00,2025-08-11 15:10:00,2024-11-25,-259,CANCELLED,2,189,189,,,0,0.0,0.0,0.0,0,UNAVAILABLE
5050,AW3551,HEL - CDG,2025-08-11 13:25:00,2025-08-11 16:10:00,2024-11-25,-259,OPEN,2,189,189,Q,178.0,5,890.0,780.25,0.03,5,ACTIVATED
1978,AW3285,TLL - CDG,2025-08-11 13:25:00,2025-08-11 16:15:00,2024-11-25,-259,OPEN,2,186,186,H,212.0,0,0.0,0.0,0.0,0,SCHEDULED
1992,AW7645,OSL - CDG,2025-08-11 13:35:00,2025-08-11 17:05:00,2024-11-25,-260,OPEN,2,189,189,L,96.0,0,0.0,0.0,0.0,0,ACTIVATED
1987,AW4634,CDG - VIE,2025-08-11 14:30:00,2025-08-11 16:40:00,2024-11-25,-259,OPEN,2,189,189,L,97.0,0,0.0,0.0,0.0,0,ACTIVATED
5201,AW3558,CDG - HEL,2025-08-11 14:55:00,2025-08-11 19:15:00,2024-11-25,-259,OPEN,2,189,189,R,112.0,6,635.04,399.48,0.03,6,ACTIVATED
1976,AW3281,TLL - CDG,2025-08-11 15:55:00,2025-08-11 18:45:00,2024-11-25,-259,OPEN,2,186,186,H,212.0,0,0.0,0.0,0.0,0,SCHEDULED
1983,AW7648,CDG - OSL,2025-08-11 16:50:00,2025-08-11 18:30:00,2024-11-25,-259,OPEN,2,189,189,I,195.0,0,0.0,0.0,0.0,0,ACTIVATED
1988,AW4635,VIE - CDG,2025-08-11 17:30:00,2025-08-11 19:35:00,2024-11-25,-259,OPEN,2,189,189,T,60.0,0,0.0,0.0,0.0,0,ACTIVATED
1979,AW3422,CDG - TLL,2025-08-11 19:00:00,2025-08-11 23:45:00,2024-11-25,-259,OPEN,2,186,186,V,150.0,0,0.0,0.0,0.0,0,SCHEDULED
4850,AW7649,OSL - CDG,2025-08-11 19:10:00,2025-08-11 22:40:00,2024-11-25,-260,OPEN,2,189,189,K,111.0,4,384.0,293.56,0.02,4,ACTIVATED
1975,AW3559,HEL - CDG,2025-08-11 20:00:00,2025-08-11 22:45:00,2024-11-25,-259,OPEN,2,189,189,H,197.0,0,0.0,0.0,0.0,0,ACTIVATED
3930,AW7664,CDG - OSL,2025-08-11 20:45:00,2025-08-11 22:25:00,2024-11-25,-259,OPEN,2,189,189,L,97.0,1,90.0,57.61,0.01,1,ACTIVATED
1984,AW7668,CDG - OSL,2025-08-11 21:15:00,2025-08-11 22:55:00,2024-11-25,-259,OPEN,2,189,189,L,97.0,0,0.0,0.0,0.0,0,ACTIVATED
1989,AW4780,CDG - VIE,2025-08-11 21:20:00,2025-08-11 23:30:00,2024-11-25,-259,CANCELLED,2,189,189,,,0,0.0,0.0,0.0,0,UNAVAILABLE
2017,AW7669,OSL - CDG,2025-08-12 06:00:00,2025-08-12 09:30:00,2024-11-25,-261,OPEN,2,189,189,K,111.0,0,0.0,0.0,0.0,0,ACTIVATED
2011,AW4781,VIE - CDG,2025-08-12 06:00:00,2025-08-12 08:05:00,2024-11-25,-260,CANCELLED,2,189,189,,,0,0.0,0.0,0.0,0,UNAVAILABLE
5478,AW4670,CDG - BUD,2025-08-12 06:15:00,2025-08-12 09:20:00,2024-11-25,-260,OPEN,2,186,99,K,117.0,8,1012.0,697.92,0.08,8,SCHEDULED
2016,AW7665,OSL - CDG,2025-08-12 06:30:00,2025-08-12 10:00:00,2024-11-25,-261,OPEN,2,189,189,K,111.0,0,0.0,0.0,0.0,0,ACTIVATED
2001,AW3423,TLL - CDG,2025-08-12 06:45:00,2025-08-12 09:35:00,2024-11-25,-260,OPEN,2,186,186,H,212.0,0,0.0,0.0,0.0,0,SCHEDULED
2002,AW7640,CDG - OSL,2025-08-12 07:15:00,2025-08-12 08:55:00,2024-11-25,-260,OPEN,2,189,111,V,125.0,0,0.0,0.0,0.0,0,ACTIVATED
2013,AW7641,OSL - CDG,2025-08-12 09:35:00,2025-08-12 13:05:00,2024-11-25,-261,OPEN,2,189,111,H,165.0,0,0.0,0.0,0.0,0,ACTIVATED
1998,AW3288,CDG - TLL,2025-08-12 09:50:00,2025-08-12 14:35:00,2024-11-25,-260,OPEN,2,186,186,K,135.0,0,0.0,0.0,0.0,0,SCHEDULED
2006,AW4632,CDG - VIE,2025-08-12 10:05:00,2025-08-12 12:15:00,2024-11-25,-260,CANCELLED,2,189,189,,,0,0.0,0.0,0.0,0,UNAVAILABLE
6519,AW4671,BUD - CDG,2025-08-12 10:05:00,2025-08-12 15:00:00,2024-11-25,-261,OPEN,2,186,99,F,247.0,29,4378.0,4093.22,0.29,29,DEACTIVATED
1995,AW3558,CDG - HEL,2025-08-12 11:30:00,2025-08-12 15:50:00,2024-11-25,-260,OPEN,2,189,189,T,100.0,0,0.0,0.0,0.0,0,ACTIVATED
5691,AW7644,CDG - OSL,2025-08-12 11:50:00,2025-08-12 13:30:00,2024-11-25,-260,OPEN,2,189,189,X,86.0,10,816.0,437.14,0.05,10,ACTIVATED
2007,AW4633,VIE - CDG,2025-08-12 13:05:00,2025-08-12 15:10:00,2024-11-25,-260,CANCELLED,2,189,189,,,0,0.0,0.0,0.0,0,UNAVAILABLE
2014,AW7645,OSL - CDG,2025-08-12 14:15:00,2025-08-12 17:45:00,2024-11-25,-261,OPEN,2,189,189,X,82.0,0,0.0,0.0,0.0,0,ACTIVATED
1996,AW3286,CDG - TLL,2025-08-12 14:20:00,2025-08-12 19:05:00,2024-11-25,-260,OPEN,2,186,186,K,135.0,0,0.0,0.0,0.0,0,SCHEDULED
2008,AW4636,CDG - VIE,2025-08-12 15:00:00,2025-08-12 17:10:00,2024-11-25,-260,OPEN,2,189,189,R,75.0,0,0.0,0.0,0.0,0,ACTIVATED
1999,AW3289,TLL - CDG,2025-08-12 15:35:00,2025-08-12 18:25:00,2024-11-25,-260,OPEN,2,186,186,H,212.0,0,0.0,0.0,0.0,0,SCHEDULED
4581,AW3559,HEL - CDG,2025-08-12 16:35:00,2025-08-12 19:20:00,2024-11-25,-260,OPEN,2,189,189,H,197.0,3,657.0,591.15,0.02,3,ACTIVATED
2003,AW7648,CDG - OSL,2025-08-12 16:45:00,2025-08-12 18:25:00,2024-11-25,-260,OPEN,2,189,189,X,86.0,0,0.0,0.0,0.0,0,ACTIVATED
2009,AW4637,VIE - CDG,2025-08-12 18:00:00,2025-08-12 20:05:00,2024-11-25,-260,OPEN,2,189,189,T,60.0,0,0.0,0.0,0.0,0,ACTIVATED
2000,AW3422,CDG - TLL,2025-08-12 19:00:00,2025-08-12 23:45:00,2024-11-25,-260,OPEN,2,186,186,L,122.0,0,0.0,0.0,0.0,0,SCHEDULED
2015,AW7649,OSL - CDG,2025-08-12 19:05:00,2025-08-12 22:35:00,2024-11-25,-261,OPEN,2,189,189,V,128.0,0,0.0,0.0,0.0,0,ACTIVATED
1997,AW3287,TLL - CDG,2025-08-12 20:00:00,2025-08-12 22:50:00,2024-11-25,-260,OPEN,2,186,186,H,212.0,0,0.0,0.0,0.0,0,SCHEDULED
2004,AW7664,CDG - OSL,2025-08-12 20:45:00,2025-08-12 22:25:00,2024-11-25,-260,OPEN,2,189,189,X,86.0,0,0.0,0.0,0.0,0,ACTIVATED
2005,AW7668,CDG - OSL,2025-08-12 21:15:00,2025-08-12 22:55:00,2024-11-25,-260,OPEN,2,189,189,X,86.0,0,0.0,0.0,0.0,0,ACTIVATED
2010,AW4780,CDG - VIE,2025-08-12 21:20:00,2025-08-12 23:30:00,2024-11-25,-260,CANCELLED,2,189,189,,,0,0.0,0.0,0.0,0,UNAVAILABLE
2012,AW3410,CDG - TLL,2025-08-12 22:40:00,2025-08-13 03:25:00,2024-11-25,-260,OPEN,2,189,189,L,122.0,0,0.0,0.0,0.0,0,SCHEDULED
2026,AW3411,TLL - CDG,2025-08-13 04:20:00,2025-08-13 07:10:00,2024-11-25,-261,OPEN,2,189,189,H,212.0,0,0.0,0.0,0.0,0,SCHEDULED
2039,AW7665,OSL - CDG,2025-08-13 06:00:00,2025-08-13 09:30:00,2024-11-25,-262,OPEN,2,189,189,K,111.0,0,0.0,0.0,0.0,0,ACTIVATED
2037,AW4781,VIE - CDG,2025-08-13 06:15:00,2025-08-13 08:20:00,2024-11-25,-261,CANCELLED,2,189,189,,,0,0.0,0.0,0.0,0,UNAVAILABLE
2040,AW7669,OSL - CDG,2025-08-13 06:30:00,2025-08-13 10:00:00,2024-11-25,-262,OPEN,2,189,189,K,111.0,0,0.0,0.0,0.0,0,ACTIVATED
2028,AW3423,TLL - CDG,2025-08-13 06:45:00,2025-08-13 09:35:00,2024-11-25,-261,OPEN,2,186,186,H,212.0,0,0.0,0.0,0.0,0,SCHEDULED
3931,AW7640,CDG - OSL,2025-08-13 07:15:00,2025-08-13 08:55:00,2024-11-25,-261,OPEN,2,186,186,L,97.0,1,97.0,57.74,0.01,1,ACTIVATED
4335,AW3550,CDG - HEL,2025-08-13 08:30:00,2025-08-13 12:50:00,2024-11-25,-261,OPEN,2,189,189,T,100.0,2,376.0,297.48,0.01,2,ACTIVATED
2038,AW7641,OSL - CDG,2025-08-13 09:35:00,2025-08-13 13:05:00,2024-11-25,-262,OPEN,2,186,186,V,128.0,0,0.0,0.0,0.0,0,ACTIVATED
2020,AW3284,CDG - TLL,2025-08-13 10:05:00,2025-08-13 14:50:00,2024-11-25,-261,OPEN,2,189,189,K,135.0,0,0.0,0.0,0.0,0,SCHEDULED
2032,AW4632,CDG - VIE,2025-08-13 10:15:00,2025-08-13 12:25:00,2024-11-25,-261,CANCELLED,2,189,189,,,0,0.0,0.0,0.0,0,UNAVAILABLE
2024,AW3288,CDG - TLL,2025-08-13 10:55:00,2025-08-13 15:40:00,2024-11-25,-261,OPEN,2,186,186,K,135.0,0,0.0,0.0,0.0,0,SCHEDULED
2029,AW7644,CDG - OSL,2025-08-13 11:50:00,2025-08-13 13:30:00,2024-11-25,-261,OPEN,2,189,189,X,86.0,0,0.0,0.0,0.0,0,ACTIVATED
2033,AW4633,VIE - CDG,2025-08-13 13:15:00,2025-08-13 15:20:00,2024-11-25,-261,CANCELLED,2,189,189,,,0,0.0,0.0,0.0,0,UNAVAILABLE
2018,AW3551,HEL - CDG,2025-08-13 13:35:00,2025-08-13 16:20:00,2024-11-25,-261,OPEN,2,189,189,Q,178.0,0,0.0,0.0,0.0,0,ACTIVATED
4851,AW7645,OSL - CDG,2025-08-13 14:10:00,2025-08-13 17:40:00,2024-11-25,-262,OPEN,2,189,189,K,111.0,4,444.0,353.56,0.02,4,ACTIVATED
6354,AW3558,CDG - HEL,2025-08-13 14:20:00,2025-08-13 18:40:00,2024-11-25,-261,OPEN,2,189,189,T,100.0,23,3300.96,2397.98,0.12,23,ACTIVATED
2022,AW3286,CDG - TLL,2025-08-13 14:20:00,2025-08-13 19:05:00,2024-11-25,-261,OPEN,2,186,186,K,135.0,0,0.0,0.0,0.0,0,SCHEDULED
2034,AW4636,CDG - VIE,2025-08-13 14:40:00,2025-08-13 16:50:00,2024-11-25,-261,OPEN,2,189,189,R,75.0,0,0.0,0.0,0.0,0,ACTIVATED
2021,AW3285,TLL - CDG,2025-08-13 15:45:00,2025-08-13 18:35:00,2024-11-25,-261,OPEN,2,189,189,H,212.0,0,0.0,0.0,0.0,0,SCHEDULED
2025,AW3289,TLL - CDG,2025-08-13 16:40:00,2025-08-13 19:30:00,2024-11-25,-261,OPEN,2,186,186,H,212.0,0,0.0,0.0,0.0,0,SCHEDULED
2030,AW7646,CDG - OSL,2025-08-13 16:45:00,2025-08-13 18:25:00,2024-11-25,-261,OPEN,2,189,189,L,97.0,0,0.0,0.0,0.0,0,ACTIVATED
2035,AW4637,VIE - CDG,2025-08-13 17:40:00,2025-08-13 19:45:00,2024-11-25,-261,OPEN,2,189,189,T,60.0,0,0.0,0.0,0.0,0,ACTIVATED
2027,AW3422,CDG - TLL,2025-08-13 19:00:00,2025-08-13 23:45:00,2024-11-25,-261,OPEN,2,186,186,L,122.0,0,0.0,0.0,0.0,0,SCHEDULED
4852,AW7647,OSL - CDG,2025-08-13 19:10:00,2025-08-13 22:40:00,2024-11-25,-262,OPEN,2,189,189,V,128.0,4,680.0,589.56,0.02,4,ACTIVATED
2019,AW3559,HEL - CDG,2025-08-13 19:25:00,2025-08-13 22:10:00,2024-11-25,-261,OPEN,2,189,189,H,197.0,0,0.0,0.0,0.0,0,ACTIVATED
2023,AW3287,TLL - CDG,2025-08-13 20:00:00,2025-08-13 22:50:00,2024-11-25,-261,OPEN,2,186,186,H,212.0,0,0.0,0.0,0.0,0,SCHEDULED
4336,AW7664,CDG - OSL,2025-08-13 20:45:00,2025-08-13 22:25:00,2024-11-25,-261,OPEN,2,189,189,L,97.0,2,398.0,333.22,0.01,2,ACTIVATED
2031,AW7668,CDG - OSL,2025-08-13 21:15:00,2025-08-13 22:55:00,2024-11-25,-261,OPEN,2,189,189,L,97.0,0,0.0,0.0,0.0,0,ACTIVATED
2036,AW4780,CDG - VIE,2025-08-13 21:20:00,2025-08-13 23:30:00,2024-11-25,-261,CANCELLED,2,189,189,,,0,0.0,0.0,0.0,0,UNAVAILABLE
2055,AW4781,VIE - CDG,2025-08-14 06:00:00,2025-08-14 08:05:00,2024-11-25,-262,CANCELLED,2,189,189,,,0,0.0,0.0,0.0,0,UNAVAILABLE
2062,AW7665,OSL - CDG,2025-08-14 06:00:00,2025-08-14 09:30:00,2024-11-25,-263,OPEN,2,189,189,V,128.0,0,0.0,0.0,0.0,0,ACTIVATED
2063,AW7669,OSL - CDG,2025-08-14 06:30:00,2025-08-14 10:00:00,2024-11-25,-263,OPEN,2,189,189,V,128.0,0,0.0,0.0,0.0,0,ACTIVATED
4853,AW3423,TLL - CDG,2025-08-14 06:45:00,2025-08-14 09:35:00,2024-11-25,-262,OPEN,2,186,186,M,239.0,4,956.0,864.0,0.02,4,SCHEDULED
3932,AW7640,CDG - OSL,2025-08-14 07:15:00,2025-08-14 08:55:00,2024-11-25,-262,OPEN,2,186,186,L,97.0,1,75.0,42.61,0.01,1,ACTIVATED
2057,AW3550,CDG - HEL,2025-08-14 08:05:00,2025-08-14 12:30:00,2024-11-25,-262,CANCELLED,2,189,189,,,0,0.0,0.0,0.0,0,UNAVAILABLE
2059,AW7641,OSL - CDG,2025-08-14 09:35:00,2025-08-14 13:05:00,2024-11-25,-263,OPEN,2,186,186,V,128.0,0,0.0,0.0,0.0,0,ACTIVATED
2050,AW4632,CDG - VIE,2025-08-14 09:45:00,2025-08-14 11:55:00,2024-11-25,-262,CANCELLED,2,189,189,,,0,0.0,0.0,0.0,0,UNAVAILABLE
2049,AW4670,CDG - BUD,2025-08-14 10:05:00,2025-08-14 13:10:00,2024-11-25,-262,OPEN,2,189,99,X,90.0,0,0.0,0.0,0.0,0,SCHEDULED
2042,AW3288,CDG - TLL,2025-08-14 11:25:00,2025-08-14 16:10:00,2024-11-25,-262,OPEN,2,186,186,V,150.0,0,0.0,0.0,0.0,0,SCHEDULED
2045,AW7644,CDG - OSL,2025-08-14 11:50:00,2025-08-14 13:30:00,2024-11-25,-262,OPEN,2,189,189,L,97.0,0,0.0,0.0,0.0,0,ACTIVATED
2051,AW4633,VIE - CDG,2025-08-14 12:45:00,2025-08-14 14:50:00,2024-11-25,-262,CANCELLED,2,189,189,,,0,0.0,0.0,0.0,0,UNAVAILABLE
2058,AW3551,HEL - CDG,2025-08-14 13:15:00,2025-08-14 16:00:00,2024-11-25,-262,CANCELLED,2,189,189,,,0,0.0,0.0,0.0,0,UNAVAILABLE
6601,AW4671,BUD - CDG,2025-08-14 13:55:00,2025-08-14 18:50:00,2024-11-25,-263,OPEN,2,189,99,F,247.0,32,5423.28,5109.04,0.32,32,DEACTIVATED
2060,AW7645,OSL - CDG,2025-08-14 14:15:00,2025-08-14 17:45:00,2024-11-25,-263,OPEN,2,189,189,H,165.0,0,0.0,0.0,0.0,0,ACTIVATED
2052,AW4636,CDG - VIE,2025-08-14 14:30:00,2025-08-14 16:40:00,2024-11-25,-262,OPEN,2,189,189,R,75.0,0,0.0,0.0,0.0,0,ACTIVATED
4337,AW3556,CDG - HEL,2025-08-14 15:00:00,2025-08-14 19:20:00,2024-11-25,-262,OPEN,2,189,189,T,100.0,2,205.0,133.35,0.01,2,ACTIVATED
2046,AW7646,CDG - OSL,2025-08-14 15:20:00,2025-08-14 17:00:00,2024-11-25,-262,OPEN,2,189,189,L,97.0,0,0.0,0.0,0.0,0,ACTIVATED
2043,AW3289,TLL - CDG,2025-08-14 17:10:00,2025-08-14 20:00:00,2024-11-25,-262,OPEN,2,186,186,I,269.0,0,0.0,0.0,0.0,0,SCHEDULED
2053,AW4637,VIE - CDG,2025-08-14 17:30:00,2025-08-14 19:35:00,2024-11-25,-262,OPEN,2,189,189,R,70.0,0,0.0,0.0,0.0,0,ACTIVATED
2061,AW7647,OSL - CDG,2025-08-14 17:40:00,2025-08-14 21:10:00,2024-11-25,-263,OPEN,2,189,189,H,165.0,0,0.0,0.0,0.0,0,ACTIVATED
2044,AW3422,CDG - TLL,2025-08-14 19:00:00,2025-08-14 23:45:00,2024-11-25,-262,OPEN,2,186,186,Q,170.0,0,0.0,0.0,0.0,0,SCHEDULED
2041,AW3557,HEL - CDG,2025-08-14 20:05:00,2025-08-14 22:50:00,2024-11-25,-262,OPEN,2,189,183,F,261.0,0,0.0,0.0,0.0,0,ACTIVATED
2047,AW7664,CDG - OSL,2025-08-14 20:45:00,2025-08-14 22:25:00,2024-11-25,-262,OPEN,2,189,189,X,86.0,0,0.0,0.0,0.0,0,ACTIVATED
2054,AW4780,CDG - VIE,2025-08-14 21:15:00,2025-08-14 23:25:00,2024-11-25,-262,CANCELLED,2,189,189,,,0,0.0,0.0,0.0,0,UNAVAILABLE
2048,AW7668,CDG - OSL,2025-08-14 21:15:00,2025-08-14 22:55:00,2024-11-25,-262,OPEN,2,189,189,X,86.0,0,0.0,0.0,0.0,0,ACTIVATED
2056,AW3410,CDG - TLL,2025-08-14 22:40:00,2025-08-15 03:25:00,2024-11-25,-262,OPEN,2,189,189,H,192.0,0,0.0,0.0,0.0,0,SCHEDULED
2069,AW3411,TLL - CDG,2025-08-15 04:20:00,2025-08-15 07:10:00,2024-11-25,-263,OPEN,2,189,189,M,239.0,0,0.0,0.0,0.0,0,SCHEDULED
2081,AW7665,OSL - CDG,2025-08-15 06:00:00,2025-08-15 09:30:00,2024-11-25,-264,OPEN,2,189,189,V,128.0,0,0.0,0.0,0.0,0,ACTIVATED
5203,AW7669,OSL - CDG,2025-08-15 06:30:00,2025-08-15 10:00:00,2024-11-25,-264,OPEN,2,189,189,Q,147.0,6,467.55,331.89,0.03,6,ACTIVATED
2071,AW3423,TLL - CDG,2025-08-15 06:35:00,2025-08-15 09:25:00,2024-11-25,-263,OPEN,2,186,186,M,239.0,0,0.0,0.0,0.0,0,SCHEDULED
2080,AW4781,VIE - CDG,2025-08-15 06:55:00,2025-08-15 09:00:00,2024-11-25,-263,CANCELLED,2,189,189,,,0,0.0,0.0,0.0,0,UNAVAILABLE
2072,AW7640,CDG - OSL,2025-08-15 07:20:00,2025-08-15 09:00:00,2024-11-25,-263,OPEN,2,186,186,L,97.0,0,0.0,0.0,0.0,0,ACTIVATED
5202,AW3550,CDG - HEL,2025-08-15 07:30:00,2025-08-15 11:50:00,2024-11-25,-263,OPEN,2,189,169,L,139.0,6,942.0,733.92,0.04,6,ACTIVATED
2066,AW3280,CDG - TLL,2025-08-15 09:05:00,2025-08-15 13:50:00,2024-11-25,-263,OPEN,2,186,186,Q,170.0,0,0.0,0.0,0.0,0,SCHEDULED
4339,AW7641,OSL - CDG,2025-08-15 09:40:00,2025-08-15 13:10:00,2024-11-25,-264,OPEN,2,186,186,H,165.0,2,111.22,66.0,0.01,2,ACTIVATED
2076,AW4632,CDG - VIE,2025-08-15 10:05:00,2025-08-15 12:15:00,2024-11-25,-263,CANCELLED,2,189,189,,,0,0.0,0.0,0.0,0,UNAVAILABLE
2073,AW7644,CDG - OSL,2025-08-15 11:10:00,2025-08-15 12:50:00,2024-11-25,-263,OPEN,2,189,189,L,97.0,0,0.0,0.0,0.0,0,ACTIVATED
6137,AW3551,HEL - CDG,2025-08-15 12:35:00,2025-08-15 15:20:00,2024-11-25,-263,OPEN,2,189,169,F,261.0,17,4914.0,4540.85,0.1,17,ACTIVATED
2077,AW4633,VIE - CDG,2025-08-15 13:05:00,2025-08-15 15:10:00,2024-11-25,-263,CANCELLED,2,189,189,,,0,0.0,0.0,0.0,0,UNAVAILABLE
2067,AW3284,CDG - TLL,2025-08-15 13:25:00,2025-08-15 18:10:00,2024-11-25,-263,OPEN,2,189,189,V,150.0,0,0.0,0.0,0.0,0,SCHEDULED
6025,AW7645,OSL - CDG,2025-08-15 13:35:00,2025-08-15 17:05:00,2024-11-25,-264,OPEN,2,189,189,H,165.0,15,2485.0,2145.85,0.08,15,ACTIVATED
4582,AW3281,TLL - CDG,2025-08-15 14:50:00,2025-08-15 17:40:00,2024-11-25,-263,OPEN,2,186,186,M,239.0,3,861.0,792.0,0.02,3,SCHEDULED
2078,AW4636,CDG - VIE,2025-08-15 14:55:00,2025-08-15 17:05:00,2024-11-25,-263,OPEN,2,189,189,X,86.0,0,0.0,0.0,0.0,0,ACTIVATED
2064,AW3558,CDG - HEL,2025-08-15 14:55:00,2025-08-15 19:15:00,2024-11-25,-263,OPEN,2,189,189,K,154.0,0,0.0,0.0,0.0,0,ACTIVATED
5336,AW7648,CDG - OSL,2025-08-15 16:25:00,2025-08-15 18:05:00,2024-11-25,-263,OPEN,2,189,189,T,65.0,7,464.0,223.53,0.04,7,ACTIVATED
4338,AW4637,VIE - CDG,2025-08-15 17:55:00,2025-08-15 20:00:00,2024-11-25,-263,OPEN,2,189,189,X,82.0,2,164.0,126.4,0.01,2,ACTIVATED
4583,AW7649,OSL - CDG,2025-08-15 18:45:00,2025-08-15 22:15:00,2024-11-25,-264,OPEN,2,189,189,H,165.0,3,567.0,499.17,0.02,3,ACTIVATED
2070,AW3422,CDG - TLL,2025-08-15 19:00:00,2025-08-15 23:45:00,2024-11-25,-263,OPEN,2,186,186,L,122.0,0,0.0,0.0,0.0,0,SCHEDULED
2068,AW3285,TLL - CDG,2025-08-15 19:05:00,2025-08-15 21:55:00,2024-11-25,-263,OPEN,2,189,189,I,269.0,0,0.0,0.0,0.0,0,SCHEDULED
2065,AW3559,HEL - CDG,2025-08-15 20:00:00,2025-08-15 22:45:00,2024-11-25,-263,OPEN,2,189,189,F,261.0,0,0.0,0.0,0.0,0,ACTIVATED
2074,AW7664,CDG - OSL,2025-08-15 20:45:00,2025-08-15 22:25:00,2024-11-25,-263,OPEN,2,189,189,X,86.0,0,0.0,0.0,0.0,0,ACTIVATED
2079,AW4780,CDG - VIE,2025-08-15 21:10:00,2025-08-15 23:20:00,2024-11-25,-263,CANCELLED,2,189,189,,,0,0.0,0.0,0.0,0,UNAVAILABLE
2075,AW7668,CDG - OSL,2025-08-15 21:15:00,2025-08-15 22:55:00,2024-11-25,-263,OPEN,2,189,189,X,86.0,0,0.0,0.0,0.0,0,ACTIVATED
2111,AW7665,OSL - CDG,2025-08-16 05:55:00,2025-08-16 09:25:00,2024-11-25,-265,OPEN,2,189,189,K,163.0,0,0.0,0.0,0.0,0,ACTIVATED
2094,AW4781,VIE - CDG,2025-08-16 06:00:00,2025-08-16 08:05:00,2024-11-25,-264,CANCELLED,2,189,189,,,0,0.0,0.0,0.0,0,UNAVAILABLE
5592,AW4670,CDG - BUD,2025-08-16 06:15:00,2025-08-16 09:20:00,2024-11-25,-264,OPEN,2,186,96,L,102.0,9,717.0,404.88,0.09,9,SCHEDULED
2112,AW7669,OSL - CDG,2025-08-16 06:25:00,2025-08-16 09:55:00,2024-11-25,-265,OPEN,2,189,189,K,163.0,0,0.0,0.0,0.0,0,ACTIVATED
2085,AW3423,TLL - CDG,2025-08-16 06:45:00,2025-08-16 09:35:00,2024-11-25,-264,OPEN,2,186,186,K,269.0,0,0.0,0.0,0.0,0,SCHEDULED
4340,AW3550,CDG - HEL,2025-08-16 08:35:00,2025-08-16 12:55:00,2024-11-25,-264,OPEN,2,189,189,T,100.0,2,224.0,145.48,0.01,2,ACTIVATED
2082,AW3280,CDG - TLL,2025-08-16 09:00:00,2025-08-16 13:45:00,2024-11-25,-264,OPEN,2,189,189,R,100.0,0,0.0,0.0,0.0,0,SCHEDULED
6549,AW4671,BUD - CDG,2025-08-16 10:05:00,2025-08-16 15:00:00,2024-11-25,-265,OPEN,2,186,96,I,346.0,30,9867.9,9573.3,0.31,30,DEACTIVATED
2089,AW4636,CDG - VIE,2025-08-16 10:10:00,2025-08-16 12:20:00,2024-11-25,-264,CANCELLED,2,189,189,,,0,0.0,0.0,0.0,0,UNAVAILABLE
5204,AW3288,CDG - TLL,2025-08-16 10:15:00,2025-08-16 15:00:00,2024-11-25,-264,OPEN,2,186,186,X,111.0,6,1152.0,754.44,0.03,6,SCHEDULED
4855,AW7644,CDG - OSL,2025-08-16 10:20:00,2025-08-16 12:00:00,2024-11-25,-264,OPEN,2,189,179,X,86.0,4,344.0,186.96,0.02,4,ACTIVATED
2109,AW7645,OSL - CDG,2025-08-16 12:40:00,2025-08-16 16:10:00,2024-11-25,-265,OPEN,2,189,179,H,230.0,0,0.0,0.0,0.0,0,ACTIVATED
2093,AW4637,VIE - CDG,2025-08-16 13:10:00,2025-08-16 15:15:00,2024-11-25,-264,CANCELLED,2,189,189,,,0,0.0,0.0,0.0,0,UNAVAILABLE
2088,AW4634,CDG - VIE,2025-08-16 13:35:00,2025-08-16 15:45:00,2024-11-25,-264,OPEN,2,189,189,R,75.0,0,0.0,0.0,0.0,0,ACTIVATED
2091,AW3551,HEL - CDG,2025-08-16 13:40:00,2025-08-16 16:25:00,2024-11-25,-264,OPEN,2,189,189,H,321.0,0,0.0,0.0,0.0,0,ACTIVATED
4854,AW3281,TLL - CDG,2025-08-16 14:40:00,2025-08-16 17:30:00,2024-11-25,-264,OPEN,2,189,189,K,269.0,4,576.0,484.0,0.02,4,SCHEDULED
4856,AW7658,CDG - OSL,2025-08-16 15:20:00,2025-08-16 17:00:00,2024-11-25,-264,OPEN,2,189,189,R,75.0,4,296.0,159.57,0.02,4,ACTIVATED
2083,AW3289,TLL - CDG,2025-08-16 16:00:00,2025-08-16 18:50:00,2024-11-25,-264,OPEN,2,186,186,K,269.0,0,0.0,0.0,0.0,0,SCHEDULED
2092,AW4635,VIE - CDG,2025-08-16 16:40:00,2025-08-16 18:45:00,2024-11-25,-264,OPEN,2,189,189,K,108.0,0,0.0,0.0,0.0,0,ACTIVATED
2086,AW7646,CDG - OSL,2025-08-16 16:45:00,2025-08-16 18:25:00,2024-11-25,-264,OPEN,2,186,186,T,65.0,0,0.0,0.0,0.0,0,ACTIVATED
4343,AW7659,OSL - CDG,2025-08-16 17:40:00,2025-08-16 21:10:00,2024-11-25,-265,OPEN,2,189,189,V,185.0,2,370.0,324.78,0.01,2,ACTIVATED
2084,AW3422,CDG - TLL,2025-08-16 19:00:00,2025-08-16 23:45:00,2024-11-25,-264,OPEN,2,186,186,R,100.0,0,0.0,0.0,0.0,0,SCHEDULED
2110,AW7647,OSL - CDG,2025-08-16 19:05:00,2025-08-16 22:35:00,2024-11-25,-265,OPEN,2,186,186,Q,208.0,0,0.0,0.0,0.0,0,ACTIVATED
5051,AW7664,CDG - OSL,2025-08-16 20:45:00,2025-08-16 22:25:00,2024-11-25,-264,OPEN,2,189,189,R,75.0,5,375.0,178.7,0.03,5,ACTIVATED
2087,AW7668,CDG - OSL,2025-08-16 21:15:00,2025-08-16 22:55:00,2024-11-25,-264,OPEN,2,189,189,T,65.0,0,0.0,0.0,0.0,0,ACTIVATED
2090,AW4780,CDG - VIE,2025-08-16 21:15:00,2025-08-16 23:25:00,2024-11-25,-264,CANCELLED,2,189,189,,,0,0.0,0.0,0.0,0,UNAVAILABLE
2116,AW4781,VIE - CDG,2025-08-17 06:00:00,2025-08-17 08:05:00,2024-11-25,-265,CANCELLED,2,189,189,,,0,0.0,0.0,0.0,0,UNAVAILABLE
3933,AW7669,OSL - CDG,2025-08-17 06:00:00,2025-08-17 09:30:00,2024-11-25,-266,OPEN,2,189,189,K,163.0,1,140.0,117.39,0.01,1,ACTIVATED
2125,AW7665,OSL - CDG,2025-08-17 06:30:00,2025-08-17 10:00:00,2024-11-25,-266,OPEN,2,189,189,K,163.0,0,0.0,0.0,0.0,0,ACTIVATED
2100,AW3423,TLL - CDG,2025-08-17 07:00:00,2025-08-17 09:50:00,2024-11-25,-265,OPEN,2,186,186,L,243.0,0,0.0,0.0,0.0,0,SCHEDULED
2101,AW7640,CDG - OSL,2025-08-17 07:20:00,2025-08-17 09:00:00,2024-11-25,-265,OPEN,2,189,189,T,65.0,0,0.0,0.0,0.0,0,ACTIVATED
2096,AW3280,CDG - TLL,2025-08-17 08:05:00,2025-08-17 12:50:00,2024-11-25,-265,OPEN,2,189,189,R,100.0,0,0.0,0.0,0.0,0,SCHEDULED
2123,AW7641,OSL - CDG,2025-08-17 09:40:00,2025-08-17 13:10:00,2024-11-25,-266,OPEN,2,189,189,V,185.0,0,0.0,0.0,0.0,0,ACTIVATED
2103,AW7658,CDG - OSL,2025-08-17 10:20:00,2025-08-17 12:00:00,2024-11-25,-265,OPEN,2,189,189,R,75.0,0,0.0,0.0,0.0,0,ACTIVATED
4342,AW3288,CDG - TLL,2025-08-17 10:55:00,2025-08-17 15:40:00,2024-11-25,-265,OPEN,2,186,186,X,111.0,2,197.0,79.46,0.01,2,SCHEDULED
2107,AW4638,CDG - VIE,2025-08-17 10:55:00,2025-08-17 13:05:00,2024-11-25,-265,CANCELLED,2,189,189,,,0,0.0,0.0,0.0,0,UNAVAILABLE
2124,AW7659,OSL - CDG,2025-08-17 12:40:00,2025-08-17 16:10:00,2024-11-25,-266,OPEN,2,189,189,Q,208.0,0,0.0,0.0,0.0,0,ACTIVATED
2097,AW3281,TLL - CDG,2025-08-17 13:45:00,2025-08-17 16:35:00,2024-11-25,-265,OPEN,2,189,189,L,243.0,0,0.0,0.0,0.0,0,SCHEDULED
2115,AW4639,VIE - CDG,2025-08-17 13:55:00,2025-08-17 16:00:00,2024-11-25,-265,CANCELLED,2,189,189,,,0,0.0,0.0,0.0,0,UNAVAILABLE
2106,AW4636,CDG - VIE,2025-08-17 14:35:00,2025-08-17 16:45:00,2024-11-25,-265,OPEN,2,189,189,R,75.0,0,0.0,0.0,0.0,0,ACTIVATED
4341,AW3556,CDG - HEL,2025-08-17 14:45:00,2025-08-17 19:05:00,2024-11-25,-265,OPEN,2,189,189,T,100.0,2,380.0,315.22,0.01,2,ACTIVATED
2095,AW3558,CDG - HEL,2025-08-17 15:00:00,2025-08-17 19:20:00,2024-11-25,-265,OPEN,2,189,189,T,100.0,0,0.0,0.0,0.0,0,ACTIVATED
2098,AW3289,TLL - CDG,2025-08-17 16:40:00,2025-08-17 19:30:00,2024-11-25,-265,OPEN,2,186,186,L,243.0,0,0.0,0.0,0.0,0,SCHEDULED
2102,AW7646,CDG - OSL,2025-08-17 16:45:00,2025-08-17 18:25:00,2024-11-25,-265,OPEN,2,189,189,R,75.0,0,0.0,0.0,0.0,0,ACTIVATED
2114,AW4637,VIE - CDG,2025-08-17 17:30:00,2025-08-17 19:35:00,2024-11-25,-265,OPEN,2,189,189,K,108.0,0,0.0,0.0,0.0,0,ACTIVATED
2099,AW3422,CDG - TLL,2025-08-17 19:00:00,2025-08-17 23:45:00,2024-11-25,-265,OPEN,2,186,186,T,92.0,0,0.0,0.0,0.0,0,SCHEDULED
5052,AW7647,OSL - CDG,2025-08-17 19:05:00,2025-08-17 22:35:00,2024-11-25,-266,OPEN,2,189,189,Q,208.0,5,1040.0,926.95,0.03,5,ACTIVATED
5972,AW3557,HEL - CDG,2025-08-17 19:50:00,2025-08-17 22:35:00,2024-11-25,-265,OPEN,2,189,189,L,224.0,14,2640.0,2332.7,0.07,14,ACTIVATED
2113,AW3559,HEL - CDG,2025-08-17 20:05:00,2025-08-17 22:50:00,2024-11-25,-265,OPEN,2,189,189,L,224.0,0,0.0,0.0,0.0,0,ACTIVATED
2104,AW7664,CDG - OSL,2025-08-17 20:45:00,2025-08-17 22:25:00,2024-11-25,-265,OPEN,2,189,189,T,65.0,0,0.0,0.0,0.0,0,ACTIVATED
2105,AW7668,CDG - OSL,2025-08-17 21:15:00,2025-08-17 22:55:00,2024-11-25,-265,OPEN,2,189,189,T,65.0,0,0.0,0.0,0.0,0,ACTIVATED
2108,AW4780,CDG - VIE,2025-08-17 21:25:00,2025-08-17 23:35:00,2024-11-25,-265,CANCELLED,2,189,189,,,0,0.0,0.0,0.0,0,UNAVAILABLE
2144,AW7669,OSL - CDG,2025-08-18 05:55:00,2025-08-18 09:25:00,2024-11-25,-267,OPEN,2,189,189,K,163.0,0,0.0,0.0,0.0,0,ACTIVATED
2128,AW4781,VIE - CDG,2025-08-18 06:00:00,2025-08-18 08:05:00,2024-11-25,-266,CANCELLED,2,189,189,,,0,0.0,0.0,0.0,0,UNAVAILABLE
2143,AW7665,OSL - CDG,2025-08-18 06:30:00,2025-08-18 10:00:00,2024-11-25,-267,OPEN,2,189,189,K,163.0,0,0.0,0.0,0.0,0,ACTIVATED
2122,AW3423,TLL - CDG,2025-08-18 06:45:00,2025-08-18 09:35:00,2024-11-25,-266,OPEN,2,186,186,K,269.0,0,0.0,0.0,0.0,0,SCHEDULED
4584,AW7640,CDG - OSL,2025-08-18 07:15:00,2025-08-18 08:55:00,2024-11-25,-266,OPEN,2,189,189,K,60.0,3,168.0,50.22,0.02,3,ACTIVATED
2119,AW3284,CDG - TLL,2025-08-18 07:45:00,2025-08-18 12:30:00,2024-11-25,-266,OPEN,2,186,186,L,85.0,0,0.0,0.0,0.0,0,SCHEDULED
5915,AW3550,CDG - HEL,2025-08-18 08:20:00,2025-08-18 12:40:00,2024-11-25,-266,OPEN,2,189,189,R,77.0,13,1149.28,700.73,0.07,13,ACTIVATED
2141,AW7641,OSL - CDG,2025-08-18 09:35:00,2025-08-18 13:05:00,2024-11-25,-267,OPEN,2,189,189,V,185.0,0,0.0,0.0,0.0,0,ACTIVATED
2133,AW4632,CDG - VIE,2025-08-18 10:05:00,2025-08-18 12:15:00,2024-11-25,-266,CANCELLED,2,189,189,,,0,0.0,0.0,0.0,0,UNAVAILABLE
2117,AW3280,CDG - TLL,2025-08-18 10:10:00,2025-08-18 14:55:00,2024-11-25,-266,OPEN,2,186,186,L,85.0,0,0.0,0.0,0.0,0,SCHEDULED
4857,AW7644,CDG - OSL,2025-08-18 11:10:00,2025-08-18 12:50:00,2024-11-25,-266,OPEN,2,189,189,V,65.0,4,232.0,102.44,0.02,4,ACTIVATED
2126,AW4633,VIE - CDG,2025-08-18 13:05:00,2025-08-18 15:10:00,2024-11-25,-266,CANCELLED,2,189,189,,,0,0.0,0.0,0.0,0,UNAVAILABLE
2120,AW3285,TLL - CDG,2025-08-18 13:25:00,2025-08-18 16:15:00,2024-11-25,-266,OPEN,2,186,186,K,269.0,0,0.0,0.0,0.0,0,SCHEDULED
4344,AW3551,HEL - CDG,2025-08-18 13:25:00,2025-08-18 16:10:00,2024-11-25,-266,OPEN,2,189,189,K,249.0,2,650.0,606.1,0.01,2,ACTIVATED
4859,AW7645,OSL - CDG,2025-08-18 13:35:00,2025-08-18 17:05:00,2024-11-25,-267,OPEN,2,189,189,Q,208.0,4,832.0,741.56,0.02,4,ACTIVATED
2134,AW4634,CDG - VIE,2025-08-18 14:30:00,2025-08-18 16:40:00,2024-11-25,-266,OPEN,2,189,189,T,66.0,0,0.0,0.0,0.0,0,ACTIVATED
2129,AW3558,CDG - HEL,2025-08-18 14:55:00,2025-08-18 19:15:00,2024-11-25,-266,OPEN,2,189,189,R,77.0,0,0.0,0.0,0.0,0,ACTIVATED
2118,AW3281,TLL - CDG,2025-08-18 15:55:00,2025-08-18 18:45:00,2024-11-25,-266,OPEN,2,186,186,K,269.0,0,0.0,0.0,0.0,0,SCHEDULED
2130,AW7648,CDG - OSL,2025-08-18 16:50:00,2025-08-18 18:30:00,2024-11-25,-266,OPEN,2,189,189,V,65.0,0,0.0,0.0,0.0,0,ACTIVATED
2127,AW4635,VIE - CDG,2025-08-18 17:30:00,2025-08-18 19:35:00,2024-11-25,-266,OPEN,2,189,189,L,94.0,0,0.0,0.0,0.0,0,ACTIVATED
2121,AW3422,CDG - TLL,2025-08-18 19:00:00,2025-08-18 23:45:00,2024-11-25,-266,OPEN,2,186,186,R,78.0,0,0.0,0.0,0.0,0,SCHEDULED
2142,AW7649,OSL - CDG,2025-08-18 19:10:00,2025-08-18 22:40:00,2024-11-25,-267,OPEN,2,189,189,Q,208.0,0,0.0,0.0,0.0,0,ACTIVATED
3934,AW3559,HEL - CDG,2025-08-18 20:00:00,2025-08-18 22:45:00,2024-11-25,-266,OPEN,2,189,189,V,272.0,1,181.0,159.05,0.01,1,ACTIVATED
2131,AW7664,CDG - OSL,2025-08-18 20:45:00,2025-08-18 22:25:00,2024-11-25,-266,OPEN,2,189,189,T,47.0,0,0.0,0.0,0.0,0,ACTIVATED
2132,AW7668,CDG - OSL,2025-08-18 21:15:00,2025-08-18 22:55:00,2024-11-25,-266,OPEN,2,189,189,T,47.0,0,0.0,0.0,0.0,0,ACTIVATED
2135,AW4780,CDG - VIE,2025-08-18 21:20:00,2025-08-18 23:30:00,2024-11-25,-266,CANCELLED,2,189,189,,,0,0.0,0.0,0.0,0,UNAVAILABLE
2147,AW4781,VIE - CDG,2025-08-19 06:00:00,2025-08-19 08:05:00,2024-11-25,-267,CANCELLED,2,189,189,,,0,0.0,0.0,0.0,0,UNAVAILABLE
2163,AW7669,OSL - CDG,2025-08-19 06:00:00,2025-08-19 09:30:00,2024-11-25,-268,OPEN,2,189,189,L,140.0,0,0.0,0.0,0.0,0,ACTIVATED
4585,AW4670,CDG - BUD,2025-08-19 06:15:00,2025-08-19 09:20:00,2024-11-25,-267,OPEN,2,186,99,V,72.0,3,156.0,58.83,0.03,3,SCHEDULED
2162,AW7665,OSL - CDG,2025-08-19 06:30:00,2025-08-19 10:00:00,2024-11-25,-268,OPEN,2,189,189,L,140.0,0,0.0,0.0,0.0,0,ACTIVATED
2139,AW3423,TLL - CDG,2025-08-19 06:45:00,2025-08-19 09:35:00,2024-11-25,-267,OPEN,2,186,186,K,269.0,0,0.0,0.0,0.0,0,SCHEDULED
2148,AW7640,CDG - OSL,2025-08-19 07:15:00,2025-08-19 08:55:00,2024-11-25,-267,OPEN,2,189,136,R,50.0,0,0.0,0.0,0.0,0,ACTIVATED
2159,AW7641,OSL - CDG,2025-08-19 09:35:00,2025-08-19 13:05:00,2024-11-25,-268,OPEN,2,189,136,Q,208.0,0,0.0,0.0,0.0,0,ACTIVATED
2137,AW3288,CDG - TLL,2025-08-19 09:50:00,2025-08-19 14:35:00,2024-11-25,-267,OPEN,2,186,186,L,85.0,0,0.0,0.0,0.0,0,SCHEDULED
2151,AW4632,CDG - VIE,2025-08-19 10:05:00,2025-08-19 12:15:00,2024-11-25,-267,CANCELLED,2,189,189,,,0,0.0,0.0,0.0,0,UNAVAILABLE
5337,AW4671,BUD - CDG,2025-08-19 10:05:00,2025-08-19 15:00:00,2024-11-25,-268,OPEN,2,186,99,I,346.0,7,2175.82,2107.08,0.07,7,DEACTIVATED
4345,AW3558,CDG - HEL,2025-08-19 11:30:00,2025-08-19 15:50:00,2024-11-25,-267,OPEN,2,189,189,T,70.0,2,168.0,89.48,0.01,2,ACTIVATED
3936,AW7644,CDG - OSL,2025-08-19 11:50:00,2025-08-19 13:30:00,2024-11-25,-267,OPEN,2,189,189,R,50.0,1,50.0,10.74,0.01,1,ACTIVATED
2145,AW4633,VIE - CDG,2025-08-19 13:05:00,2025-08-19 15:10:00,2024-11-25,-267,CANCELLED,2,189,189,,,0,0.0,0.0,0.0,0,UNAVAILABLE
2160,AW7645,OSL - CDG,2025-08-19 14:15:00,2025-08-19 17:45:00,2024-11-25,-268,OPEN,2,189,189,Q,208.0,0,0.0,0.0,0.0,0,ACTIVATED
3935,AW3286,CDG - TLL,2025-08-19 14:20:00,2025-08-19 19:05:00,2024-11-25,-267,OPEN,2,186,186,L,85.0,1,82.0,23.23,0.01,1,SCHEDULED
2152,AW4636,CDG - VIE,2025-08-19 15:00:00,2025-08-19 17:10:00,2024-11-25,-267,OPEN,2,189,189,N,51.0,0,0.0,0.0,0.0,0,ACTIVATED
4858,AW3289,TLL - CDG,2025-08-19 15:35:00,2025-08-19 18:25:00,2024-11-25,-267,OPEN,2,186,186,K,269.0,4,1076.0,984.0,0.02,4,SCHEDULED
4586,AW3559,HEL - CDG,2025-08-19 16:35:00,2025-08-19 19:20:00,2024-11-25,-267,OPEN,2,189,189,K,249.0,3,702.0,636.15,0.02,3,ACTIVATED
3937,AW7648,CDG - OSL,2025-08-19 16:45:00,2025-08-19 18:25:00,2024-11-25,-267,OPEN,2,189,189,G,45.0,1,87.0,47.74,0.01,1,ACTIVATED
2146,AW4637,VIE - CDG,2025-08-19 18:00:00,2025-08-19 20:05:00,2024-11-25,-267,OPEN,2,189,189,K,108.0,0,0.0,0.0,0.0,0,ACTIVATED
2138,AW3422,CDG - TLL,2025-08-19 19:00:00,2025-08-19 23:45:00,2024-11-25,-267,OPEN,2,186,186,R,78.0,0,0.0,0.0,0.0,0,SCHEDULED
2161,AW7649,OSL - CDG,2025-08-19 19:05:00,2025-08-19 22:35:00,2024-11-25,-268,OPEN,2,189,189,V,185.0,0,0.0,0.0,0.0,0,ACTIVATED
2136,AW3287,TLL - CDG,2025-08-19 20:00:00,2025-08-19 22:50:00,2024-11-25,-267,OPEN,2,186,186,K,269.0,0,0.0,0.0,0.0,0,SCHEDULED
2149,AW7664,CDG - OSL,2025-08-19 20:45:00,2025-08-19 22:25:00,2024-11-25,-267,OPEN,2,189,189,G,45.0,0,0.0,0.0,0.0,0,ACTIVATED
2150,AW7668,CDG - OSL,2025-08-19 21:15:00,2025-08-19 22:55:00,2024-11-25,-267,OPEN,2,189,189,G,45.0,0,0.0,0.0,0.0,0,ACTIVATED
2153,AW4780,CDG - VIE,2025-08-19 21:20:00,2025-08-19 23:30:00,2024-11-25,-267,CANCELLED,2,189,189,,,0,0.0,0.0,0.0,0,UNAVAILABLE
2140,AW3410,CDG - TLL,2025-08-19 22:40:00,2025-08-20 03:25:00,2024-11-25,-267,OPEN,2,189,189,R,78.0,0,0.0,0.0,0.0,0,SCHEDULED
2156,AW3411,TLL - CDG,2025-08-20 04:20:00,2025-08-20 07:10:00,2024-11-25,-268,OPEN,2,189,189,K,269.0,0,0.0,0.0,0.0,0,SCHEDULED
2182,AW7665,OSL - CDG,2025-08-20 06:00:00,2025-08-20 09:30:00,2024-11-25,-269,OPEN,2,189,189,L,140.0,0,0.0,0.0,0.0,0,ACTIVATED
2166,AW4781,VIE - CDG,2025-08-20 06:15:00,2025-08-20 08:20:00,2024-11-25,-268,CANCELLED,2,189,189,,,0,0.0,0.0,0.0,0,UNAVAILABLE
2183,AW7669,OSL - CDG,2025-08-20 06:30:00,2025-08-20 10:00:00,2024-11-25,-269,OPEN,2,189,189,L,140.0,0,0.0,0.0,0.0,0,ACTIVATED
2158,AW3423,TLL - CDG,2025-08-20 06:45:00,2025-08-20 09:35:00,2024-11-25,-268,OPEN,2,186,186,K,269.0,0,0.0,0.0,0.0,0,SCHEDULED
3938,AW7640,CDG - OSL,2025-08-20 07:15:00,2025-08-20 08:55:00,2024-11-25,-268,OPEN,2,186,186,G,45.0,1,38.0,5.61,0.01,1,ACTIVATED
2167,AW3550,CDG - HEL,2025-08-20 08:30:00,2025-08-20 12:50:00,2024-11-25,-268,OPEN,2,189,189,T,70.0,0,0.0,0.0,0.0,0,ACTIVATED
2181,AW7641,OSL - CDG,2025-08-20 09:35:00,2025-08-20 13:05:00,2024-11-25,-269,OPEN,2,186,186,K,163.0,0,0.0,0.0,0.0,0,ACTIVATED
4346,AW3284,CDG - TLL,2025-08-20 10:05:00,2025-08-20 14:50:00,2024-11-25,-268,OPEN,2,189,189,X,82.0,2,150.0,32.46,0.01,2,SCHEDULED
2172,AW4632,CDG - VIE,2025-08-20 10:15:00,2025-08-20 12:25:00,2024-11-25,-268,CANCELLED,2,189,189,,,0,0.0,0.0,0.0,0,UNAVAILABLE
4348,AW3288,CDG - TLL,2025-08-20 10:55:00,2025-08-20 15:40:00,2024-11-25,-268,OPEN,2,186,186,X,82.0,2,164.0,31.48,0.01,2,SCHEDULED
2169,AW7644,CDG - OSL,2025-08-20 11:50:00,2025-08-20 13:30:00,2024-11-25,-268,OPEN,2,189,189,T,47.0,0,0.0,0.0,0.0,0,ACTIVATED
2164,AW4633,VIE - CDG,2025-08-20 13:15:00,2025-08-20 15:20:00,2024-11-25,-268,CANCELLED,2,189,189,,,0,0.0,0.0,0.0,0,UNAVAILABLE
4587,AW3551,HEL - CDG,2025-08-20 13:35:00,2025-08-20 16:20:00,2024-11-25,-268,OPEN,2,189,189,K,249.0,3,1080.0,1014.15,0.02,3,ACTIVATED
4590,AW7645,OSL - CDG,2025-08-20 14:10:00,2025-08-20 17:40:00,2024-11-25,-269,OPEN,2,189,189,K,163.0,3,208.58,140.39,0.02,3,ACTIVATED
2168,AW3558,CDG - HEL,2025-08-20 14:20:00,2025-08-20 18:40:00,2024-11-25,-268,OPEN,2,189,189,T,70.0,0,0.0,0.0,0.0,0,ACTIVATED
4347,AW3286,CDG - TLL,2025-08-20 14:20:00,2025-08-20 19:05:00,2024-11-25,-268,OPEN,2,186,186,X,82.0,2,164.0,31.48,0.01,2,SCHEDULED
2173,AW4636,CDG - VIE,2025-08-20 14:40:00,2025-08-20 16:50:00,2024-11-25,-268,OPEN,2,189,189,N,51.0,0,0.0,0.0,0.0,0,ACTIVATED
4860,AW3285,TLL - CDG,2025-08-20 15:45:00,2025-08-20 18:35:00,2024-11-25,-268,OPEN,2,189,189,K,269.0,4,1288.0,1196.0,0.02,4,SCHEDULED
2155,AW3289,TLL - CDG,2025-08-20 16:40:00,2025-08-20 19:30:00,2024-11-25,-268,OPEN,2,186,186,K,269.0,0,0.0,0.0,0.0,0,SCHEDULED
4349,AW7646,CDG - OSL,2025-08-20 16:45:00,2025-08-20 18:25:00,2024-11-25,-268,OPEN,2,189,189,T,47.0,2,80.0,15.22,0.01,2,ACTIVATED
2165,AW4637,VIE - CDG,2025-08-20 17:40:00,2025-08-20 19:45:00,2024-11-25,-268,OPEN,2,189,189,K,108.0,0,0.0,0.0,0.0,0,ACTIVATED
2157,AW3422,CDG - TLL,2025-08-20 19:00:00,2025-08-20 23:45:00,2024-11-25,-268,OPEN,2,186,186,R,78.0,0,0.0,0.0,0.0,0,SCHEDULED
3939,AW7647,OSL - CDG,2025-08-20 19:10:00,2025-08-20 22:40:00,2024-11-25,-269,OPEN,2,189,189,V,185.0,1,185.0,162.21,0.01,1,ACTIVATED
4588,AW3559,HEL - CDG,2025-08-20 19:25:00,2025-08-20 22:10:00,2024-11-25,-268,OPEN,2,189,189,V,272.0,3,816.0,750.15,0.02,3,ACTIVATED
2154,AW3287,TLL - CDG,2025-08-20 20:00:00,2025-08-20 22:50:00,2024-11-25,-268,OPEN,2,186,186,K,269.0,0,0.0,0.0,0.0,0,SCHEDULED
2170,AW7664,CDG - OSL,2025-08-20 20:45:00,2025-08-20 22:25:00,2024-11-25,-268,OPEN,2,189,189,G,45.0,0,0.0,0.0,0.0,0,ACTIVATED
2171,AW7668,CDG - OSL,2025-08-20 21:15:00,2025-08-20 22:55:00,2024-11-25,-268,OPEN,2,189,189,G,45.0,0,0.0,0.0,0.0,0,ACTIVATED
2174,AW4780,CDG - VIE,2025-08-20 21:20:00,2025-08-20 23:30:00,2024-11-25,-268,CANCELLED,2,189,189,,,0,0.0,0.0,0.0,0,UNAVAILABLE
2208,AW7665,OSL - CDG,2025-08-21 06:00:00,2025-08-21 09:30:00,2024-11-25,-270,OPEN,2,189,189,H,230.0,0,0.0,0.0,0.0,0,ACTIVATED
2187,AW4781,VIE - CDG,2025-08-21 06:00:00,2025-08-21 08:05:00,2024-11-25,-269,CANCELLED,2,189,189,,,0,0.0,0.0,0.0,0,UNAVAILABLE
2209,AW7669,OSL - CDG,2025-08-21 06:30:00,2025-08-21 10:00:00,2024-11-25,-270,OPEN,2,189,189,L,140.0,0,0.0,0.0,0.0,0,ACTIVATED
6496,AW3423,TLL - CDG,2025-08-21 06:45:00,2025-08-21 09:35:00,2024-11-25,-269,OPEN,2,186,186,M,399.0,28,9229.08,8585.08,0.15,28,SCHEDULED
2189,AW7640,CDG - OSL,2025-08-21 07:15:00,2025-08-21 08:55:00,2024-11-25,-269,OPEN,2,186,186,G,45.0,0,0.0,0.0,0.0,0,ACTIVATED
2180,AW3550,CDG - HEL,2025-08-21 08:05:00,2025-08-21 12:30:00,2024-11-25,-269,CANCELLED,2,189,189,,,0,0.0,0.0,0.0,0,UNAVAILABLE
2205,AW7641,OSL - CDG,2025-08-21 09:35:00,2025-08-21 13:05:00,2024-11-25,-270,OPEN,2,186,186,L,140.0,0,0.0,0.0,0.0,0,ACTIVATED
2193,AW4632,CDG - VIE,2025-08-21 09:45:00,2025-08-21 11:55:00,2024-11-25,-269,CANCELLED,2,189,189,,,0,0.0,0.0,0.0,0,UNAVAILABLE
4589,AW4670,CDG - BUD,2025-08-21 10:05:00,2025-08-21 13:10:00,2024-11-25,-269,OPEN,2,189,99,G,49.0,3,143.0,32.09,0.03,3,SCHEDULED
2175,AW3288,CDG - TLL,2025-08-21 11:25:00,2025-08-21 16:10:00,2024-11-25,-269,OPEN,2,186,186,R,78.0,0,0.0,0.0,0.0,0,SCHEDULED
2190,AW7644,CDG - OSL,2025-08-21 11:50:00,2025-08-21 13:30:00,2024-11-25,-269,OPEN,2,189,189,X,53.0,0,0.0,0.0,0.0,0,ACTIVATED
2185,AW4633,VIE - CDG,2025-08-21 12:45:00,2025-08-21 14:50:00,2024-11-25,-269,CANCELLED,2,189,189,,,0,0.0,0.0,0.0,0,UNAVAILABLE
2179,AW3551,HEL - CDG,2025-08-21 13:15:00,2025-08-21 16:00:00,2024-11-25,-269,CANCELLED,2,189,189,,,0,0.0,0.0,0.0,0,UNAVAILABLE
5479,AW4671,BUD - CDG,2025-08-21 13:55:00,2025-08-21 18:50:00,2024-11-25,-270,OPEN,2,189,99,I,346.0,8,2420.0,2341.44,0.08,8,DEACTIVATED
2206,AW7645,OSL - CDG,2025-08-21 14:15:00,2025-08-21 17:45:00,2024-11-25,-270,OPEN,2,189,189,V,185.0,0,0.0,0.0,0.0,0,ACTIVATED
2194,AW4636,CDG - VIE,2025-08-21 14:30:00,2025-08-21 16:40:00,2024-11-25,-269,OPEN,2,189,189,T,66.0,0,0.0,0.0,0.0,0,ACTIVATED
2188,AW3556,CDG - HEL,2025-08-21 15:00:00,2025-08-21 19:20:00,2024-11-25,-269,OPEN,2,189,189,T,70.0,0,0.0,0.0,0.0,0,ACTIVATED
3940,AW7646,CDG - OSL,2025-08-21 15:20:00,2025-08-21 17:00:00,2024-11-25,-269,OPEN,2,189,189,X,53.0,1,53.0,13.74,0.01,1,ACTIVATED
2176,AW3289,TLL - CDG,2025-08-21 17:10:00,2025-08-21 20:00:00,2024-11-25,-269,OPEN,2,186,186,Q,331.0,0,0.0,0.0,0.0,0,SCHEDULED
2186,AW4637,VIE - CDG,2025-08-21 17:30:00,2025-08-21 19:35:00,2024-11-25,-269,OPEN,2,189,189,Q,141.0,0,0.0,0.0,0.0,0,ACTIVATED
2207,AW7647,OSL - CDG,2025-08-21 17:40:00,2025-08-21 21:10:00,2024-11-25,-270,OPEN,2,189,189,V,185.0,0,0.0,0.0,0.0,0,ACTIVATED
2177,AW3422,CDG - TLL,2025-08-21 19:00:00,2025-08-21 23:45:00,2024-11-25,-269,OPEN,2,186,186,R,78.0,0,0.0,0.0,0.0,0,SCHEDULED
2184,AW3557,HEL - CDG,2025-08-21 20:05:00,2025-08-21 22:50:00,2024-11-25,-269,OPEN,2,189,189,V,272.0,0,0.0,0.0,0.0,0,ACTIVATED
2191,AW7664,CDG - OSL,2025-08-21 20:45:00,2025-08-21 22:25:00,2024-11-25,-269,OPEN,2,189,189,T,47.0,0,0.0,0.0,0.0,0,ACTIVATED
2195,AW4780,CDG - VIE,2025-08-21 21:15:00,2025-08-21 23:25:00,2024-11-25,-269,CANCELLED,2,189,189,,,0,0.0,0.0,0.0,0,UNAVAILABLE
2192,AW7668,CDG - OSL,2025-08-21 21:15:00,2025-08-21 22:55:00,2024-11-25,-269,OPEN,2,189,189,T,47.0,0,0.0,0.0,0.0,0,ACTIVATED
2178,AW3410,CDG - TLL,2025-08-21 22:40:00,2025-08-22 03:25:00,2024-11-25,-269,OPEN,2,189,189,R,78.0,0,0.0,0.0,0.0,0,SCHEDULED
2202,AW3411,TLL - CDG,2025-08-22 04:20:00,2025-08-22 07:10:00,2024-11-25,-270,OPEN,2,189,189,V,299.0,0,0.0,0.0,0.0,0,SCHEDULED
3943,AW7665,OSL - CDG,2025-08-22 06:00:00,2025-08-22 09:30:00,2024-11-25,-271,OPEN,2,189,189,L,140.0,1,120.0,97.21,0.01,1,ACTIVATED
3944,AW7669,OSL - CDG,2025-08-22 06:30:00,2025-08-22 10:00:00,2024-11-25,-271,OPEN,2,189,189,L,140.0,1,120.0,97.39,0.01,1,ACTIVATED
2204,AW3423,TLL - CDG,2025-08-22 06:35:00,2025-08-22 09:25:00,2024-11-25,-270,OPEN,2,186,186,V,299.0,0,0.0,0.0,0.0,0,SCHEDULED
2212,AW4781,VIE - CDG,2025-08-22 06:55:00,2025-08-22 09:00:00,2024-11-25,-270,CANCELLED,2,189,189,,,0,0.0,0.0,0.0,0,UNAVAILABLE
4351,AW7640,CDG - OSL,2025-08-22 07:20:00,2025-08-22 09:00:00,2024-11-25,-270,OPEN,2,186,186,X,53.0,2,100.0,21.48,0.01,2,ACTIVATED
4350,AW3550,CDG - HEL,2025-08-22 07:30:00,2025-08-22 11:50:00,2024-11-25,-270,OPEN,2,189,169,T,70.0,2,264.0,199.22,0.01,2,ACTIVATED
2198,AW3280,CDG - TLL,2025-08-22 09:05:00,2025-08-22 13:50:00,2024-11-25,-270,OPEN,2,186,186,R,78.0,0,0.0,0.0,0.0,0,SCHEDULED
2223,AW7641,OSL - CDG,2025-08-22 09:40:00,2025-08-22 13:10:00,2024-11-25,-271,OPEN,2,186,186,V,185.0,0,0.0,0.0,0.0,0,ACTIVATED
2218,AW4632,CDG - VIE,2025-08-22 10:05:00,2025-08-22 12:15:00,2024-11-25,-270,CANCELLED,2,189,189,,,0,0.0,0.0,0.0,0,UNAVAILABLE
2214,AW7644,CDG - OSL,2025-08-22 11:10:00,2025-08-22 12:50:00,2024-11-25,-270,OPEN,2,189,189,R,50.0,0,0.0,0.0,0.0,0,ACTIVATED
3941,AW3551,HEL - CDG,2025-08-22 12:35:00,2025-08-22 15:20:00,2024-11-25,-270,OPEN,2,189,169,Q,296.0,1,296.0,274.05,0.01,1,ACTIVATED
2210,AW4633,VIE - CDG,2025-08-22 13:05:00,2025-08-22 15:10:00,2024-11-25,-270,CANCELLED,2,189,189,,,0,0.0,0.0,0.0,0,UNAVAILABLE
2200,AW3284,CDG - TLL,2025-08-22 13:25:00,2025-08-22 18:10:00,2024-11-25,-270,OPEN,2,189,189,R,78.0,0,0.0,0.0,0.0,0,SCHEDULED
2224,AW7645,OSL - CDG,2025-08-22 13:35:00,2025-08-22 17:05:00,2024-11-25,-271,OPEN,2,189,189,V,185.0,0,0.0,0.0,0.0,0,ACTIVATED
2199,AW3281,TLL - CDG,2025-08-22 14:50:00,2025-08-22 17:40:00,2024-11-25,-270,OPEN,2,186,186,Q,331.0,0,0.0,0.0,0.0,0,SCHEDULED
3942,AW4636,CDG - VIE,2025-08-22 14:55:00,2025-08-22 17:05:00,2024-11-25,-270,OPEN,2,189,189,R,75.0,1,44.0,11.61,0.01,1,ACTIVATED
2213,AW3558,CDG - HEL,2025-08-22 14:55:00,2025-08-22 19:15:00,2024-11-25,-270,OPEN,2,189,189,T,70.0,0,0.0,0.0,0.0,0,ACTIVATED
2215,AW7648,CDG - OSL,2025-08-22 16:25:00,2025-08-22 18:05:00,2024-11-25,-270,OPEN,2,189,189,X,53.0,0,0.0,0.0,0.0,0,ACTIVATED
2211,AW4637,VIE - CDG,2025-08-22 17:55:00,2025-08-22 20:00:00,2024-11-25,-270,OPEN,2,189,189,X,82.0,0,0.0,0.0,0.0,0,ACTIVATED
2225,AW7649,OSL - CDG,2025-08-22 18:45:00,2025-08-22 22:15:00,2024-11-25,-271,OPEN,2,189,189,V,185.0,0,0.0,0.0,0.0,0,ACTIVATED
2203,AW3422,CDG - TLL,2025-08-22 19:00:00,2025-08-22 23:45:00,2024-11-25,-270,OPEN,2,186,186,R,78.0,0,0.0,0.0,0.0,0,SCHEDULED
2201,AW3285,TLL - CDG,2025-08-22 19:05:00,2025-08-22 21:55:00,2024-11-25,-270,OPEN,2,189,189,Q,331.0,0,0.0,0.0,0.0,0,SCHEDULED
6222,AW3559,HEL - CDG,2025-08-22 20:00:00,2025-08-22 22:45:00,2024-11-25,-270,OPEN,2,189,189,V,272.0,19,4787.0,4369.95,0.1,19,ACTIVATED
2216,AW7664,CDG - OSL,2025-08-22 20:45:00,2025-08-22 22:25:00,2024-11-25,-270,OPEN,2,189,189,R,50.0,0,0.0,0.0,0.0,0,ACTIVATED
2219,AW4780,CDG - VIE,2025-08-22 21:10:00,2025-08-22 23:20:00,2024-11-25,-270,CANCELLED,2,189,189,,,0,0.0,0.0,0.0,0,UNAVAILABLE
2217,AW7668,CDG - OSL,2025-08-22 21:15:00,2025-08-22 22:55:00,2024-11-25,-270,OPEN,2,189,189,R,50.0,0,0.0,0.0,0.0,0,ACTIVATED
2244,AW7665,OSL - CDG,2025-08-23 05:55:00,2025-08-23 09:25:00,2024-11-25,-272,OPEN,2,189,189,Q,208.0,0,0.0,0.0,0.0,0,ACTIVATED
2229,AW4781,VIE - CDG,2025-08-23 06:00:00,2025-08-23 08:05:00,2024-11-25,-271,CANCELLED,2,189,189,,,0,0.0,0.0,0.0,0,UNAVAILABLE
2222,AW4670,CDG - BUD,2025-08-23 06:15:00,2025-08-23 09:20:00,2024-11-25,-271,OPEN,2,186,96,G,49.0,0,0.0,0.0,0.0,0,SCHEDULED
2245,AW7669,OSL - CDG,2025-08-23 06:25:00,2025-08-23 09:55:00,2024-11-25,-272,OPEN,2,189,189,Q,208.0,0,0.0,0.0,0.0,0,ACTIVATED
2221,AW3423,TLL - CDG,2025-08-23 06:45:00,2025-08-23 09:35:00,2024-11-25,-271,OPEN,2,186,186,H,364.0,0,0.0,0.0,0.0,0,SCHEDULED
4354,AW3550,CDG - HEL,2025-08-23 08:35:00,2025-08-23 12:55:00,2024-11-25,-271,OPEN,2,189,189,T,70.0,2,338.0,259.48,0.01,2,ACTIVATED
4352,AW3280,CDG - TLL,2025-08-23 09:00:00,2025-08-23 13:45:00,2024-11-25,-271,OPEN,2,189,189,X,82.0,2,164.0,31.48,0.01,2,SCHEDULED
5054,AW4671,BUD - CDG,2025-08-23 10:05:00,2025-08-23 15:00:00,2024-11-25,-272,OPEN,2,186,96,M,316.0,5,1661.0,1611.9,0.05,5,DEACTIVATED
2236,AW4636,CDG - VIE,2025-08-23 10:10:00,2025-08-23 12:20:00,2024-11-25,-271,CANCELLED,2,189,189,,,0,0.0,0.0,0.0,0,UNAVAILABLE
5053,AW3288,CDG - TLL,2025-08-23 10:15:00,2025-08-23 15:00:00,2024-11-25,-271,OPEN,2,186,186,L,85.0,5,615.0,321.15,0.03,5,SCHEDULED
2230,AW7644,CDG - OSL,2025-08-23 10:20:00,2025-08-23 12:00:00,2024-11-25,-271,OPEN,2,189,179,V,65.0,0,0.0,0.0,0.0,0,ACTIVATED
4862,AW7645,OSL - CDG,2025-08-23 12:40:00,2025-08-23 16:10:00,2024-11-25,-272,OPEN,2,189,179,H,230.0,4,920.0,828.84,0.02,4,ACTIVATED
2228,AW4637,VIE - CDG,2025-08-23 13:10:00,2025-08-23 15:15:00,2024-11-25,-271,CANCELLED,2,189,189,,,0,0.0,0.0,0.0,0,UNAVAILABLE
2235,AW4634,CDG - VIE,2025-08-23 13:35:00,2025-08-23 15:45:00,2024-11-25,-271,OPEN,2,189,189,T,66.0,0,0.0,0.0,0.0,0,ACTIVATED
2226,AW3551,HEL - CDG,2025-08-23 13:40:00,2025-08-23 16:25:00,2024-11-25,-271,OPEN,2,189,189,H,321.0,0,0.0,0.0,0.0,0,ACTIVATED
4353,AW3281,TLL - CDG,2025-08-23 14:40:00,2025-08-23 17:30:00,2024-11-25,-271,OPEN,2,189,189,Q,331.0,2,768.0,722.0,0.01,2,SCHEDULED
2232,AW7658,CDG - OSL,2025-08-23 15:20:00,2025-08-23 17:00:00,2024-11-25,-271,OPEN,2,189,189,R,50.0,0,0.0,0.0,0.0,0,ACTIVATED
4861,AW3289,TLL - CDG,2025-08-23 16:00:00,2025-08-23 18:50:00,2024-11-25,-271,OPEN,2,186,186,H,364.0,4,1456.0,1364.0,0.02,4,SCHEDULED
2227,AW4635,VIE - CDG,2025-08-23 16:40:00,2025-08-23 18:45:00,2024-11-25,-271,OPEN,2,189,189,L,94.0,0,0.0,0.0,0.0,0,ACTIVATED
2231,AW7646,CDG - OSL,2025-08-23 16:45:00,2025-08-23 18:25:00,2024-11-25,-271,OPEN,2,186,186,X,53.0,0,0.0,0.0,0.0,0,ACTIVATED
2243,AW7659,OSL - CDG,2025-08-23 17:40:00,2025-08-23 21:10:00,2024-11-25,-272,OPEN,2,189,189,M,255.0,0,0.0,0.0,0.0,0,ACTIVATED
2220,AW3422,CDG - TLL,2025-08-23 19:00:00,2025-08-23 23:45:00,2024-11-25,-271,OPEN,2,186,186,R,78.0,0,0.0,0.0,0.0,0,SCHEDULED
2242,AW7647,OSL - CDG,2025-08-23 19:05:00,2025-08-23 22:35:00,2024-11-25,-272,OPEN,2,186,186,M,255.0,0,0.0,0.0,0.0,0,ACTIVATED
2233,AW7664,CDG - OSL,2025-08-23 20:45:00,2025-08-23 22:25:00,2024-11-25,-271,OPEN,2,189,189,T,47.0,0,0.0,0.0,0.0,0,ACTIVATED
2234,AW7668,CDG - OSL,2025-08-23 21:15:00,2025-08-23 22:55:00,2024-11-25,-271,OPEN,2,189,189,T,47.0,0,0.0,0.0,0.0,0,ACTIVATED
2237,AW4780,CDG - VIE,2025-08-23 21:15:00,2025-08-23 23:25:00,2024-11-25,-271,CANCELLED,2,189,189,,,0,0.0,0.0,0.0,0,UNAVAILABLE
2249,AW4781,VIE - CDG,2025-08-24 06:00:00,2025-08-24 08:05:00,2024-11-25,-272,CANCELLED,2,189,189,,,0,0.0,0.0,0.0,0,UNAVAILABLE
2265,AW7669,OSL - CDG,2025-08-24 06:00:00,2025-08-24 09:30:00,2024-11-25,-273,OPEN,2,189,189,Q,208.0,0,0.0,0.0,0.0,0,ACTIVATED
2264,AW7665,OSL - CDG,2025-08-24 06:30:00,2025-08-24 10:00:00,2024-11-25,-273,OPEN,2,189,189,Q,208.0,0,0.0,0.0,0.0,0,ACTIVATED
2241,AW3423,TLL - CDG,2025-08-24 07:00:00,2025-08-24 09:50:00,2024-11-25,-272,OPEN,2,186,186,Q,331.0,0,0.0,0.0,0.0,0,SCHEDULED
2252,AW7640,CDG - OSL,2025-08-24 07:20:00,2025-08-24 09:00:00,2024-11-25,-272,OPEN,2,189,189,T,47.0,0,0.0,0.0,0.0,0,ACTIVATED
2238,AW3280,CDG - TLL,2025-08-24 08:05:00,2025-08-24 12:50:00,2024-11-25,-272,OPEN,2,189,189,R,78.0,0,0.0,0.0,0.0,0,SCHEDULED
2262,AW7641,OSL - CDG,2025-08-24 09:40:00,2025-08-24 13:10:00,2024-11-25,-273,OPEN,2,189,189,Q,208.0,0,0.0,0.0,0.0,0,ACTIVATED
4357,AW7658,CDG - OSL,2025-08-24 10:20:00,2025-08-24 12:00:00,2024-11-25,-272,OPEN,2,189,189,T,47.0,2,86.0,21.22,0.01,2,ACTIVATED
2257,AW4638,CDG - VIE,2025-08-24 10:55:00,2025-08-24 13:05:00,2024-11-25,-272,CANCELLED,2,189,189,,,0,0.0,0.0,0.0,0,UNAVAILABLE
3945,AW3288,CDG - TLL,2025-08-24 10:55:00,2025-08-24 15:40:00,2024-11-25,-272,OPEN,2,186,186,X,82.0,1,78.0,19.23,0.01,1,SCHEDULED
2263,AW7659,OSL - CDG,2025-08-24 12:40:00,2025-08-24 16:10:00,2024-11-25,-273,OPEN,2,189,189,M,255.0,0,0.0,0.0,0.0,0,ACTIVATED
4355,AW3281,TLL - CDG,2025-08-24 13:45:00,2025-08-24 16:35:00,2024-11-25,-272,OPEN,2,189,189,Q,331.0,2,376.0,330.0,0.01,2,SCHEDULED
2248,AW4639,VIE - CDG,2025-08-24 13:55:00,2025-08-24 16:00:00,2024-11-25,-272,CANCELLED,2,189,189,,,0,0.0,0.0,0.0,0,UNAVAILABLE
2256,AW4636,CDG - VIE,2025-08-24 14:35:00,2025-08-24 16:45:00,2024-11-25,-272,OPEN,2,189,189,R,75.0,0,0.0,0.0,0.0,0,ACTIVATED
2250,AW3556,CDG - HEL,2025-08-24 14:45:00,2025-08-24 19:05:00,2024-11-25,-272,OPEN,2,189,189,T,70.0,0,0.0,0.0,0.0,0,ACTIVATED
2251,AW3558,CDG - HEL,2025-08-24 15:00:00,2025-08-24 19:20:00,2024-11-25,-272,OPEN,2,189,189,T,70.0,0,0.0,0.0,0.0,0,ACTIVATED
2239,AW3289,TLL - CDG,2025-08-24 16:40:00,2025-08-24 19:30:00,2024-11-25,-272,OPEN,2,186,186,H,364.0,0,0.0,0.0,0.0,0,SCHEDULED
2253,AW7646,CDG - OSL,2025-08-24 16:45:00,2025-08-24 18:25:00,2024-11-25,-272,OPEN,2,189,189,R,50.0,0,0.0,0.0,0.0,0,ACTIVATED
2247,AW4637,VIE - CDG,2025-08-24 17:30:00,2025-08-24 19:35:00,2024-11-25,-272,OPEN,2,189,189,V,124.0,0,0.0,0.0,0.0,0,ACTIVATED
2240,AW3422,CDG - TLL,2025-08-24 19:00:00,2025-08-24 23:45:00,2024-11-25,-272,OPEN,2,186,186,R,78.0,0,0.0,0.0,0.0,0,SCHEDULED
4863,AW7647,OSL - CDG,2025-08-24 19:05:00,2025-08-24 22:35:00,2024-11-25,-273,OPEN,2,189,189,M,255.0,4,1108.0,1017.56,0.02,4,ACTIVATED
4356,AW3557,HEL - CDG,2025-08-24 19:50:00,2025-08-24 22:35:00,2024-11-25,-272,OPEN,2,189,189,Q,296.0,2,768.0,724.1,0.01,2,ACTIVATED
2246,AW3559,HEL - CDG,2025-08-24 20:05:00,2025-08-24 22:50:00,2024-11-25,-272,OPEN,2,189,189,K,249.0,0,0.0,0.0,0.0,0,ACTIVATED
2254,AW7664,CDG - OSL,2025-08-24 20:45:00,2025-08-24 22:25:00,2024-11-25,-272,OPEN,2,189,189,R,50.0,0,0.0,0.0,0.0,0,ACTIVATED
2255,AW7668,CDG - OSL,2025-08-24 21:15:00,2025-08-24 22:55:00,2024-11-25,-272,OPEN,2,189,189,R,50.0,0,0.0,0.0,0.0,0,ACTIVATED
2258,AW4780,CDG - VIE,2025-08-24 21:25:00,2025-08-24 23:35:00,2024-11-25,-272,CANCELLED,2,189,189,,,0,0.0,0.0,0.0,0,UNAVAILABLE
2288,AW7669,OSL - CDG,2025-08-25 05:55:00,2025-08-25 09:25:00,2024-11-25,-274,OPEN,2,189,189,X,120.0,0,0.0,0.0,0.0,0,ACTIVATED
2269,AW4781,VIE - CDG,2025-08-25 06:00:00,2025-08-25 08:05:00,2024-11-25,-273,CANCELLED,2,189,189,,,0,0.0,0.0,0.0,0,UNAVAILABLE
2287,AW7665,OSL - CDG,2025-08-25 06:30:00,2025-08-25 10:00:00,2024-11-25,-274,OPEN,2,189,189,X,120.0,0,0.0,0.0,0.0,0,ACTIVATED
4592,AW3423,TLL - CDG,2025-08-25 06:45:00,2025-08-25 09:35:00,2024-11-25,-273,OPEN,2,186,186,K,269.0,3,807.0,738.0,0.02,3,SCHEDULED
2271,AW7640,CDG - OSL,2025-08-25 07:15:00,2025-08-25 08:55:00,2024-11-25,-273,OPEN,2,189,189,T,47.0,0,0.0,0.0,0.0,0,ACTIVATED
2260,AW3284,CDG - TLL,2025-08-25 07:45:00,2025-08-25 12:30:00,2024-11-25,-273,OPEN,2,186,186,R,78.0,0,0.0,0.0,0.0,0,SCHEDULED
4360,AW3550,CDG - HEL,2025-08-25 08:20:00,2025-08-25 12:40:00,2024-11-25,-273,OPEN,2,189,189,G,65.0,2,264.0,185.48,0.01,2,ACTIVATED
2284,AW7641,OSL - CDG,2025-08-25 09:35:00,2025-08-25 13:05:00,2024-11-25,-274,OPEN,2,189,189,V,185.0,0,0.0,0.0,0.0,0,ACTIVATED
2276,AW4632,CDG - VIE,2025-08-25 10:05:00,2025-08-25 12:15:00,2024-11-25,-273,CANCELLED,2,189,189,,,0,0.0,0.0,0.0,0,UNAVAILABLE
2259,AW3280,CDG - TLL,2025-08-25 10:10:00,2025-08-25 14:55:00,2024-11-25,-273,OPEN,2,186,186,R,78.0,0,0.0,0.0,0.0,0,SCHEDULED
2272,AW7644,CDG - OSL,2025-08-25 11:10:00,2025-08-25 12:50:00,2024-11-25,-273,OPEN,2,189,189,T,47.0,0,0.0,0.0,0.0,0,ACTIVATED
2267,AW4633,VIE - CDG,2025-08-25 13:05:00,2025-08-25 15:10:00,2024-11-25,-273,CANCELLED,2,189,189,,,0,0.0,0.0,0.0,0,UNAVAILABLE
4358,AW3285,TLL - CDG,2025-08-25 13:25:00,2025-08-25 16:15:00,2024-11-25,-273,OPEN,2,186,186,V,299.0,2,598.0,552.0,0.01,2,SCHEDULED
2266,AW3551,HEL - CDG,2025-08-25 13:25:00,2025-08-25 16:10:00,2024-11-25,-273,OPEN,2,189,189,K,249.0,0,0.0,0.0,0.0,0,ACTIVATED
2285,AW7645,OSL - CDG,2025-08-25 13:35:00,2025-08-25 17:05:00,2024-11-25,-274,OPEN,2,189,189,K,163.0,0,0.0,0.0,0.0,0,ACTIVATED
2277,AW4634,CDG - VIE,2025-08-25 14:30:00,2025-08-25 16:40:00,2024-11-25,-273,OPEN,2,189,189,G,58.0,0,0.0,0.0,0.0,0,ACTIVATED
2270,AW3558,CDG - HEL,2025-08-25 14:55:00,2025-08-25 19:15:00,2024-11-25,-273,OPEN,2,189,189,G,65.0,0,0.0,0.0,0.0,0,ACTIVATED
4591,AW3281,TLL - CDG,2025-08-25 15:55:00,2025-08-25 18:45:00,2024-11-25,-273,OPEN,2,186,186,V,299.0,3,1056.0,987.0,0.02,3,SCHEDULED
2273,AW7648,CDG - OSL,2025-08-25 16:50:00,2025-08-25 18:30:00,2024-11-25,-273,OPEN,2,189,189,T,47.0,0,0.0,0.0,0.0,0,ACTIVATED
2268,AW4635,VIE - CDG,2025-08-25 17:30:00,2025-08-25 19:35:00,2024-11-25,-273,OPEN,2,189,189,L,94.0,0,0.0,0.0,0.0,0,ACTIVATED
2261,AW3422,CDG - TLL,2025-08-25 19:00:00,2025-08-25 23:45:00,2024-11-25,-273,OPEN,2,186,186,R,78.0,0,0.0,0.0,0.0,0,SCHEDULED
2286,AW7649,OSL - CDG,2025-08-25 19:10:00,2025-08-25 22:40:00,2024-11-25,-274,OPEN,2,189,189,K,163.0,0,0.0,0.0,0.0,0,ACTIVATED
4359,AW3559,HEL - CDG,2025-08-25 20:00:00,2025-08-25 22:45:00,2024-11-25,-273,OPEN,2,189,189,V,272.0,2,544.0,500.1,0.01,2,ACTIVATED
2274,AW7664,CDG - OSL,2025-08-25 20:45:00,2025-08-25 22:25:00,2024-11-25,-273,OPEN,2,189,189,T,47.0,0,0.0,0.0,0.0,0,ACTIVATED
2275,AW7668,CDG - OSL,2025-08-25 21:15:00,2025-08-25 22:55:00,2024-11-25,-273,OPEN,2,189,189,T,47.0,0,0.0,0.0,0.0,0,ACTIVATED
2278,AW4780,CDG - VIE,2025-08-25 21:20:00,2025-08-25 23:30:00,2024-11-25,-273,CANCELLED,2,189,189,,,0,0.0,0.0,0.0,0,UNAVAILABLE
2312,AW7669,OSL - CDG,2025-08-26 06:00:00,2025-08-26 09:30:00,2024-11-25,-275,OPEN,2,189,189,X,120.0,0,0.0,0.0,0.0,0,ACTIVATED
2291,AW4781,VIE - CDG,2025-08-26 06:00:00,2025-08-26 08:05:00,2024-11-25,-274,CANCELLED,2,189,189,,,0,0.0,0.0,0.0,0,UNAVAILABLE
3946,AW4670,CDG - BUD,2025-08-26 06:15:00,2025-08-26 09:20:00,2024-11-25,-274,OPEN,2,186,99,G,49.0,1,234.0,194.74,0.01,1,SCHEDULED
2311,AW7665,OSL - CDG,2025-08-26 06:30:00,2025-08-26 10:00:00,2024-11-25,-275,OPEN,2,189,189,X,120.0,0,0.0,0.0,0.0,0,ACTIVATED
4361,AW3423,TLL - CDG,2025-08-26 06:45:00,2025-08-26 09:35:00,2024-11-25,-274,OPEN,2,186,186,L,243.0,2,250.0,204.0,0.01,2,SCHEDULED
2293,AW7640,CDG - OSL,2025-08-26 07:15:00,2025-08-26 08:55:00,2024-11-25,-274,OPEN,2,189,136,G,45.0,0,0.0,0.0,0.0,0,ACTIVATED
2309,AW7641,OSL - CDG,2025-08-26 09:35:00,2025-08-26 13:05:00,2024-11-25,-275,OPEN,2,189,136,H,230.0,0,0.0,0.0,0.0,0,ACTIVATED
2281,AW3288,CDG - TLL,2025-08-26 09:50:00,2025-08-26 14:35:00,2024-11-25,-274,OPEN,2,186,186,R,78.0,0,0.0,0.0,0.0,0,SCHEDULED
5206,AW4671,BUD - CDG,2025-08-26 10:05:00,2025-08-26 15:00:00,2024-11-25,-275,OPEN,2,186,99,I,346.0,6,1986.0,1927.08,0.06,6,DEACTIVATED
2298,AW4632,CDG - VIE,2025-08-26 10:05:00,2025-08-26 12:15:00,2024-11-25,-274,CANCELLED,2,189,189,,,0,0.0,0.0,0.0,0,UNAVAILABLE
2292,AW3558,CDG - HEL,2025-08-26 11:30:00,2025-08-26 15:50:00,2024-11-25,-274,OPEN,2,189,189,G,65.0,0,0.0,0.0,0.0,0,ACTIVATED
2294,AW7644,CDG - OSL,2025-08-26 11:50:00,2025-08-26 13:30:00,2024-11-25,-274,OPEN,2,189,189,T,47.0,0,0.0,0.0,0.0,0,ACTIVATED
2289,AW4633,VIE - CDG,2025-08-26 13:05:00,2025-08-26 15:10:00,2024-11-25,-274,CANCELLED,2,189,189,,,0,0.0,0.0,0.0,0,UNAVAILABLE
3947,AW7645,OSL - CDG,2025-08-26 14:15:00,2025-08-26 17:45:00,2024-11-25,-275,OPEN,2,189,189,V,185.0,1,210.0,187.21,0.01,1,ACTIVATED
2279,AW3286,CDG - TLL,2025-08-26 14:20:00,2025-08-26 19:05:00,2024-11-25,-274,OPEN,2,186,186,R,78.0,0,0.0,0.0,0.0,0,SCHEDULED
2299,AW4636,CDG - VIE,2025-08-26 15:00:00,2025-08-26 17:10:00,2024-11-25,-274,OPEN,2,189,189,G,58.0,0,0.0,0.0,0.0,0,ACTIVATED
5205,AW3289,TLL - CDG,2025-08-26 15:35:00,2025-08-26 18:25:00,2024-11-25,-274,OPEN,2,186,186,V,299.0,6,1510.0,1372.0,0.03,6,SCHEDULED
6407,AW3559,HEL - CDG,2025-08-26 16:35:00,2025-08-26 19:20:00,2024-11-25,-274,OPEN,2,189,189,V,272.0,25,6998.0,6449.25,0.13,25,ACTIVATED
2295,AW7648,CDG - OSL,2025-08-26 16:45:00,2025-08-26 18:25:00,2024-11-25,-274,OPEN,2,189,189,G,45.0,0,0.0,0.0,0.0,0,ACTIVATED
2290,AW4637,VIE - CDG,2025-08-26 18:00:00,2025-08-26 20:05:00,2024-11-25,-274,OPEN,2,189,189,V,124.0,0,0.0,0.0,0.0,0,ACTIVATED
2282,AW3422,CDG - TLL,2025-08-26 19:00:00,2025-08-26 23:45:00,2024-11-25,-274,OPEN,2,186,186,R,78.0,0,0.0,0.0,0.0,0,SCHEDULED
2310,AW7649,OSL - CDG,2025-08-26 19:05:00,2025-08-26 22:35:00,2024-11-25,-275,OPEN,2,189,189,V,185.0,0,0.0,0.0,0.0,0,ACTIVATED
2280,AW3287,TLL - CDG,2025-08-26 20:00:00,2025-08-26 22:50:00,2024-11-25,-274,OPEN,2,186,186,K,269.0,0,0.0,0.0,0.0,0,SCHEDULED
2296,AW7664,CDG - OSL,2025-08-26 20:45:00,2025-08-26 22:25:00,2024-11-25,-274,OPEN,2,189,189,T,47.0,0,0.0,0.0,0.0,0,ACTIVATED
2297,AW7668,CDG - OSL,2025-08-26 21:15:00,2025-08-26 22:55:00,2024-11-25,-274,OPEN,2,189,189,T,47.0,0,0.0,0.0,0.0,0,ACTIVATED
2300,AW4780,CDG - VIE,2025-08-26 21:20:00,2025-08-26 23:30:00,2024-11-25,-274,CANCELLED,2,189,189,,,0,0.0,0.0,0.0,0,UNAVAILABLE
2283,AW3410,CDG - TLL,2025-08-26 22:40:00,2025-08-27 03:25:00,2024-11-25,-274,OPEN,2,189,189,R,78.0,0,0.0,0.0,0.0,0,SCHEDULED
2306,AW3411,TLL - CDG,2025-08-27 04:20:00,2025-08-27 07:10:00,2024-11-25,-275,OPEN,2,189,189,K,269.0,0,0.0,0.0,0.0,0,SCHEDULED
2334,AW7665,OSL - CDG,2025-08-27 06:00:00,2025-08-27 09:30:00,2024-11-25,-276,OPEN,2,189,189,V,185.0,0,0.0,0.0,0.0,0,ACTIVATED
2316,AW4781,VIE - CDG,2025-08-27 06:15:00,2025-08-27 08:20:00,2024-11-25,-275,CANCELLED,2,189,189,,,0,0.0,0.0,0.0,0,UNAVAILABLE
4364,AW7669,OSL - CDG,2025-08-27 06:30:00,2025-08-27 10:00:00,2024-11-25,-276,OPEN,2,189,189,V,185.0,2,280.0,234.78,0.01,2,ACTIVATED
2308,AW3423,TLL - CDG,2025-08-27 06:45:00,2025-08-27 09:35:00,2024-11-25,-275,OPEN,2,186,186,K,269.0,0,0.0,0.0,0.0,0,SCHEDULED
2318,AW7640,CDG - OSL,2025-08-27 07:15:00,2025-08-27 08:55:00,2024-11-25,-275,OPEN,2,186,186,T,47.0,0,0.0,0.0,0.0,0,ACTIVATED
4864,AW3550,CDG - HEL,2025-08-27 08:30:00,2025-08-27 12:50:00,2024-11-25,-275,OPEN,2,189,189,G,65.0,4,506.0,348.96,0.02,4,ACTIVATED
2333,AW7641,OSL - CDG,2025-08-27 09:35:00,2025-08-27 13:05:00,2024-11-25,-276,OPEN,2,186,186,L,140.0,0,0.0,0.0,0.0,0,ACTIVATED
4362,AW3284,CDG - TLL,2025-08-27 10:05:00,2025-08-27 14:50:00,2024-11-25,-275,OPEN,2,189,189,X,82.0,2,246.0,128.46,0.01,2,SCHEDULED
2323,AW4632,CDG - VIE,2025-08-27 10:15:00,2025-08-27 12:25:00,2024-11-25,-275,CANCELLED,2,189,189,,,0,0.0,0.0,0.0,0,UNAVAILABLE
2304,AW3288,CDG - TLL,2025-08-27 10:55:00,2025-08-27 15:40:00,2024-11-25,-275,OPEN,2,186,186,R,78.0,0,0.0,0.0,0.0,0,SCHEDULED
2319,AW7644,CDG - OSL,2025-08-27 11:50:00,2025-08-27 13:30:00,2024-11-25,-275,OPEN,2,189,189,R,50.0,0,0.0,0.0,0.0,0,ACTIVATED
2314,AW4633,VIE - CDG,2025-08-27 13:15:00,2025-08-27 15:20:00,2024-11-25,-275,CANCELLED,2,189,189,,,0,0.0,0.0,0.0,0,UNAVAILABLE
2313,AW3551,HEL - CDG,2025-08-27 13:35:00,2025-08-27 16:20:00,2024-11-25,-275,OPEN,2,189,189,K,249.0,0,0.0,0.0,0.0,0,ACTIVATED
4594,AW7645,OSL - CDG,2025-08-27 14:10:00,2025-08-27 17:40:00,2024-11-25,-276,OPEN,2,189,189,V,185.0,3,696.0,628.17,0.02,3,ACTIVATED
2317,AW3558,CDG - HEL,2025-08-27 14:20:00,2025-08-27 18:40:00,2024-11-25,-275,OPEN,2,189,189,G,65.0,0,0.0,0.0,0.0,0,ACTIVATED
2302,AW3286,CDG - TLL,2025-08-27 14:20:00,2025-08-27 19:05:00,2024-11-25,-275,OPEN,2,186,186,R,78.0,0,0.0,0.0,0.0,0,SCHEDULED
2324,AW4636,CDG - VIE,2025-08-27 14:40:00,2025-08-27 16:50:00,2024-11-25,-275,OPEN,2,189,189,G,58.0,0,0.0,0.0,0.0,0,ACTIVATED
2301,AW3285,TLL - CDG,2025-08-27 15:45:00,2025-08-27 18:35:00,2024-11-25,-275,OPEN,2,189,189,K,269.0,0,0.0,0.0,0.0,0,SCHEDULED
2305,AW3289,TLL - CDG,2025-08-27 16:40:00,2025-08-27 19:30:00,2024-11-25,-275,OPEN,2,186,186,K,269.0,0,0.0,0.0,0.0,0,SCHEDULED
2320,AW7646,CDG - OSL,2025-08-27 16:45:00,2025-08-27 18:25:00,2024-11-25,-275,OPEN,2,189,189,T,47.0,0,0.0,0.0,0.0,0,ACTIVATED
2315,AW4637,VIE - CDG,2025-08-27 17:40:00,2025-08-27 19:45:00,2024-11-25,-275,OPEN,2,189,189,V,124.0,0,0.0,0.0,0.0,0,ACTIVATED
2307,AW3422,CDG - TLL,2025-08-27 19:00:00,2025-08-27 23:45:00,2024-11-25,-275,OPEN,2,186,186,R,78.0,0,0.0,0.0,0.0,0,SCHEDULED
4595,AW7647,OSL - CDG,2025-08-27 19:10:00,2025-08-27 22:40:00,2024-11-25,-276,OPEN,2,189,189,K,163.0,3,816.0,748.17,0.02,3,ACTIVATED
4593,AW3559,HEL - CDG,2025-08-27 19:25:00,2025-08-27 22:10:00,2024-11-25,-275,OPEN,2,189,189,V,272.0,3,975.0,909.15,0.02,3,ACTIVATED
2303,AW3287,TLL - CDG,2025-08-27 20:00:00,2025-08-27 22:50:00,2024-11-25,-275,OPEN,2,186,186,K,269.0,0,0.0,0.0,0.0,0,SCHEDULED
2321,AW7664,CDG - OSL,2025-08-27 20:45:00,2025-08-27 22:25:00,2024-11-25,-275,OPEN,2,189,189,R,50.0,0,0.0,0.0,0.0,0,ACTIVATED
2322,AW7668,CDG - OSL,2025-08-27 21:15:00,2025-08-27 22:55:00,2024-11-25,-275,OPEN,2,189,189,R,50.0,0,0.0,0.0,0.0,0,ACTIVATED
2325,AW4780,CDG - VIE,2025-08-27 21:20:00,2025-08-27 23:30:00,2024-11-25,-275,CANCELLED,2,189,189,,,0,0.0,0.0,0.0,0,UNAVAILABLE
2353,AW7665,OSL - CDG,2025-08-28 06:00:00,2025-08-28 09:30:00,2024-11-25,-277,OPEN,2,189,189,X,120.0,0,0.0,0.0,0.0,0,ACTIVATED
2337,AW4781,VIE - CDG,2025-08-28 06:00:00,2025-08-28 08:05:00,2024-11-25,-276,CANCELLED,2,189,189,,,0,0.0,0.0,0.0,0,UNAVAILABLE
2354,AW7669,OSL - CDG,2025-08-28 06:30:00,2025-08-28 10:00:00,2024-11-25,-277,OPEN,2,189,189,X,120.0,0,0.0,0.0,0.0,0,ACTIVATED
4363,AW3423,TLL - CDG,2025-08-28 06:45:00,2025-08-28 09:35:00,2024-11-25,-276,OPEN,2,186,186,K,269.0,2,644.0,598.0,0.01,2,SCHEDULED
2339,AW7640,CDG - OSL,2025-08-28 07:15:00,2025-08-28 08:55:00,2024-11-25,-276,OPEN,2,186,186,T,47.0,0,0.0,0.0,0.0,0,ACTIVATED
2332,AW3550,CDG - HEL,2025-08-28 08:05:00,2025-08-28 12:30:00,2024-11-25,-276,CANCELLED,2,189,189,,,0,0.0,0.0,0.0,0,UNAVAILABLE
4367,AW7641,OSL - CDG,2025-08-28 09:35:00,2025-08-28 13:05:00,2024-11-25,-277,OPEN,2,186,186,L,140.0,2,326.0,280.78,0.01,2,ACTIVATED
2344,AW4632,CDG - VIE,2025-08-28 09:45:00,2025-08-28 11:55:00,2024-11-25,-276,CANCELLED,2,189,189,,,0,0.0,0.0,0.0,0,UNAVAILABLE
2329,AW4670,CDG - BUD,2025-08-28 10:05:00,2025-08-28 13:10:00,2024-11-25,-276,OPEN,2,189,99,G,49.0,0,0.0,0.0,0.0,0,SCHEDULED
2326,AW3288,CDG - TLL,2025-08-28 11:25:00,2025-08-28 16:10:00,2024-11-25,-276,OPEN,2,186,186,R,78.0,0,0.0,0.0,0.0,0,SCHEDULED
2340,AW7644,CDG - OSL,2025-08-28 11:50:00,2025-08-28 13:30:00,2024-11-25,-276,OPEN,2,189,189,X,53.0,0,0.0,0.0,0.0,0,ACTIVATED
2335,AW4633,VIE - CDG,2025-08-28 12:45:00,2025-08-28 14:50:00,2024-11-25,-276,CANCELLED,2,189,189,,,0,0.0,0.0,0.0,0,UNAVAILABLE
2331,AW3551,HEL - CDG,2025-08-28 13:15:00,2025-08-28 16:00:00,2024-11-25,-276,CANCELLED,2,189,189,,,0,0.0,0.0,0.0,0,UNAVAILABLE
2347,AW4671,BUD - CDG,2025-08-28 13:55:00,2025-08-28 18:50:00,2024-11-25,-277,OPEN,2,189,99,M,316.0,0,0.0,0.0,0.0,0,DEACTIVATED
2351,AW7645,OSL - CDG,2025-08-28 14:15:00,2025-08-28 17:45:00,2024-11-25,-277,OPEN,2,189,189,K,163.0,0,0.0,0.0,0.0,0,ACTIVATED
2345,AW4636,CDG - VIE,2025-08-28 14:30:00,2025-08-28 16:40:00,2024-11-25,-276,OPEN,2,189,189,G,58.0,0,0.0,0.0,0.0,0,ACTIVATED
2338,AW3556,CDG - HEL,2025-08-28 15:00:00,2025-08-28 19:20:00,2024-11-25,-276,OPEN,2,189,189,G,65.0,0,0.0,0.0,0.0,0,ACTIVATED
2341,AW7646,CDG - OSL,2025-08-28 15:20:00,2025-08-28 17:00:00,2024-11-25,-276,OPEN,2,189,189,X,53.0,0,0.0,0.0,0.0,0,ACTIVATED
2327,AW3289,TLL - CDG,2025-08-28 17:10:00,2025-08-28 20:00:00,2024-11-25,-276,OPEN,2,186,186,K,269.0,0,0.0,0.0,0.0,0,SCHEDULED
2336,AW4637,VIE - CDG,2025-08-28 17:30:00,2025-08-28 19:35:00,2024-11-25,-276,OPEN,2,189,189,V,124.0,0,0.0,0.0,0.0,0,ACTIVATED
2352,AW7647,OSL - CDG,2025-08-28 17:40:00,2025-08-28 21:10:00,2024-11-25,-277,OPEN,2,189,189,K,163.0,0,0.0,0.0,0.0,0,ACTIVATED
2328,AW3422,CDG - TLL,2025-08-28 19:00:00,2025-08-28 23:45:00,2024-11-25,-276,OPEN,2,186,186,R,78.0,0,0.0,0.0,0.0,0,SCHEDULED
3948,AW3557,HEL - CDG,2025-08-28 20:05:00,2025-08-28 22:50:00,2024-11-25,-276,OPEN,2,189,183,V,272.0,1,272.0,250.05,0.01,1,ACTIVATED
2342,AW7664,CDG - OSL,2025-08-28 20:45:00,2025-08-28 22:25:00,2024-11-25,-276,OPEN,2,189,189,T,47.0,0,0.0,0.0,0.0,0,ACTIVATED
2346,AW4780,CDG - VIE,2025-08-28 21:15:00,2025-08-28 23:25:00,2024-11-25,-276,CANCELLED,2,189,189,,,0,0.0,0.0,0.0,0,UNAVAILABLE
2343,AW7668,CDG - OSL,2025-08-28 21:15:00,2025-08-28 22:55:00,2024-11-25,-276,OPEN,2,189,189,T,47.0,0,0.0,0.0,0.0,0,ACTIVATED
2330,AW3410,CDG - TLL,2025-08-28 22:40:00,2025-08-29 03:25:00,2024-11-25,-276,OPEN,2,189,189,R,78.0,0,0.0,0.0,0.0,0,SCHEDULED
2349,AW3411,TLL - CDG,2025-08-29 04:20:00,2025-08-29 07:10:00,2024-11-25,-277,OPEN,2,189,189,K,269.0,0,0.0,0.0,0.0,0,SCHEDULED
2371,AW7665,OSL - CDG,2025-08-29 06:00:00,2025-08-29 09:30:00,2024-11-25,-278,OPEN,2,189,189,X,120.0,0,0.0,0.0,0.0,0,ACTIVATED
2372,AW7669,OSL - CDG,2025-08-29 06:30:00,2025-08-29 10:00:00,2024-11-25,-278,OPEN,2,189,189,X,120.0,0,0.0,0.0,0.0,0,ACTIVATED
5207,AW3423,TLL - CDG,2025-08-29 06:35:00,2025-08-29 09:25:00,2024-11-25,-277,OPEN,2,186,186,K,269.0,6,864.0,726.0,0.03,6,SCHEDULED
2358,AW4781,VIE - CDG,2025-08-29 06:55:00,2025-08-29 09:00:00,2024-11-25,-277,CANCELLED,2,189,189,,,0,0.0,0.0,0.0,0,UNAVAILABLE
4598,AW7640,CDG - OSL,2025-08-29 07:20:00,2025-08-29 09:00:00,2024-11-25,-277,OPEN,2,186,186,G,45.0,3,131.0,26.96,0.02,3,ACTIVATED
4368,AW3550,CDG - HEL,2025-08-29 07:30:00,2025-08-29 11:50:00,2024-11-25,-277,OPEN,2,189,169,G,65.0,2,168.0,89.48,0.01,2,ACTIVATED
4365,AW3280,CDG - TLL,2025-08-29 09:05:00,2025-08-29 13:50:00,2024-11-25,-277,OPEN,2,186,186,X,82.0,2,164.0,31.48,0.01,2,SCHEDULED
2369,AW7641,OSL - CDG,2025-08-29 09:40:00,2025-08-29 13:10:00,2024-11-25,-278,OPEN,2,186,186,X,120.0,0,0.0,0.0,0.0,0,ACTIVATED
2362,AW4632,CDG - VIE,2025-08-29 10:05:00,2025-08-29 12:15:00,2024-11-25,-277,CANCELLED,2,189,189,,,0,0.0,0.0,0.0,0,UNAVAILABLE
4369,AW7644,CDG - OSL,2025-08-29 11:10:00,2025-08-29 12:50:00,2024-11-25,-277,OPEN,2,189,189,X,53.0,2,142.0,63.48,0.01,2,ACTIVATED
2355,AW3551,HEL - CDG,2025-08-29 12:35:00,2025-08-29 15:20:00,2024-11-25,-277,OPEN,2,189,169,K,249.0,0,0.0,0.0,0.0,0,ACTIVATED
2356,AW4633,VIE - CDG,2025-08-29 13:05:00,2025-08-29 15:10:00,2024-11-25,-277,CANCELLED,2,189,189,,,0,0.0,0.0,0.0,0,UNAVAILABLE
4596,AW3284,CDG - TLL,2025-08-29 13:25:00,2025-08-29 18:10:00,2024-11-25,-277,OPEN,2,189,189,X,82.0,3,390.0,191.22,0.02,3,SCHEDULED
5208,AW7645,OSL - CDG,2025-08-29 13:35:00,2025-08-29 17:05:00,2024-11-25,-278,OPEN,2,189,189,K,163.0,6,978.0,842.34,0.03,6,ACTIVATED
2348,AW3281,TLL - CDG,2025-08-29 14:50:00,2025-08-29 17:40:00,2024-11-25,-277,OPEN,2,186,186,K,269.0,0,0.0,0.0,0.0,0,SCHEDULED
4597,AW3558,CDG - HEL,2025-08-29 14:55:00,2025-08-29 19:15:00,2024-11-25,-277,OPEN,2,189,189,G,65.0,3,204.0,93.09,0.02,3,ACTIVATED
3949,AW4636,CDG - VIE,2025-08-29 14:55:00,2025-08-29 17:05:00,2024-11-25,-277,OPEN,2,189,189,T,66.0,1,39.0,6.61,0.01,1,ACTIVATED
2359,AW7648,CDG - OSL,2025-08-29 16:25:00,2025-08-29 18:05:00,2024-11-25,-277,OPEN,2,189,189,T,47.0,0,0.0,0.0,0.0,0,ACTIVATED
2357,AW4637,VIE - CDG,2025-08-29 17:55:00,2025-08-29 20:00:00,2024-11-25,-277,OPEN,2,189,189,V,124.0,0,0.0,0.0,0.0,0,ACTIVATED
2370,AW7649,OSL - CDG,2025-08-29 18:45:00,2025-08-29 22:15:00,2024-11-25,-278,OPEN,2,189,189,K,163.0,0,0.0,0.0,0.0,0,ACTIVATED
2350,AW3422,CDG - TLL,2025-08-29 19:00:00,2025-08-29 23:45:00,2024-11-25,-277,OPEN,2,186,186,R,78.0,0,0.0,0.0,0.0,0,SCHEDULED
4366,AW3285,TLL - CDG,2025-08-29 19:05:00,2025-08-29 21:55:00,2024-11-25,-277,OPEN,2,189,189,K,269.0,2,288.0,242.0,0.01,2,SCHEDULED
4865,AW3559,HEL - CDG,2025-08-29 20:00:00,2025-08-29 22:45:00,2024-11-25,-277,OPEN,2,189,189,V,272.0,4,1396.0,1308.2,0.02,4,ACTIVATED
2360,AW7664,CDG - OSL,2025-08-29 20:45:00,2025-08-29 22:25:00,2024-11-25,-277,OPEN,2,189,189,R,50.0,0,0.0,0.0,0.0,0,ACTIVATED
2363,AW4780,CDG - VIE,2025-08-29 21:10:00,2025-08-29 23:20:00,2024-11-25,-277,CANCELLED,2,189,189,,,0,0.0,0.0,0.0,0,UNAVAILABLE
2361,AW7668,CDG - OSL,2025-08-29 21:15:00,2025-08-29 22:55:00,2024-11-25,-277,OPEN,2,189,189,R,50.0,0,0.0,0.0,0.0,0,ACTIVATED
2391,AW7665,OSL - CDG,2025-08-30 05:55:00,2025-08-30 09:25:00,2024-11-25,-279,OPEN,2,189,189,X,120.0,0,0.0,0.0,0.0,0,ACTIVATED
2375,AW4781,VIE - CDG,2025-08-30 06:00:00,2025-08-30 08:05:00,2024-11-25,-278,CANCELLED,2,189,189,,,0,0.0,0.0,0.0,0,UNAVAILABLE
2368,AW4670,CDG - BUD,2025-08-30 06:15:00,2025-08-30 09:20:00,2024-11-25,-278,OPEN,2,186,96,T,52.0,0,0.0,0.0,0.0,0,SCHEDULED
4600,AW7669,OSL - CDG,2025-08-30 06:25:00,2025-08-30 09:55:00,2024-11-25,-279,OPEN,2,189,189,L,140.0,3,246.0,178.17,0.02,3,ACTIVATED
4866,AW3423,TLL - CDG,2025-08-30 06:45:00,2025-08-30 09:35:00,2024-11-25,-278,OPEN,2,186,186,K,269.0,4,576.0,484.0,0.02,4,SCHEDULED
2376,AW3550,CDG - HEL,2025-08-30 08:35:00,2025-08-30 12:55:00,2024-11-25,-278,OPEN,2,189,189,X,84.0,0,0.0,0.0,0.0,0,ACTIVATED
2364,AW3280,CDG - TLL,2025-08-30 09:00:00,2025-08-30 13:45:00,2024-11-25,-278,OPEN,2,189,189,L,85.0,0,0.0,0.0,0.0,0,SCHEDULED
5692,AW4671,BUD - CDG,2025-08-30 10:05:00,2025-08-30 15:00:00,2024-11-25,-279,OPEN,2,186,96,I,346.0,10,3523.0,3424.8,0.1,10,DEACTIVATED
2382,AW4636,CDG - VIE,2025-08-30 10:10:00,2025-08-30 12:20:00,2024-11-25,-278,CANCELLED,2,189,189,,,0,0.0,0.0,0.0,0,UNAVAILABLE
2366,AW3288,CDG - TLL,2025-08-30 10:15:00,2025-08-30 15:00:00,2024-11-25,-278,OPEN,2,186,186,L,85.0,0,0.0,0.0,0.0,0,SCHEDULED
2377,AW7644,CDG - OSL,2025-08-30 10:20:00,2025-08-30 12:00:00,2024-11-25,-278,OPEN,2,189,179,V,65.0,0,0.0,0.0,0.0,0,ACTIVATED
2389,AW7645,OSL - CDG,2025-08-30 12:40:00,2025-08-30 16:10:00,2024-11-25,-279,OPEN,2,189,179,H,230.0,0,0.0,0.0,0.0,0,ACTIVATED
2374,AW4637,VIE - CDG,2025-08-30 13:10:00,2025-08-30 15:15:00,2024-11-25,-278,CANCELLED,2,189,189,,,0,0.0,0.0,0.0,0,UNAVAILABLE
3950,AW4634,CDG - VIE,2025-08-30 13:35:00,2025-08-30 15:45:00,2024-11-25,-278,OPEN,2,189,189,R,75.0,1,51.0,18.61,0.01,1,ACTIVATED
4370,AW3551,HEL - CDG,2025-08-30 13:40:00,2025-08-30 16:25:00,2024-11-25,-278,OPEN,2,189,189,Q,296.0,2,578.0,534.1,0.01,2,ACTIVATED
2365,AW3281,TLL - CDG,2025-08-30 14:40:00,2025-08-30 17:30:00,2024-11-25,-278,OPEN,2,189,189,V,299.0,0,0.0,0.0,0.0,0,SCHEDULED
2379,AW7658,CDG - OSL,2025-08-30 15:20:00,2025-08-30 17:00:00,2024-11-25,-278,OPEN,2,189,189,X,53.0,0,0.0,0.0,0.0,0,ACTIVATED
5055,AW3289,TLL - CDG,2025-08-30 16:00:00,2025-08-30 18:50:00,2024-11-25,-278,OPEN,2,186,186,Q,331.0,5,1760.0,1645.0,0.03,5,SCHEDULED
2373,AW4635,VIE - CDG,2025-08-30 16:40:00,2025-08-30 18:45:00,2024-11-25,-278,OPEN,2,189,189,X,82.0,0,0.0,0.0,0.0,0,ACTIVATED
2378,AW7646,CDG - OSL,2025-08-30 16:45:00,2025-08-30 18:25:00,2024-11-25,-278,OPEN,2,186,186,X,53.0,0,0.0,0.0,0.0,0,ACTIVATED
4599,AW7659,OSL - CDG,2025-08-30 17:40:00,2025-08-30 21:10:00,2024-11-25,-279,OPEN,2,189,189,H,230.0,3,831.0,763.17,0.02,3,ACTIVATED
2367,AW3422,CDG - TLL,2025-08-30 19:00:00,2025-08-30 23:45:00,2024-11-25,-278,OPEN,2,186,186,R,78.0,0,0.0,0.0,0.0,0,SCHEDULED
2390,AW7647,OSL - CDG,2025-08-30 19:05:00,2025-08-30 22:35:00,2024-11-25,-279,OPEN,2,186,186,H,230.0,0,0.0,0.0,0.0,0,ACTIVATED
2380,AW7664,CDG - OSL,2025-08-30 20:45:00,2025-08-30 22:25:00,2024-11-25,-278,OPEN,2,189,189,T,47.0,0,0.0,0.0,0.0,0,ACTIVATED
2383,AW4780,CDG - VIE,2025-08-30 21:15:00,2025-08-30 23:25:00,2024-11-25,-278,CANCELLED,2,189,189,,,0,0.0,0.0,0.0,0,UNAVAILABLE
2381,AW7668,CDG - OSL,2025-08-30 21:15:00,2025-08-30 22:55:00,2024-11-25,-278,OPEN,2,189,189,T,47.0,0,0.0,0.0,0.0,0,ACTIVATED
2396,AW4781,VIE - CDG,2025-08-31 06:00:00,2025-08-31 08:05:00,2024-11-25,-279,CANCELLED,2,189,189,,,0,0.0,0.0,0.0,0,UNAVAILABLE
2413,AW7669,OSL - CDG,2025-08-31 06:00:00,2025-08-31 09:30:00,2024-11-25,-280,OPEN,2,189,189,V,185.0,0,0.0,0.0,0.0,0,ACTIVATED
2412,AW7665,OSL - CDG,2025-08-31 06:30:00,2025-08-31 10:00:00,2024-11-25,-280,OPEN,2,189,189,V,185.0,0,0.0,0.0,0.0,0,ACTIVATED
4867,AW3423,TLL - CDG,2025-08-31 07:00:00,2025-08-31 09:50:00,2024-11-25,-279,OPEN,2,186,186,K,269.0,4,576.0,484.0,0.02,4,SCHEDULED
2399,AW7640,CDG - OSL,2025-08-31 07:20:00,2025-08-31 09:00:00,2024-11-25,-279,OPEN,2,189,189,T,47.0,0,0.0,0.0,0.0,0,ACTIVATED
2384,AW3280,CDG - TLL,2025-08-31 08:05:00,2025-08-31 12:50:00,2024-11-25,-279,OPEN,2,189,189,L,85.0,0,0.0,0.0,0.0,0,SCHEDULED
4371,AW7641,OSL - CDG,2025-08-31 09:40:00,2025-08-31 13:10:00,2024-11-25,-280,OPEN,2,189,189,X,120.0,2,283.0,237.6,0.01,2,ACTIVATED
2401,AW7658,CDG - OSL,2025-08-31 10:20:00,2025-08-31 12:00:00,2024-11-25,-279,OPEN,2,189,189,T,47.0,0,0.0,0.0,0.0,0,ACTIVATED
2386,AW3288,CDG - TLL,2025-08-31 10:55:00,2025-08-31 15:40:00,2024-11-25,-279,OPEN,2,186,186,L,85.0,0,0.0,0.0,0.0,0,SCHEDULED
2404,AW4638,CDG - VIE,2025-08-31 10:55:00,2025-08-31 13:05:00,2024-11-25,-279,CANCELLED,2,189,189,,,0,0.0,0.0,0.0,0,UNAVAILABLE
2411,AW7659,OSL - CDG,2025-08-31 12:40:00,2025-08-31 16:10:00,2024-11-25,-280,OPEN,2,189,189,K,163.0,0,0.0,0.0,0.0,0,ACTIVATED
2385,AW3281,TLL - CDG,2025-08-31 13:45:00,2025-08-31 16:35:00,2024-11-25,-279,OPEN,2,189,189,V,299.0,0,0.0,0.0,0.0,0,SCHEDULED
2395,AW4639,VIE - CDG,2025-08-31 13:55:00,2025-08-31 16:00:00,2024-11-25,-279,CANCELLED,2,189,189,,,0,0.0,0.0,0.0,0,UNAVAILABLE
3951,AW4636,CDG - VIE,2025-08-31 14:35:00,2025-08-31 16:45:00,2024-11-25,-279,OPEN,2,189,189,T,66.0,1,86.0,53.61,0.01,1,ACTIVATED
2397,AW3556,CDG - HEL,2025-08-31 14:45:00,2025-08-31 19:05:00,2024-11-25,-279,OPEN,2,189,189,X,84.0,0,0.0,0.0,0.0,0,ACTIVATED
2398,AW3558,CDG - HEL,2025-08-31 15:00:00,2025-08-31 19:20:00,2024-11-25,-279,OPEN,2,189,189,X,84.0,0,0.0,0.0,0.0,0,ACTIVATED
2387,AW3289,TLL - CDG,2025-08-31 16:40:00,2025-08-31 19:30:00,2024-11-25,-279,OPEN,2,186,186,H,364.0,0,0.0,0.0,0.0,0,SCHEDULED
2400,AW7646,CDG - OSL,2025-08-31 16:45:00,2025-08-31 18:25:00,2024-11-25,-279,OPEN,2,189,189,X,53.0,0,0.0,0.0,0.0,0,ACTIVATED
2394,AW4637,VIE - CDG,2025-08-31 17:30:00,2025-08-31 19:35:00,2024-11-25,-279,OPEN,2,189,189,H,158.0,0,0.0,0.0,0.0,0,ACTIVATED
2388,AW3422,CDG - TLL,2025-08-31 19:00:00,2025-08-31 23:45:00,2024-11-25,-279,OPEN,2,186,186,R,78.0,0,0.0,0.0,0.0,0,SCHEDULED
2410,AW7647,OSL - CDG,2025-08-31 19:05:00,2025-08-31 22:35:00,2024-11-25,-280,OPEN,2,189,189,K,163.0,0,0.0,0.0,0.0,0,ACTIVATED
2392,AW3557,HEL - CDG,2025-08-31 19:50:00,2025-08-31 22:35:00,2024-11-25,-279,OPEN,2,189,189,H,321.0,0,0.0,0.0,0.0,0,ACTIVATED
2393,AW3559,HEL - CDG,2025-08-31 20:05:00,2025-08-31 22:50:00,2024-11-25,-279,OPEN,2,189,189,Q,296.0,0,0.0,0.0,0.0,0,ACTIVATED
2402,AW7664,CDG - OSL,2025-08-31 20:45:00,2025-08-31 22:25:00,2024-11-25,-279,OPEN,2,189,189,R,50.0,0,0.0,0.0,0.0,0,ACTIVATED
2403,AW7668,CDG - OSL,2025-08-31 21:15:00,2025-08-31 22:55:00,2024-11-25,-279,OPEN,2,189,189,R,50.0,0,0.0,0.0,0.0,0,ACTIVATED
2405,AW4780,CDG - VIE,2025-08-31 21:25:00,2025-08-31 23:35:00,2024-11-25,-279,CANCELLED,2,189,189,,,0,0.0,0.0,0.0,0,UNAVAILABLE
2437,AW7669,OSL - CDG,2025-09-01 05:55:00,2025-09-01 09:25:00,2024-11-25,-281,OPEN,2,189,189,K,163.0,0,0.0,0.0,0.0,0,ACTIVATED
2417,AW4781,VIE - CDG,2025-09-01 06:00:00,2025-09-01 08:05:00,2024-11-25,-280,CANCELLED,2,189,189,,,0,0.0,0.0,0.0,0,UNAVAILABLE
2436,AW7665,OSL - CDG,2025-09-01 06:30:00,2025-09-01 10:00:00,2024-11-25,-281,OPEN,2,189,189,K,163.0,0,0.0,0.0,0.0,0,ACTIVATED
2409,AW3423,TLL - CDG,2025-09-01 06:45:00,2025-09-01 09:35:00,2024-11-25,-280,OPEN,2,186,186,L,243.0,0,0.0,0.0,0.0,0,SCHEDULED
4372,AW7640,CDG - OSL,2025-09-01 07:15:00,2025-09-01 08:55:00,2024-11-25,-280,OPEN,2,189,189,R,50.0,2,76.0,11.22,0.01,2,ACTIVATED
2407,AW3284,CDG - TLL,2025-09-01 07:45:00,2025-09-01 12:30:00,2024-11-25,-280,OPEN,2,186,186,X,82.0,0,0.0,0.0,0.0,0,SCHEDULED
2418,AW3550,CDG - HEL,2025-09-01 08:20:00,2025-09-01 12:40:00,2024-11-25,-280,OPEN,2,189,189,K,100.0,0,0.0,0.0,0.0,0,ACTIVATED
2434,AW7641,OSL - CDG,2025-09-01 09:35:00,2025-09-01 13:05:00,2024-11-25,-281,OPEN,2,189,189,X,120.0,0,0.0,0.0,0.0,0,ACTIVATED
2424,AW4632,CDG - VIE,2025-09-01 10:05:00,2025-09-01 12:15:00,2024-11-25,-280,CANCELLED,2,189,189,,,0,0.0,0.0,0.0,0,UNAVAILABLE
3952,AW3280,CDG - TLL,2025-09-01 10:10:00,2025-09-01 14:55:00,2024-11-25,-280,OPEN,2,186,186,X,82.0,1,140.0,81.23,0.01,1,SCHEDULED
2420,AW7644,CDG - OSL,2025-09-01 11:10:00,2025-09-01 12:50:00,2024-11-25,-280,OPEN,2,189,189,R,50.0,0,0.0,0.0,0.0,0,ACTIVATED
2415,AW4633,VIE - CDG,2025-09-01 13:05:00,2025-09-01 15:10:00,2024-11-25,-280,CANCELLED,2,189,189,,,0,0.0,0.0,0.0,0,UNAVAILABLE
2414,AW3551,HEL - CDG,2025-09-01 13:25:00,2025-09-01 16:10:00,2024-11-25,-280,OPEN,2,189,189,K,249.0,0,0.0,0.0,0.0,0,ACTIVATED
2408,AW3285,TLL - CDG,2025-09-01 13:25:00,2025-09-01 16:15:00,2024-11-25,-280,OPEN,2,186,186,K,269.0,0,0.0,0.0,0.0,0,SCHEDULED
3954,AW7645,OSL - CDG,2025-09-01 13:35:00,2025-09-01 17:05:00,2024-11-25,-281,OPEN,2,189,171,X,120.0,1,120.0,97.39,0.01,1,ACTIVATED
2425,AW4634,CDG - VIE,2025-09-01 14:30:00,2025-09-01 16:40:00,2024-11-25,-280,OPEN,2,189,189,T,66.0,0,0.0,0.0,0.0,0,ACTIVATED
2419,AW3558,CDG - HEL,2025-09-01 14:55:00,2025-09-01 19:15:00,2024-11-25,-280,OPEN,2,189,189,K,100.0,0,0.0,0.0,0.0,0,ACTIVATED
2406,AW3281,TLL - CDG,2025-09-01 15:55:00,2025-09-01 18:45:00,2024-11-25,-280,OPEN,2,186,186,K,269.0,0,0.0,0.0,0.0,0,SCHEDULED
2421,AW7648,CDG - OSL,2025-09-01 16:50:00,2025-09-01 18:30:00,2024-11-25,-280,OPEN,2,189,189,T,47.0,0,0.0,0.0,0.0,0,ACTIVATED
2416,AW4635,VIE - CDG,2025-09-01 17:30:00,2025-09-01 19:35:00,2024-11-25,-280,OPEN,2,189,189,L,94.0,0,0.0,0.0,0.0,0,ACTIVATED
3953,AW3422,CDG - TLL,2025-09-01 19:00:00,2025-09-01 23:45:00,2024-11-25,-280,OPEN,2,186,186,X,82.0,1,167.0,108.23,0.01,1,SCHEDULED
2435,AW7649,OSL - CDG,2025-09-01 19:10:00,2025-09-01 22:40:00,2024-11-25,-281,OPEN,2,189,189,K,163.0,0,0.0,0.0,0.0,0,ACTIVATED
5056,AW3559,HEL - CDG,2025-09-01 20:00:00,2025-09-01 22:45:00,2024-11-25,-280,OPEN,2,189,189,R,181.0,5,964.0,854.25,0.03,5,ACTIVATED
2422,AW7664,CDG - OSL,2025-09-01 20:45:00,2025-09-01 22:25:00,2024-11-25,-280,OPEN,2,189,189,T,47.0,0,0.0,0.0,0.0,0,ACTIVATED
2423,AW7668,CDG - OSL,2025-09-01 21:15:00,2025-09-01 22:55:00,2024-11-25,-280,OPEN,2,189,189,T,47.0,0,0.0,0.0,0.0,0,ACTIVATED
2426,AW4780,CDG - VIE,2025-09-01 21:20:00,2025-09-01 23:30:00,2024-11-25,-280,CANCELLED,2,189,189,,,0,0.0,0.0,0.0,0,UNAVAILABLE
2441,AW4781,VIE - CDG,2025-09-02 06:00:00,2025-09-02 08:05:00,2024-11-25,-281,CANCELLED,2,189,189,,,0,0.0,0.0,0.0,0,UNAVAILABLE
2459,AW7669,OSL - CDG,2025-09-02 06:00:00,2025-09-02 09:30:00,2024-11-25,-282,OPEN,2,189,189,R,102.0,0,0.0,0.0,0.0,0,ACTIVATED
5916,AW4670,CDG - BUD,2025-09-02 06:15:00,2025-09-02 09:20:00,2024-11-25,-281,OPEN,2,186,99,Q,78.0,13,985.0,488.36,0.13,13,SCHEDULED
2458,AW7665,OSL - CDG,2025-09-02 06:30:00,2025-09-02 10:00:00,2024-11-25,-282,OPEN,2,189,189,R,102.0,0,0.0,0.0,0.0,0,ACTIVATED
2432,AW3423,TLL - CDG,2025-09-02 06:45:00,2025-09-02 09:35:00,2024-11-25,-281,OPEN,2,186,186,T,178.0,0,0.0,0.0,0.0,0,SCHEDULED
2442,AW7640,CDG - OSL,2025-09-02 07:15:00,2025-09-02 08:55:00,2024-11-25,-281,OPEN,2,189,136,R,50.0,0,0.0,0.0,0.0,0,ACTIVATED
6181,AW7641,OSL - CDG,2025-09-02 09:35:00,2025-09-02 13:05:00,2024-11-25,-282,OPEN,2,189,136,K,163.0,18,1836.0,1429.02,0.13,18,ACTIVATED
2429,AW3288,CDG - TLL,2025-09-02 09:50:00,2025-09-02 14:35:00,2024-11-25,-281,OPEN,2,186,186,X,82.0,0,0.0,0.0,0.0,0,SCHEDULED
2447,AW4632,CDG - VIE,2025-09-02 10:05:00,2025-09-02 12:15:00,2024-11-25,-281,CANCELLED,2,189,189,,,0,0.0,0.0,0.0,0,UNAVAILABLE
3955,AW4671,BUD - CDG,2025-09-02 10:05:00,2025-09-02 15:00:00,2024-11-25,-282,OPEN,2,186,99,X,174.0,1,283.0,273.18,0.01,1,DEACTIVATED
4868,AW3558,CDG - HEL,2025-09-02 11:30:00,2025-09-02 15:50:00,2024-11-25,-281,OPEN,2,189,189,K,100.0,4,364.78,221.48,0.02,4,ACTIVATED
2443,AW7644,CDG - OSL,2025-09-02 11:50:00,2025-09-02 13:30:00,2024-11-25,-281,OPEN,2,189,189,X,53.0,0,0.0,0.0,0.0,0,ACTIVATED
2439,AW4633,VIE - CDG,2025-09-02 13:05:00,2025-09-02 15:10:00,2024-11-25,-281,CANCELLED,2,189,189,,,0,0.0,0.0,0.0,0,UNAVAILABLE
3958,AW7645,OSL - CDG,2025-09-02 14:15:00,2025-09-02 17:45:00,2024-11-25,-282,OPEN,2,189,189,L,140.0,1,167.0,144.39,0.01,1,ACTIVATED
2427,AW3286,CDG - TLL,2025-09-02 14:20:00,2025-09-02 19:05:00,2024-11-25,-281,OPEN,2,186,186,X,82.0,0,0.0,0.0,0.0,0,SCHEDULED
2448,AW4636,CDG - VIE,2025-09-02 15:00:00,2025-09-02 17:10:00,2024-11-25,-281,OPEN,2,189,189,G,58.0,0,0.0,0.0,0.0,0,ACTIVATED
2430,AW3289,TLL - CDG,2025-09-02 15:35:00,2025-09-02 18:25:00,2024-11-25,-281,OPEN,2,186,186,R,198.0,0,0.0,0.0,0.0,0,SCHEDULED
2438,AW3559,HEL - CDG,2025-09-02 16:35:00,2025-09-02 19:20:00,2024-11-25,-281,OPEN,2,189,189,Q,296.0,0,0.0,0.0,0.0,0,ACTIVATED
2444,AW7648,CDG - OSL,2025-09-02 16:45:00,2025-09-02 18:25:00,2024-11-25,-281,OPEN,2,189,189,X,53.0,0,0.0,0.0,0.0,0,ACTIVATED
2440,AW4637,VIE - CDG,2025-09-02 18:00:00,2025-09-02 20:05:00,2024-11-25,-281,OPEN,2,189,189,T,60.0,0,0.0,0.0,0.0,0,ACTIVATED
2431,AW3422,CDG - TLL,2025-09-02 19:00:00,2025-09-02 23:45:00,2024-11-25,-281,OPEN,2,186,186,X,82.0,0,0.0,0.0,0.0,0,SCHEDULED
2457,AW7649,OSL - CDG,2025-09-02 19:05:00,2025-09-02 22:35:00,2024-11-25,-282,OPEN,2,189,189,R,102.0,0,0.0,0.0,0.0,0,ACTIVATED
2428,AW3287,TLL - CDG,2025-09-02 20:00:00,2025-09-02 22:50:00,2024-11-25,-281,OPEN,2,186,186,R,198.0,0,0.0,0.0,0.0,0,SCHEDULED
2445,AW7664,CDG - OSL,2025-09-02 20:45:00,2025-09-02 22:25:00,2024-11-25,-281,OPEN,2,189,189,R,50.0,0,0.0,0.0,0.0,0,ACTIVATED
2446,AW7668,CDG - OSL,2025-09-02 21:15:00,2025-09-02 22:55:00,2024-11-25,-281,OPEN,2,189,189,R,50.0,0,0.0,0.0,0.0,0,ACTIVATED
2449,AW4780,CDG - VIE,2025-09-02 21:20:00,2025-09-02 23:30:00,2024-11-25,-281,CANCELLED,2,189,189,,,0,0.0,0.0,0.0,0,UNAVAILABLE
2433,AW3410,CDG - TLL,2025-09-02 22:40:00,2025-09-03 03:25:00,2024-11-25,-281,OPEN,2,189,189,X,82.0,0,0.0,0.0,0.0,0,SCHEDULED
2454,AW3411,TLL - CDG,2025-09-03 04:20:00,2025-09-03 07:10:00,2024-11-25,-282,OPEN,2,189,189,G,162.0,0,0.0,0.0,0.0,0,SCHEDULED
2484,AW7665,OSL - CDG,2025-09-03 06:00:00,2025-09-03 09:30:00,2024-11-25,-283,OPEN,2,189,189,T,85.0,0,0.0,0.0,0.0,0,ACTIVATED
2462,AW4781,VIE - CDG,2025-09-03 06:15:00,2025-09-03 08:20:00,2024-11-25,-282,CANCELLED,2,189,189,,,0,0.0,0.0,0.0,0,UNAVAILABLE
2485,AW7669,OSL - CDG,2025-09-03 06:30:00,2025-09-03 10:00:00,2024-11-25,-283,OPEN,2,189,189,T,85.0,0,0.0,0.0,0.0,0,ACTIVATED
2456,AW3423,TLL - CDG,2025-09-03 06:45:00,2025-09-03 09:35:00,2024-11-25,-282,OPEN,2,186,186,T,178.0,0,0.0,0.0,0.0,0,SCHEDULED
2465,AW7640,CDG - OSL,2025-09-03 07:15:00,2025-09-03 08:55:00,2024-11-25,-282,OPEN,2,186,186,T,47.0,0,0.0,0.0,0.0,0,ACTIVATED
2463,AW3550,CDG - HEL,2025-09-03 08:30:00,2025-09-03 12:50:00,2024-11-25,-282,OPEN,2,189,189,K,100.0,0,0.0,0.0,0.0,0,ACTIVATED
2482,AW7641,OSL - CDG,2025-09-03 09:35:00,2025-09-03 13:05:00,2024-11-25,-283,OPEN,2,186,186,T,85.0,0,0.0,0.0,0.0,0,ACTIVATED
2450,AW3284,CDG - TLL,2025-09-03 10:05:00,2025-09-03 14:50:00,2024-11-25,-282,OPEN,2,189,189,X,82.0,0,0.0,0.0,0.0,0,SCHEDULED
2470,AW4632,CDG - VIE,2025-09-03 10:15:00,2025-09-03 12:25:00,2024-11-25,-282,CANCELLED,2,189,189,,,0,0.0,0.0,0.0,0,UNAVAILABLE
2452,AW3288,CDG - TLL,2025-09-03 10:55:00,2025-09-03 15:40:00,2024-11-25,-282,OPEN,2,186,186,X,82.0,0,0.0,0.0,0.0,0,SCHEDULED
2466,AW7644,CDG - OSL,2025-09-03 11:50:00,2025-09-03 13:30:00,2024-11-25,-282,OPEN,2,189,189,K,60.0,0,0.0,0.0,0.0,0,ACTIVATED
2461,AW4633,VIE - CDG,2025-09-03 13:15:00,2025-09-03 15:20:00,2024-11-25,-282,CANCELLED,2,189,189,,,0,0.0,0.0,0.0,0,UNAVAILABLE
4373,AW3551,HEL - CDG,2025-09-03 13:35:00,2025-09-03 16:20:00,2024-11-25,-282,OPEN,2,189,189,Q,296.0,2,768.0,724.1,0.01,2,ACTIVATED
3960,AW7645,OSL - CDG,2025-09-03 14:10:00,2025-09-03 17:40:00,2024-11-25,-283,OPEN,2,189,189,R,102.0,1,120.0,97.39,0.01,1,ACTIVATED
2464,AW3558,CDG - HEL,2025-09-03 14:20:00,2025-09-03 18:40:00,2024-11-25,-282,OPEN,2,189,189,K,100.0,0,0.0,0.0,0.0,0,ACTIVATED
3957,AW3286,CDG - TLL,2025-09-03 14:20:00,2025-09-03 19:05:00,2024-11-25,-282,OPEN,2,186,186,X,82.0,1,286.0,227.23,0.01,1,SCHEDULED
2471,AW4636,CDG - VIE,2025-09-03 14:40:00,2025-09-03 16:50:00,2024-11-25,-282,OPEN,2,189,189,T,66.0,0,0.0,0.0,0.0,0,ACTIVATED
3956,AW3285,TLL - CDG,2025-09-03 15:45:00,2025-09-03 18:35:00,2024-11-25,-282,OPEN,2,189,189,T,178.0,1,162.0,139.0,0.01,1,SCHEDULED
2453,AW3289,TLL - CDG,2025-09-03 16:40:00,2025-09-03 19:30:00,2024-11-25,-282,OPEN,2,186,186,R,198.0,0,0.0,0.0,0.0,0,SCHEDULED
2467,AW7646,CDG - OSL,2025-09-03 16:45:00,2025-09-03 18:25:00,2024-11-25,-282,OPEN,2,189,189,R,50.0,0,0.0,0.0,0.0,0,ACTIVATED
4601,AW4637,VIE - CDG,2025-09-03 17:40:00,2025-09-03 19:45:00,2024-11-25,-282,OPEN,2,189,189,R,70.0,3,359.0,302.6,0.02,3,ACTIVATED
2455,AW3422,CDG - TLL,2025-09-03 19:00:00,2025-09-03 23:45:00,2024-11-25,-282,OPEN,2,186,186,X,82.0,0,0.0,0.0,0.0,0,SCHEDULED
2483,AW7647,OSL - CDG,2025-09-03 19:10:00,2025-09-03 22:40:00,2024-11-25,-283,OPEN,2,189,189,T,85.0,0,0.0,0.0,0.0,0,ACTIVATED
2460,AW3559,HEL - CDG,2025-09-03 19:25:00,2025-09-03 22:10:00,2024-11-25,-282,OPEN,2,189,189,Q,296.0,0,0.0,0.0,0.0,0,ACTIVATED
2451,AW3287,TLL - CDG,2025-09-03 20:00:00,2025-09-03 22:50:00,2024-11-25,-282,OPEN,2,186,186,R,198.0,0,0.0,0.0,0.0,0,SCHEDULED
2468,AW7664,CDG - OSL,2025-09-03 20:45:00,2025-09-03 22:25:00,2024-11-25,-282,OPEN,2,189,189,R,50.0,0,0.0,0.0,0.0,0,ACTIVATED
2469,AW7668,CDG - OSL,2025-09-03 21:15:00,2025-09-03 22:55:00,2024-11-25,-282,OPEN,2,189,189,R,50.0,0,0.0,0.0,0.0,0,ACTIVATED
2472,AW4780,CDG - VIE,2025-09-03 21:20:00,2025-09-03 23:30:00,2024-11-25,-282,CANCELLED,2,189,189,,,0,0.0,0.0,0.0,0,UNAVAILABLE
2495,AW7665,OSL - CDG,2025-09-04 06:00:00,2025-09-04 09:30:00,2024-11-25,-284,OPEN,2,189,189,V,128.0,0,0.0,0.0,0.0,0,ACTIVATED
2478,AW4781,VIE - CDG,2025-09-04 06:00:00,2025-09-04 08:05:00,2024-11-25,-283,CANCELLED,2,189,189,,,0,0.0,0.0,0.0,0,UNAVAILABLE
2496,AW7669,OSL - CDG,2025-09-04 06:30:00,2025-09-04 10:00:00,2024-11-25,-284,OPEN,2,189,189,V,128.0,0,0.0,0.0,0.0,0,ACTIVATED
2475,AW3423,TLL - CDG,2025-09-04 06:45:00,2025-09-04 09:35:00,2024-11-25,-283,OPEN,2,186,186,K,144.0,0,0.0,0.0,0.0,0,SCHEDULED
2486,AW7640,CDG - OSL,2025-09-04 07:15:00,2025-09-04 08:55:00,2024-11-25,-283,OPEN,2,186,186,L,56.0,0,0.0,0.0,0.0,0,ACTIVATED
2481,AW3550,CDG - HEL,2025-09-04 08:05:00,2025-09-04 12:30:00,2024-11-25,-283,CANCELLED,2,189,189,,,0,0.0,0.0,0.0,0,UNAVAILABLE
2494,AW7641,OSL - CDG,2025-09-04 09:35:00,2025-09-04 13:05:00,2024-11-25,-284,OPEN,2,186,186,X,82.0,0,0.0,0.0,0.0,0,ACTIVATED
2491,AW4632,CDG - VIE,2025-09-04 09:45:00,2025-09-04 11:55:00,2024-11-25,-283,CANCELLED,2,189,189,,,0,0.0,0.0,0.0,0,UNAVAILABLE
4374,AW4670,CDG - BUD,2025-09-04 10:05:00,2025-09-04 13:10:00,2024-11-25,-283,OPEN,2,189,99,X,59.0,2,156.0,77.48,0.02,2,SCHEDULED
2474,AW3288,CDG - TLL,2025-09-04 11:25:00,2025-09-04 16:10:00,2024-11-25,-283,OPEN,2,186,186,X,82.0,0,0.0,0.0,0.0,0,SCHEDULED
2487,AW7644,CDG - OSL,2025-09-04 11:50:00,2025-09-04 13:30:00,2024-11-25,-283,OPEN,2,189,189,V,65.0,0,0.0,0.0,0.0,0,ACTIVATED
2476,AW4633,VIE - CDG,2025-09-04 12:45:00,2025-09-04 14:50:00,2024-11-25,-283,CANCELLED,2,189,189,,,0,0.0,0.0,0.0,0,UNAVAILABLE
2480,AW3551,HEL - CDG,2025-09-04 13:15:00,2025-09-04 16:00:00,2024-11-25,-283,CANCELLED,2,189,189,,,0,0.0,0.0,0.0,0,UNAVAILABLE
5209,AW4671,BUD - CDG,2025-09-04 13:55:00,2025-09-04 18:50:00,2024-11-25,-284,OPEN,2,189,99,K,114.0,6,678.0,619.08,0.06,6,DEACTIVATED
4376,AW7645,OSL - CDG,2025-09-04 14:15:00,2025-09-04 17:45:00,2024-11-25,-284,OPEN,2,189,189,X,82.0,2,222.0,176.78,0.01,2,ACTIVATED
2492,AW4636,CDG - VIE,2025-09-04 14:30:00,2025-09-04 16:40:00,2024-11-25,-283,OPEN,2,189,189,R,75.0,0,0.0,0.0,0.0,0,ACTIVATED
4375,AW3556,CDG - HEL,2025-09-04 15:00:00,2025-09-04 19:20:00,2024-11-25,-283,OPEN,2,189,189,K,100.0,2,330.0,251.48,0.01,2,ACTIVATED
2488,AW7646,CDG - OSL,2025-09-04 15:20:00,2025-09-04 17:00:00,2024-11-25,-283,OPEN,2,189,189,V,65.0,0,0.0,0.0,0.0,0,ACTIVATED
5593,AW3289,TLL - CDG,2025-09-04 17:10:00,2025-09-04 20:00:00,2024-11-25,-283,OPEN,2,186,186,V,165.0,9,1436.0,1229.0,0.05,9,SCHEDULED
2477,AW4637,VIE - CDG,2025-09-04 17:30:00,2025-09-04 19:35:00,2024-11-25,-283,OPEN,2,189,189,T,60.0,0,0.0,0.0,0.0,0,ACTIVATED
3961,AW7647,OSL - CDG,2025-09-04 17:40:00,2025-09-04 21:10:00,2024-11-25,-284,OPEN,2,189,189,L,96.0,1,82.0,59.39,0.01,1,ACTIVATED
3959,AW3422,CDG - TLL,2025-09-04 19:00:00,2025-09-04 23:45:00,2024-11-25,-283,OPEN,2,186,186,X,82.0,1,179.0,112.74,0.01,1,SCHEDULED
2473,AW3557,HEL - CDG,2025-09-04 20:05:00,2025-09-04 22:50:00,2024-11-25,-283,OPEN,2,189,189,Q,178.0,0,0.0,0.0,0.0,0,ACTIVATED
2489,AW7664,CDG - OSL,2025-09-04 20:45:00,2025-09-04 22:25:00,2024-11-25,-283,OPEN,2,189,189,X,53.0,0,0.0,0.0,0.0,0,ACTIVATED
2490,AW7668,CDG - OSL,2025-09-04 21:15:00,2025-09-04 22:55:00,2024-11-25,-283,OPEN,2,189,189,X,53.0,0,0.0,0.0,0.0,0,ACTIVATED
2493,AW4780,CDG - VIE,2025-09-04 21:15:00,2025-09-04 23:25:00,2024-11-25,-283,CANCELLED,2,189,189,,,0,0.0,0.0,0.0,0,UNAVAILABLE
2479,AW3410,CDG - TLL,2025-09-04 22:40:00,2025-09-05 03:25:00,2024-11-25,-283,OPEN,2,189,189,X,82.0,0,0.0,0.0,0.0,0,SCHEDULED
2502,AW3411,TLL - CDG,2025-09-05 04:20:00,2025-09-05 07:10:00,2024-11-25,-284,OPEN,2,189,189,K,144.0,0,0.0,0.0,0.0,0,SCHEDULED
2515,AW7665,OSL - CDG,2025-09-05 06:00:00,2025-09-05 09:30:00,2024-11-25,-285,OPEN,2,189,189,X,82.0,0,0.0,0.0,0.0,0,ACTIVATED
2516,AW7669,OSL - CDG,2025-09-05 06:30:00,2025-09-05 10:00:00,2024-11-25,-285,OPEN,2,189,189,X,82.0,0,0.0,0.0,0.0,0,ACTIVATED
2504,AW3423,TLL - CDG,2025-09-05 06:35:00,2025-09-05 09:25:00,2024-11-25,-284,OPEN,2,186,186,K,144.0,0,0.0,0.0,0.0,0,SCHEDULED
2506,AW4781,VIE - CDG,2025-09-05 06:55:00,2025-09-05 09:00:00,2024-11-25,-284,CANCELLED,2,189,189,,,0,0.0,0.0,0.0,0,UNAVAILABLE
2509,AW7640,CDG - OSL,2025-09-05 07:20:00,2025-09-05 09:00:00,2024-11-25,-284,OPEN,2,186,186,V,65.0,0,0.0,0.0,0.0,0,ACTIVATED
2507,AW3550,CDG - HEL,2025-09-05 07:30:00,2025-09-05 11:50:00,2024-11-25,-284,OPEN,2,189,169,K,100.0,0,0.0,0.0,0.0,0,ACTIVATED
2498,AW3280,CDG - TLL,2025-09-05 09:05:00,2025-09-05 13:50:00,2024-11-25,-284,OPEN,2,186,186,K,89.0,0,0.0,0.0,0.0,0,SCHEDULED
4377,AW7641,OSL - CDG,2025-09-05 09:40:00,2025-09-05 13:10:00,2024-11-25,-285,OPEN,2,186,186,L,96.0,2,111.22,66.0,0.01,2,ACTIVATED
2512,AW4632,CDG - VIE,2025-09-05 10:05:00,2025-09-05 12:15:00,2024-11-25,-284,CANCELLED,2,189,189,,,0,0.0,0.0,0.0,0,UNAVAILABLE
2510,AW7644,CDG - OSL,2025-09-05 11:10:00,2025-09-05 12:50:00,2024-11-25,-284,OPEN,2,189,189,V,65.0,0,0.0,0.0,0.0,0,ACTIVATED
4869,AW3551,HEL - CDG,2025-09-05 12:35:00,2025-09-05 15:20:00,2024-11-25,-284,OPEN,2,189,169,H,197.0,4,750.0,662.2,0.02,4,ACTIVATED
2505,AW4633,VIE - CDG,2025-09-05 13:05:00,2025-09-05 15:10:00,2024-11-25,-284,CANCELLED,2,189,189,,,0,0.0,0.0,0.0,0,UNAVAILABLE
2500,AW3284,CDG - TLL,2025-09-05 13:25:00,2025-09-05 18:10:00,2024-11-25,-284,OPEN,2,189,189,K,89.0,0,0.0,0.0,0.0,0,SCHEDULED
5057,AW7645,OSL - CDG,2025-09-05 13:35:00,2025-09-05 17:05:00,2024-11-25,-285,OPEN,2,189,189,K,111.0,5,278.05,165.0,0.03,5,ACTIVATED
2499,AW3281,TLL - CDG,2025-09-05 14:50:00,2025-09-05 17:40:00,2024-11-25,-284,OPEN,2,186,186,Q,188.0,0,0.0,0.0,0.0,0,SCHEDULED
2513,AW4636,CDG - VIE,2025-09-05 14:55:00,2025-09-05 17:05:00,2024-11-25,-284,OPEN,2,189,189,L,97.0,0,0.0,0.0,0.0,0,ACTIVATED
2508,AW3558,CDG - HEL,2025-09-05 14:55:00,2025-09-05 19:15:00,2024-11-25,-284,OPEN,2,189,189,K,100.0,0,0.0,0.0,0.0,0,ACTIVATED
2511,AW7648,CDG - OSL,2025-09-05 16:25:00,2025-09-05 18:05:00,2024-11-25,-284,OPEN,2,189,189,K,60.0,0,0.0,0.0,0.0,0,ACTIVATED
3962,AW4637,VIE - CDG,2025-09-05 17:55:00,2025-09-05 20:00:00,2024-11-25,-284,OPEN,2,189,189,T,60.0,1,158.0,139.2,0.01,1,ACTIVATED
3963,AW7649,OSL - CDG,2025-09-05 18:45:00,2025-09-05 22:15:00,2024-11-25,-285,OPEN,2,189,189,X,82.0,1,96.0,73.39,0.01,1,ACTIVATED
2503,AW3422,CDG - TLL,2025-09-05 19:00:00,2025-09-05 23:45:00,2024-11-25,-284,OPEN,2,186,186,X,82.0,0,0.0,0.0,0.0,0,SCHEDULED
2501,AW3285,TLL - CDG,2025-09-05 19:05:00,2025-09-05 21:55:00,2024-11-25,-284,OPEN,2,189,189,Q,188.0,0,0.0,0.0,0.0,0,SCHEDULED
2497,AW3559,HEL - CDG,2025-09-05 20:00:00,2025-09-05 22:45:00,2024-11-25,-284,OPEN,2,189,189,H,197.0,0,0.0,0.0,0.0,0,ACTIVATED
6094,AW7664,CDG - OSL,2025-09-05 20:45:00,2025-09-05 22:25:00,2024-11-25,-284,OPEN,2,189,189,Q,71.0,16,958.0,439.76,0.08,16,ACTIVATED
2514,AW4780,CDG - VIE,2025-09-05 21:10:00,2025-09-05 23:20:00,2024-11-25,-284,CANCELLED,2,189,189,,,0,0.0,0.0,0.0,0,UNAVAILABLE
5480,AW7668,CDG - OSL,2025-09-05 21:15:00,2025-09-05 22:55:00,2024-11-25,-284,OPEN,2,189,189,V,65.0,8,468.52,154.44,0.04,8,ACTIVATED
2535,AW7665,OSL - CDG,2025-09-06 05:55:00,2025-09-06 09:25:00,2024-11-25,-286,OPEN,2,189,189,X,82.0,0,0.0,0.0,0.0,0,ACTIVATED
2525,AW4781,VIE - CDG,2025-09-06 06:00:00,2025-09-06 08:05:00,2024-11-25,-285,CANCELLED,2,189,189,,,0,0.0,0.0,0.0,0,UNAVAILABLE
4379,AW4670,CDG - BUD,2025-09-06 06:15:00,2025-09-06 09:20:00,2024-11-25,-285,OPEN,2,186,96,L,62.0,2,124.0,45.48,0.02,2,SCHEDULED
2536,AW7669,OSL - CDG,2025-09-06 06:25:00,2025-09-06 09:55:00,2024-11-25,-286,OPEN,2,189,189,X,82.0,0,0.0,0.0,0.0,0,ACTIVATED
2522,AW3423,TLL - CDG,2025-09-06 06:45:00,2025-09-06 09:35:00,2024-11-25,-285,OPEN,2,186,186,V,165.0,0,0.0,0.0,0.0,0,SCHEDULED
4380,AW3550,CDG - HEL,2025-09-06 08:35:00,2025-09-06 12:55:00,2024-11-25,-285,OPEN,2,189,189,K,100.0,2,330.0,251.48,0.01,2,ACTIVATED
2517,AW3280,CDG - TLL,2025-09-06 09:00:00,2025-09-06 13:45:00,2024-11-25,-285,OPEN,2,189,189,V,94.0,0,0.0,0.0,0.0,0,SCHEDULED
5058,AW4671,BUD - CDG,2025-09-06 10:05:00,2025-09-06 15:00:00,2024-11-25,-286,OPEN,2,186,96,Q,152.0,5,316.64,267.54,0.05,5,DEACTIVATED
2532,AW4636,CDG - VIE,2025-09-06 10:10:00,2025-09-06 12:20:00,2024-11-25,-285,CANCELLED,2,189,189,,,0,0.0,0.0,0.0,0,UNAVAILABLE
2519,AW3288,CDG - TLL,2025-09-06 10:15:00,2025-09-06 15:00:00,2024-11-25,-285,OPEN,2,186,186,V,94.0,0,0.0,0.0,0.0,0,SCHEDULED
2526,AW7644,CDG - OSL,2025-09-06 10:20:00,2025-09-06 12:00:00,2024-11-25,-285,OPEN,2,189,179,V,65.0,0,0.0,0.0,0.0,0,ACTIVATED
3964,AW7645,OSL - CDG,2025-09-06 12:40:00,2025-09-06 16:10:00,2024-11-25,-286,OPEN,2,189,179,X,82.0,1,82.0,59.39,0.01,1,ACTIVATED
2524,AW4637,VIE - CDG,2025-09-06 13:10:00,2025-09-06 15:15:00,2024-11-25,-285,CANCELLED,2,189,189,,,0,0.0,0.0,0.0,0,UNAVAILABLE
2531,AW4634,CDG - VIE,2025-09-06 13:35:00,2025-09-06 15:45:00,2024-11-25,-285,OPEN,2,189,189,K,110.0,0,0.0,0.0,0.0,0,ACTIVATED
4378,AW3551,HEL - CDG,2025-09-06 13:40:00,2025-09-06 16:25:00,2024-11-25,-285,OPEN,2,189,189,M,217.0,2,434.0,390.1,0.01,2,ACTIVATED
2518,AW3281,TLL - CDG,2025-09-06 14:40:00,2025-09-06 17:30:00,2024-11-25,-285,OPEN,2,189,189,V,165.0,0,0.0,0.0,0.0,0,SCHEDULED
2528,AW7658,CDG - OSL,2025-09-06 15:20:00,2025-09-06 17:00:00,2024-11-25,-285,OPEN,2,189,189,V,65.0,0,0.0,0.0,0.0,0,ACTIVATED
2520,AW3289,TLL - CDG,2025-09-06 16:00:00,2025-09-06 18:50:00,2024-11-25,-285,OPEN,2,186,186,V,165.0,0,0.0,0.0,0.0,0,SCHEDULED
2523,AW4635,VIE - CDG,2025-09-06 16:40:00,2025-09-06 18:45:00,2024-11-25,-285,OPEN,2,189,189,T,60.0,0,0.0,0.0,0.0,0,ACTIVATED
2527,AW7646,CDG - OSL,2025-09-06 16:45:00,2025-09-06 18:25:00,2024-11-25,-285,OPEN,2,186,186,V,65.0,0,0.0,0.0,0.0,0,ACTIVATED
3965,AW7659,OSL - CDG,2025-09-06 17:40:00,2025-09-06 21:10:00,2024-11-25,-286,OPEN,2,189,189,L,96.0,1,111.0,88.39,0.01,1,ACTIVATED
2521,AW3422,CDG - TLL,2025-09-06 19:00:00,2025-09-06 23:45:00,2024-11-25,-285,OPEN,2,186,186,X,82.0,0,0.0,0.0,0.0,0,SCHEDULED
2534,AW7647,OSL - CDG,2025-09-06 19:05:00,2025-09-06 22:35:00,2024-11-25,-286,OPEN,2,186,186,X,82.0,0,0.0,0.0,0.0,0,ACTIVATED
2529,AW7664,CDG - OSL,2025-09-06 20:45:00,2025-09-06 22:25:00,2024-11-25,-285,OPEN,2,189,189,V,65.0,0,0.0,0.0,0.0,0,ACTIVATED
2530,AW7668,CDG - OSL,2025-09-06 21:15:00,2025-09-06 22:55:00,2024-11-25,-285,OPEN,2,189,189,V,65.0,0,0.0,0.0,0.0,0,ACTIVATED
2533,AW4780,CDG - VIE,2025-09-06 21:15:00,2025-09-06 23:25:00,2024-11-25,-285,CANCELLED,2,189,189,,,0,0.0,0.0,0.0,0,UNAVAILABLE
2556,AW7669,OSL - CDG,2025-09-07 06:00:00,2025-09-07 09:30:00,2024-11-25,-287,OPEN,2,189,189,X,82.0,0,0.0,0.0,0.0,0,ACTIVATED
2543,AW4781,VIE - CDG,2025-09-07 06:00:00,2025-09-07 08:05:00,2024-11-25,-286,CANCELLED,2,189,189,,,0,0.0,0.0,0.0,0,UNAVAILABLE
2555,AW7665,OSL - CDG,2025-09-07 06:30:00,2025-09-07 10:00:00,2024-11-25,-287,OPEN,2,189,189,X,82.0,0,0.0,0.0,0.0,0,ACTIVATED
2541,AW3423,TLL - CDG,2025-09-07 07:00:00,2025-09-07 09:50:00,2024-11-25,-286,OPEN,2,186,186,V,165.0,0,0.0,0.0,0.0,0,SCHEDULED
2546,AW7640,CDG - OSL,2025-09-07 07:20:00,2025-09-07 09:00:00,2024-11-25,-286,OPEN,2,189,189,V,65.0,0,0.0,0.0,0.0,0,ACTIVATED
2537,AW3280,CDG - TLL,2025-09-07 08:05:00,2025-09-07 12:50:00,2024-11-25,-286,OPEN,2,189,189,V,94.0,0,0.0,0.0,0.0,0,SCHEDULED
4383,AW7641,OSL - CDG,2025-09-07 09:40:00,2025-09-07 13:10:00,2024-11-25,-287,OPEN,2,189,189,X,82.0,2,164.0,118.78,0.01,2,ACTIVATED
2548,AW7658,CDG - OSL,2025-09-07 10:20:00,2025-09-07 12:00:00,2024-11-25,-286,OPEN,2,189,189,V,65.0,0,0.0,0.0,0.0,0,ACTIVATED
2538,AW3288,CDG - TLL,2025-09-07 10:55:00,2025-09-07 15:40:00,2024-11-25,-286,OPEN,2,186,186,V,94.0,0,0.0,0.0,0.0,0,SCHEDULED
2552,AW4638,CDG - VIE,2025-09-07 10:55:00,2025-09-07 13:05:00,2024-11-25,-286,CANCELLED,2,189,189,,,0,0.0,0.0,0.0,0,UNAVAILABLE
2554,AW7659,OSL - CDG,2025-09-07 12:40:00,2025-09-07 16:10:00,2024-11-25,-287,OPEN,2,189,189,V,128.0,0,0.0,0.0,0.0,0,ACTIVATED
3966,AW3281,TLL - CDG,2025-09-07 13:45:00,2025-09-07 16:35:00,2024-11-25,-286,OPEN,2,189,189,V,165.0,1,165.0,142.0,0.01,1,SCHEDULED
2542,AW4639,VIE - CDG,2025-09-07 13:55:00,2025-09-07 16:00:00,2024-11-25,-286,CANCELLED,2,189,189,,,0,0.0,0.0,0.0,0,UNAVAILABLE
2551,AW4636,CDG - VIE,2025-09-07 14:35:00,2025-09-07 16:45:00,2024-11-25,-286,OPEN,2,189,189,K,110.0,0,0.0,0.0,0.0,0,ACTIVATED
2544,AW3556,CDG - HEL,2025-09-07 14:45:00,2025-09-07 19:05:00,2024-11-25,-286,OPEN,2,189,189,Q,117.0,0,0.0,0.0,0.0,0,ACTIVATED
2545,AW3558,CDG - HEL,2025-09-07 15:00:00,2025-09-07 19:20:00,2024-11-25,-286,OPEN,2,189,189,Q,117.0,0,0.0,0.0,0.0,0,ACTIVATED
2539,AW3289,TLL - CDG,2025-09-07 16:40:00,2025-09-07 19:30:00,2024-11-25,-286,OPEN,2,186,186,V,165.0,0,0.0,0.0,0.0,0,SCHEDULED
2547,AW7646,CDG - OSL,2025-09-07 16:45:00,2025-09-07 18:25:00,2024-11-25,-286,OPEN,2,189,189,Q,71.0,0,0.0,0.0,0.0,0,ACTIVATED
3967,AW4637,VIE - CDG,2025-09-07 17:30:00,2025-09-07 19:35:00,2024-11-25,-286,OPEN,2,189,189,X,82.0,1,60.0,41.2,0.01,1,ACTIVATED
2540,AW3422,CDG - TLL,2025-09-07 19:00:00,2025-09-07 23:45:00,2024-11-25,-286,OPEN,2,186,186,X,82.0,0,0.0,0.0,0.0,0,SCHEDULED
4870,AW7647,OSL - CDG,2025-09-07 19:05:00,2025-09-07 22:35:00,2024-11-25,-287,OPEN,2,189,189,Q,147.0,4,301.22,210.78,0.02,4,ACTIVATED
4381,AW3557,HEL - CDG,2025-09-07 19:50:00,2025-09-07 22:35:00,2024-11-25,-286,OPEN,2,189,189,H,197.0,2,452.0,408.1,0.01,2,ACTIVATED
4382,AW3559,HEL - CDG,2025-09-07 20:05:00,2025-09-07 22:50:00,2024-11-25,-286,OPEN,2,189,189,H,197.0,2,452.0,408.1,0.01,2,ACTIVATED
2549,AW7664,CDG - OSL,2025-09-07 20:45:00,2025-09-07 22:25:00,2024-11-25,-286,OPEN,2,189,189,V,65.0,0,0.0,0.0,0.0,0,ACTIVATED
2550,AW7668,CDG - OSL,2025-09-07 21:15:00,2025-09-07 22:55:00,2024-11-25,-286,OPEN,2,189,189,V,65.0,0,0.0,0.0,0.0,0,ACTIVATED
2553,AW4780,CDG - VIE,2025-09-07 21:25:00,2025-09-07 23:35:00,2024-11-25,-286,CANCELLED,2,189,189,,,0,0.0,0.0,0.0,0,UNAVAILABLE
